x0,x1,x2,x3,x4,x5,x6,x7,x8,x9,x10,x11,x12,x13,x14,x15,x16,x17,x18,x19,x20,y0,y1,y2,y3,y4,y5,y6,y7,y8,y9,y10,y11,y12,y13,y14,y15,y16,y17,y18,y19,y20,z0,z1,z2,z3,z4,z5,z6,z7,z8,z9,z10,z11,z12,z13,z14,z15,z16,z17,z18,z19,z20,gesture
0.2656973898410797,0.5381419658660889,-2.234039016002498e-07,0.30639559030532837,0.5248141288757324,-0.017878228798508644,0.3422413766384125,0.47108083963394165,-0.0231188777834177,0.342214435338974,0.40555912256240845,-0.027531621977686882,0.3172490894794464,0.3664363920688629,-0.031126925721764565,0.32561546564102173,0.42267876863479614,-0.0016234134091064334,0.3327246904373169,0.3845153748989105,-0.022919343784451485,0.3236560523509979,0.40562134981155396,-0.03728386014699936,0.3135796785354614,0.4310309588909149,-0.04305967688560486,0.29993197321891785,0.4154028594493866,0.0004595800710376352,0.30557844042778015,0.3787805736064911,-0.023787569254636765,0.2975804805755615,0.43011340498924255,-0.0329633466899395,0.29140084981918335,0.4693543016910553,-0.03215545415878296,0.27550598978996277,0.41494911909103394,-0.0011199889704585075,0.2774243950843811,0.38259899616241455,-0.02860892005264759,0.27431538701057434,0.43889379501342773,-0.026467567309737206,0.27131718397140503,0.4776424169540405,-0.016347866505384445,0.2482357621192932,0.41861769556999207,-0.0035880079958587885,0.254315048456192,0.3897935748100281,-0.02183612436056137,0.25445556640625,0.4276067018508911,-0.017143940553069115,0.25363388657569885,0.45428210496902466,-0.008207702077925205,fist
0.2649350166320801,0.5376665592193604,-2.2302077695712796e-07,0.3055964410305023,0.5240504145622253,-0.017552776262164116,0.34082990884780884,0.47039201855659485,-0.022457972168922424,0.3409338593482971,0.40569037199020386,-0.026605498045682907,0.31586378812789917,0.3679039776325226,-0.030177123844623566,0.32425281405448914,0.4232471287250519,-0.0012526693753898144,0.33145102858543396,0.38538092374801636,-0.02215447649359703,0.32238128781318665,0.40506622195243835,-0.03663600608706474,0.3120270371437073,0.4304365813732147,-0.042554620653390884,0.2988353669643402,0.4161612093448639,0.0007782998727634549,0.3043866455554962,0.3795400559902191,-0.023350967094302177,0.29596763849258423,0.42982444167137146,-0.03296290710568428,0.28939831256866455,0.4703008532524109,-0.03236912563443184,0.2746310532093048,0.41598862409591675,-0.0007529949070885777,0.2762775421142578,0.38383081555366516,-0.028085587546229362,0.2729015052318573,0.4391998052597046,-0.0266707856208086,0.2699410617351532,0.47884219884872437,-0.016959965229034424,0.2478286325931549,0.4200812876224518,-0.0031185776460915804,0.2533300220966339,0.3913552165031433,-0.021347159519791603,0.25342991948127747,0.4282912313938141,-0.017046235501766205,0.2528051435947418,0.4553314447402954,-0.008366404101252556,fist
0.26653409004211426,0.5351957082748413,-2.2419088452352298e-07,0.30719074606895447,0.5215308666229248,-0.01799819990992546,0.3425108790397644,0.4680442214012146,-0.023107051849365234,0.3429728150367737,0.4030550718307495,-0.02747221477329731,0.3180321156978607,0.3650031089782715,-0.031106090173125267,0.32464951276779175,0.4210025668144226,-0.0014239185256883502,0.33194658160209656,0.38287678360939026,-0.022861121222376823,0.32288289070129395,0.4054167866706848,-0.03713705390691757,0.31311818957328796,0.43235963582992554,-0.04261602833867073,0.2994028627872467,0.41412636637687683,0.0006952012772671878,0.3059461712837219,0.3774557411670685,-0.023846982046961784,0.2976934313774109,0.42861586809158325,-0.03306825831532478,0.2914413511753082,0.4687039852142334,-0.03197568282485008,0.2754565179347992,0.4138514995574951,-0.0009127472876571119,0.2781465947628021,0.38213881850242615,-0.02898314781486988,0.2745734453201294,0.4384339451789856,-0.027281837537884712,0.2716141641139984,0.47809749841690063,-0.01700405590236187,0.24888692796230316,0.4175979793071747,-0.0033572781831026077,0.2556007504463196,0.3880356550216675,-0.02175104059278965,0.2552589178085327,0.425447553396225,-0.0170701052993536,0.25413328409194946,0.45281291007995605,-0.007923724129796028,fist
0.2668865919113159,0.5346001386642456,-2.08628890163709e-07,0.30792874097824097,0.5203622579574585,-0.018091117963194847,0.3435903787612915,0.4669179618358612,-0.02325601503252983,0.34433943033218384,0.40183380246162415,-0.02754358761012554,0.3195323348045349,0.36320364475250244,-0.03133665770292282,0.3259408175945282,0.42209506034851074,-0.0014425263507291675,0.3343329429626465,0.38542088866233826,-0.02216307260096073,0.324807345867157,0.40390118956565857,-0.03628300502896309,0.3140661120414734,0.4278261661529541,-0.04198720306158066,0.30059975385665894,0.41393569111824036,0.0007721300353296101,0.30814602971076965,0.3775588572025299,-0.02310590073466301,0.29908740520477295,0.42760130763053894,-0.03218073025345802,0.29232969880104065,0.4672945439815521,-0.03117762878537178,0.27642300724983215,0.41295677423477173,-0.0006557242595590651,0.28014183044433594,0.3813713788986206,-0.028345713391900063,0.2761085033416748,0.4371597468852997,-0.026562746614217758,0.2725299596786499,0.476569265127182,-0.016366101801395416,0.24937981367111206,0.41639986634254456,-0.0029077711515128613,0.2572852075099945,0.387391060590744,-0.02122783660888672,0.25689417123794556,0.42472538352012634,-0.01641734316945076,0.2553026080131531,0.45188552141189575,-0.007269577588886023,fist
0.26861846446990967,0.532914400100708,-2.1043992148861435e-07,0.3093652129173279,0.519169270992279,-0.017372818663716316,0.3441500961780548,0.46551647782325745,-0.022183606401085854,0.3442818522453308,0.40064048767089844,-0.026266053318977356,0.31923091411590576,0.36330413818359375,-0.029700126498937607,0.3256157338619232,0.4208662211894989,-0.0008885152055881917,0.33381393551826477,0.3836990296840668,-0.02163817174732685,0.3247610330581665,0.4047628343105316,-0.03562498465180397,0.3146689534187317,0.43071502447128296,-0.041164979338645935,0.3005203306674957,0.4134957790374756,0.0009809925686568022,0.30828288197517395,0.37601304054260254,-0.02281106822192669,0.3004431426525116,0.4259682595729828,-0.03195101395249367,0.29422324895858765,0.4654863476753235,-0.031023291870951653,0.27663862705230713,0.4130111336708069,-0.0007333249668590724,0.28035202622413635,0.37988507747650146,-0.028353404253721237,0.27726197242736816,0.4355570077896118,-0.02653234265744686,0.27408987283706665,0.4746432304382324,-0.01635536178946495,0.2500188946723938,0.41676610708236694,-0.00321311061270535,0.2576307952404022,0.387002557516098,-0.021626649424433708,0.25761884450912476,0.42429742217063904,-0.016890347003936768,0.2561836838722229,0.4515627920627594,-0.007794701959937811,fist
0.26912859082221985,0.5330447554588318,-2.2221942685973772e-07,0.3101203739643097,0.520834743976593,-0.0176076702773571,0.34563836455345154,0.4671033024787903,-0.022262264043092728,0.3462486267089844,0.40190982818603516,-0.02610311657190323,0.32117852568626404,0.36452922224998474,-0.029316050931811333,0.3289026916027069,0.4207409620285034,-0.001094468985684216,0.33717039227485657,0.3837070167064667,-0.02167619578540325,0.3282780647277832,0.40330326557159424,-0.035736776888370514,0.3179442882537842,0.42779701948165894,-0.041471537202596664,0.3037056624889374,0.4133639931678772,0.000893730262760073,0.3106660842895508,0.3762596547603607,-0.02313479222357273,0.30271419882774353,0.4267345368862152,-0.03256741538643837,0.29615724086761475,0.46680861711502075,-0.03181443363428116,0.2795882821083069,0.4129215478897095,-0.000687221996486187,0.2828717529773712,0.3805871903896332,-0.028379563242197037,0.2796156704425812,0.43626150488853455,-0.026807915419340134,0.27609875798225403,0.4752376675605774,-0.016865110024809837,0.2526283860206604,0.4166242778301239,-0.003058729227632284,0.2601158022880554,0.3872431516647339,-0.02159547060728073,0.259959876537323,0.4246956706047058,-0.017101505771279335,0.25846752524375916,0.4516088664531708,-0.008252340368926525,fist
0.2686101198196411,0.5297888517379761,-2.2024907764262025e-07,0.30848169326782227,0.5192678570747375,-0.01822829060256481,0.3437651991844177,0.46515631675720215,-0.0232054702937603,0.3430718779563904,0.4004863500595093,-0.027061056345701218,0.3164028823375702,0.36527931690216064,-0.030256984755396843,0.3271873891353607,0.41745632886886597,-0.003276847070083022,0.3348630964756012,0.38036903738975525,-0.02419760450720787,0.32554399967193604,0.4006732404232025,-0.038474131375551224,0.3144431412220001,0.4265662729740143,-0.044181663542985916,0.3016645610332489,0.410061240196228,-0.0008720915066078305,0.307447224855423,0.3742234706878662,-0.024813588708639145,0.29993852972984314,0.42456793785095215,-0.03412590175867081,0.29377156496047974,0.46547141671180725,-0.0333203449845314,0.27730947732925415,0.4096274971961975,-0.0019549985881894827,0.27932479977607727,0.3788566291332245,-0.029116129502654076,0.27664512395858765,0.43427813053131104,-0.02777041867375374,0.27369844913482666,0.47404834628105164,-0.01813683845102787,0.2503882348537445,0.41322338581085205,-0.00389087270013988,0.25650274753570557,0.385277658700943,-0.02204754576086998,0.2570095360279083,0.42202627658843994,-0.017809782177209854,0.25625893473625183,0.44891640543937683,-0.009189953096210957,fist
0.2693977355957031,0.5258870124816895,-2.3139750737755094e-07,0.3090164363384247,0.5183944702148438,-0.01861441880464554,0.3443816006183624,0.4626314342021942,-0.023707188665866852,0.3434138000011444,0.39620763063430786,-0.02739758975803852,0.3164115846157074,0.36047500371932983,-0.0302676260471344,0.32836729288101196,0.41437265276908875,-0.005397723522037268,0.3354373276233673,0.3766602873802185,-0.026443809270858765,0.3263585865497589,0.39709049463272095,-0.040129635483026505,0.31569725275039673,0.4222278892993927,-0.045517995953559875,0.3023841381072998,0.40726643800735474,-0.0028201721142977476,0.3080854117870331,0.3707047700881958,-0.027004623785614967,0.30080926418304443,0.4224020540714264,-0.035549797117710114,0.29459914565086365,0.46198710799217224,-0.034254156053066254,0.2778988480567932,0.406785786151886,-0.0036558781284838915,0.2791988253593445,0.3752909004688263,-0.03102477639913559,0.2771516740322113,0.43166282773017883,-0.02893255278468132,0.2742597460746765,0.4702715575695038,-0.018955377861857414,0.2508655786514282,0.409790962934494,-0.005349390208721161,0.2563658356666565,0.3823377192020416,-0.02383052557706833,0.2572111487388611,0.4197556972503662,-0.019565042108297348,0.2565205991268158,0.4456348121166229,-0.011020269244909286,fist
0.2712520956993103,0.5272178053855896,-2.2741116367797076e-07,0.31053173542022705,0.5185273885726929,-0.01814390905201435,0.34540820121765137,0.46256884932518005,-0.02325262501835823,0.34414049983024597,0.39663198590278625,-0.027088522911071777,0.31755051016807556,0.36024466156959534,-0.030143162235617638,0.3293459117412567,0.4144470989704132,-0.004766891244798899,0.33657556772232056,0.37774214148521423,-0.025908004492521286,0.32767191529273987,0.3976527452468872,-0.039728451520204544,0.3168426752090454,0.42268890142440796,-0.045196305960416794,0.3032626807689667,0.40731281042099,-0.0024977256543934345,0.30932387709617615,0.37137067317962646,-0.026465417817234993,0.30204257369041443,0.42321690917015076,-0.03493637591600418,0.295823335647583,0.46247583627700806,-0.033687226474285126,0.27868738770484924,0.4071091413497925,-0.0036455034278333187,0.28015023469924927,0.37590134143829346,-0.030863342806696892,0.2783215343952179,0.43220534920692444,-0.02849293313920498,0.2755940556526184,0.47022923827171326,-0.018430344760417938,0.25161388516426086,0.41057562828063965,-0.005608023144304752,0.25726357102394104,0.38264670968055725,-0.023871079087257385,0.258326917886734,0.4203236401081085,-0.019179897382855415,0.25778383016586304,0.44602400064468384,-0.010396154597401619,fist
0.27143070101737976,0.5277522802352905,-2.24864905362665e-07,0.31058362126350403,0.5176165699958801,-0.018449319526553154,0.3452070355415344,0.4625193476676941,-0.02379835583269596,0.34376394748687744,0.3975867033004761,-0.027885833755135536,0.31731030344963074,0.36165371537208557,-0.03129709139466286,0.32943299412727356,0.4146611988544464,-0.00481563713401556,0.33718347549438477,0.3779076039791107,-0.025958701968193054,0.3278816044330597,0.39796292781829834,-0.040046077221632004,0.3166297972202301,0.4236607551574707,-0.045587074011564255,0.303411066532135,0.4074251651763916,-0.002345827640965581,0.30927759408950806,0.3716948330402374,-0.026053179055452347,0.30156195163726807,0.4225906729698181,-0.034619130194187164,0.295432984828949,0.4630151093006134,-0.03348875790834427,0.27857089042663574,0.40726226568222046,-0.0033453963696956635,0.28055718541145325,0.376211553812027,-0.030254386365413666,0.2782380282878876,0.43179914355278015,-0.028197387233376503,0.2755928337574005,0.47117534279823303,-0.0183230210095644,0.2511541545391083,0.4110957682132721,-0.00520691554993391,0.2573276460170746,0.3826182782649994,-0.023232724517583847,0.25837501883506775,0.41939935088157654,-0.018609335646033287,0.25788414478302,0.44580909609794617,-0.00985125545412302,fist
0.27120131254196167,0.527780294418335,-2.2974434443767677e-07,0.31076669692993164,0.5177510976791382,-0.018092235550284386,0.34528273344039917,0.4619954824447632,-0.0232600886374712,0.3438166379928589,0.3964913785457611,-0.027215411886572838,0.31729549169540405,0.35992273688316345,-0.03042086772620678,0.3286989629268646,0.41423729062080383,-0.004463721998035908,0.3366572856903076,0.3784780502319336,-0.02575209178030491,0.32763218879699707,0.4001520276069641,-0.03987789899110794,0.3167078495025635,0.426586389541626,-0.04543783888220787,0.30274927616119385,0.4070993661880493,-0.0021985892672091722,0.3092937469482422,0.37077799439430237,-0.02591804228723049,0.30218246579170227,0.42197760939598083,-0.03466286137700081,0.2958223223686218,0.4619622826576233,-0.03368170186877251,0.2780708372592926,0.40697604417800903,-0.003362252376973629,0.2801970839500427,0.3754464089870453,-0.030311979353427887,0.27849459648132324,0.4316858649253845,-0.028230808675289154,0.2756368815898895,0.47069254517555237,-0.018379662185907364,0.25077903270721436,0.41069748997688293,-0.005348383914679289,0.25695276260375977,0.3827367126941681,-0.0235159769654274,0.2584321200847626,0.42014679312705994,-0.018974831327795982,0.25782981514930725,0.4462803900241852,-0.010286273434758186,fist
0.27134859561920166,0.5277315974235535,-2.3444151509011135e-07,0.31071195006370544,0.5176190137863159,-0.018670570105314255,0.34565457701683044,0.4619554281234741,-0.024127788841724396,0.34450554847717285,0.3960874676704407,-0.028200548142194748,0.31740602850914,0.36051255464553833,-0.03133433684706688,0.3289909064769745,0.41402676701545715,-0.005182985216379166,0.3368099629878998,0.37763524055480957,-0.026842564344406128,0.3272900879383087,0.40117210149765015,-0.0408988855779171,0.31631284952163696,0.42801588773727417,-0.0462728813290596,0.3028997480869293,0.40682923793792725,-0.0026628130581229925,0.30928030610084534,0.370656818151474,-0.026449749246239662,0.30210161209106445,0.42244580388069153,-0.034775543957948685,0.29612427949905396,0.4617687463760376,-0.033436547964811325,0.2783312201499939,0.4065762758255005,-0.0036687699612230062,0.28030064702033997,0.3758203387260437,-0.030507786199450493,0.2784123718738556,0.4318844676017761,-0.02810855582356453,0.27575457096099854,0.4700124263763428,-0.018039613962173462,0.2512170076370239,0.41019415855407715,-0.00556854298338294,0.2573848068714142,0.38235464692115784,-0.02334226481616497,0.2585153877735138,0.41976678371429443,-0.018508119508624077,0.2578801214694977,0.4455658495426178,-0.009615134447813034,fist
0.27142488956451416,0.5280712842941284,-2.3800421899977664e-07,0.31182539463043213,0.5181287527084351,-0.018549416214227676,0.3463982343673706,0.461978942155838,-0.023827314376831055,0.3451961278915405,0.39527252316474915,-0.02777845971286297,0.3183025121688843,0.3597225546836853,-0.030749542638659477,0.328579306602478,0.41469648480415344,-0.0047468217089772224,0.3365246653556824,0.37768203020095825,-0.026443764567375183,0.327732115983963,0.4028363823890686,-0.04049282148480415,0.31756994128227234,0.4313858449459076,-0.045810747891664505,0.30261120200157166,0.4079063832759857,-0.002272877609357238,0.30953988432884216,0.3703714907169342,-0.02630344033241272,0.3026728630065918,0.4222404956817627,-0.03486387059092522,0.29655396938323975,0.46192651987075806,-0.03358705714344978,0.2782711684703827,0.407648503780365,-0.003344557946547866,0.28097572922706604,0.37567561864852905,-0.030488228425383568,0.2791610360145569,0.4317629337310791,-0.028270894661545753,0.2762162983417511,0.470050185918808,-0.01817932166159153,0.2512941360473633,0.411091148853302,-0.005282550118863583,0.2580350637435913,0.38232046365737915,-0.023383919149637222,0.2591421604156494,0.42010805010795593,-0.018721969798207283,0.25822293758392334,0.44637051224708557,-0.009866227395832539,fist
0.2728252410888672,0.5280448794364929,-2.2254148746014835e-07,0.3127110004425049,0.517198383808136,-0.019006378948688507,0.34759005904197693,0.46167662739753723,-0.02476796880364418,0.34601232409477234,0.3954615592956543,-0.029110703617334366,0.31892210245132446,0.3596874475479126,-0.032550644129514694,0.3288998007774353,0.4139130115509033,-0.005300275050103664,0.33716097474098206,0.3770798444747925,-0.027092473581433296,0.3288235366344452,0.4016208350658417,-0.0412772111594677,0.3188686966896057,0.42959415912628174,-0.04668985307216644,0.30291077494621277,0.4070994257926941,-0.0026940153911709785,0.31069791316986084,0.3700762987136841,-0.026752660050988197,0.30383723974227905,0.42214179039001465,-0.035336967557668686,0.29752814769744873,0.4621136784553528,-0.03407862409949303,0.2784532606601715,0.4069303274154663,-0.003648815443739295,0.2821725606918335,0.37568944692611694,-0.03092532604932785,0.28027525544166565,0.43184852600097656,-0.02874109148979187,0.27715814113616943,0.47034499049186707,-0.01860625483095646,0.25123247504234314,0.41050705313682556,-0.005483712535351515,0.2589302659034729,0.3819443881511688,-0.023571496829390526,0.2601420283317566,0.4198421239852905,-0.01875067688524723,0.2590339481830597,0.44628939032554626,-0.009759652428328991,fist
0.273406982421875,0.5275601148605347,-2.2398499766040914e-07,0.3135725259780884,0.5154882669448853,-0.019182076677680016,0.34864139556884766,0.46104997396469116,-0.025093531236052513,0.34722772240638733,0.3949696123600006,-0.02957010641694069,0.3205057382583618,0.3588947057723999,-0.03320447355508804,0.3295261263847351,0.4139052629470825,-0.005289807450026274,0.33812594413757324,0.37773197889328003,-0.02735205739736557,0.32941102981567383,0.40321114659309387,-0.04187661036849022,0.3194282054901123,0.43234720826148987,-0.04743226617574692,0.30377086997032166,0.4067637324333191,-0.0026097523514181376,0.311881959438324,0.369562029838562,-0.026804856956005096,0.30460506677627563,0.4208621084690094,-0.035672377794981,0.29833823442459106,0.4615550637245178,-0.0345427580177784,0.27954337000846863,0.4063296616077423,-0.003537603421136737,0.2838193476200104,0.37582749128341675,-0.030879974365234375,0.2812840938568115,0.4314712584018707,-0.029065558686852455,0.2781272232532501,0.47039130330085754,-0.01906566321849823,0.2524069845676422,0.409961462020874,-0.005348029546439648,0.2604759633541107,0.3820110857486725,-0.023426448926329613,0.26151904463768005,0.41988590359687805,-0.018761014565825462,0.26050886511802673,0.4467369318008423,-0.009804432280361652,fist
0.27521049976348877,0.5270838141441345,-2.235683211893047e-07,0.31477269530296326,0.5151273012161255,-0.0192103274166584,0.3493057191371918,0.46071183681488037,-0.02516273967921734,0.3479001522064209,0.39506882429122925,-0.029711401090025902,0.3215020000934601,0.3584383428096771,-0.03342382609844208,0.3304388225078583,0.41299375891685486,-0.005245208274573088,0.3389591872692108,0.3771742582321167,-0.027464130893349648,0.3303825855255127,0.4027367830276489,-0.041955456137657166,0.3204328417778015,0.4318261444568634,-0.04738323763012886,0.3047468662261963,0.40603479743003845,-0.0025386130437254906,0.3128306567668915,0.36959561705589294,-0.026800760999321938,0.3054075241088867,0.421203076839447,-0.035425815731287,0.29906991124153137,0.4618934988975525,-0.03409278765320778,0.2804996371269226,0.4057428240776062,-0.003506455570459366,0.2849411368370056,0.375932514667511,-0.03089505434036255,0.2821809649467468,0.43164679408073425,-0.02887601964175701,0.27891111373901367,0.47055214643478394,-0.01870098151266575,0.25338196754455566,0.40935423970222473,-0.0053726318292319775,0.2614668309688568,0.38113704323768616,-0.023381518200039864,0.2624281048774719,0.4189153015613556,-0.018566152080893517,0.26135802268981934,0.44574227929115295,-0.009481349028646946,fist
0.27576273679733276,0.5273376703262329,-2.1971408159515704e-07,0.31549182534217834,0.514133095741272,-0.019512521103024483,0.3504798710346222,0.4601081609725952,-0.025678275153040886,0.3488120436668396,0.3947584629058838,-0.030340690165758133,0.3220352828502655,0.35828280448913574,-0.03414454683661461,0.331276535987854,0.41273102164268494,-0.005640523508191109,0.3394036293029785,0.3768617510795593,-0.027795638889074326,0.3310011625289917,0.40265387296676636,-0.042197342962026596,0.3214840292930603,0.4314197301864624,-0.047581788152456284,0.3055175840854645,0.40565600991249084,-0.002841991139575839,0.3133534789085388,0.3689451813697815,-0.02684711664915085,0.30635079741477966,0.4204014241695404,-0.0354127436876297,0.3003084063529968,0.4606921076774597,-0.03409134969115257,0.28125032782554626,0.40536317229270935,-0.0037030482199043036,0.2856399118900299,0.3759772479534149,-0.030949395149946213,0.283199667930603,0.43177148699760437,-0.02898780256509781,0.2800232172012329,0.47046056389808655,-0.018837861716747284,0.2540012001991272,0.4093547761440277,-0.00547405518591404,0.26235413551330566,0.3811118006706238,-0.023283712565898895,0.2637283205986023,0.41872355341911316,-0.018362386152148247,0.2626471221446991,0.4453437030315399,-0.009183119982481003,fist
0.2763946056365967,0.5269115567207336,-2.2520266895753593e-07,0.31565871834754944,0.51422518491745,-0.019568735733628273,0.3505360782146454,0.4604417085647583,-0.025692934170365334,0.3492197096347809,0.39511966705322266,-0.030378064140677452,0.3230145275592804,0.357883095741272,-0.0342460572719574,0.3325826823711395,0.41227391362190247,-0.005449794698506594,0.34005117416381836,0.37596291303634644,-0.02764269895851612,0.3313371539115906,0.40072035789489746,-0.042171232402324677,0.3216688930988312,0.42924273014068604,-0.04769190773367882,0.30681872367858887,0.40504416823387146,-0.002595269586890936,0.3137206733226776,0.3693211078643799,-0.026904497295618057,0.30619141459465027,0.42099764943122864,-0.0356326624751091,0.3001767694950104,0.461535781621933,-0.03442508727312088,0.282471239566803,0.40477609634399414,-0.0034372706431895494,0.28593143820762634,0.3753339648246765,-0.03098887950181961,0.2830813527107239,0.431352823972702,-0.029051819816231728,0.2800753712654114,0.47043272852897644,-0.018918577581644058,0.25521793961524963,0.4087170660495758,-0.005208070855587721,0.26240548491477966,0.3807663023471832,-0.023516183719038963,0.26352494955062866,0.41847315430641174,-0.018870865926146507,0.26286423206329346,0.44518259167671204,-0.009817693382501602,fist
0.2760956883430481,0.5260499715805054,-2.368641958128137e-07,0.31584951281547546,0.514003574848175,-0.019120875746011734,0.3508531451225281,0.4604043960571289,-0.0248920489102602,0.34967517852783203,0.39502617716789246,-0.029310472309589386,0.32299119234085083,0.3587668538093567,-0.0328223742544651,0.3338012397289276,0.41326016187667847,-0.005043898709118366,0.3419724702835083,0.37637051939964294,-0.027131346985697746,0.3324115574359894,0.4009867012500763,-0.04146919772028923,0.321809321641922,0.42896217107772827,-0.04685787111520767,0.3078104853630066,0.40558427572250366,-0.002354203723371029,0.31441253423690796,0.3694102466106415,-0.026730714365839958,0.30647268891334534,0.4210905432701111,-0.03542083874344826,0.3003009855747223,0.4614242613315582,-0.03413301333785057,0.2831951081752777,0.40491950511932373,-0.0033227314706891775,0.2860293686389923,0.3748874366283417,-0.0309291984885931,0.28314751386642456,0.4311153292655945,-0.029039783403277397,0.28021425008773804,0.4702472388744354,-0.018909893929958344,0.2558474540710449,0.4083925187587738,-0.0051713380962610245,0.26238980889320374,0.38021281361579895,-0.02343386597931385,0.2633264362812042,0.41769906878471375,-0.018869759514927864,0.26278698444366455,0.44426172971725464,-0.009915360249578953,fist
0.2759271264076233,0.5259547829627991,-2.36235067063717e-07,0.3159937262535095,0.5138564109802246,-0.018526706844568253,0.3506956994533539,0.4604771137237549,-0.024271951988339424,0.3492899239063263,0.3952145278453827,-0.028839528560638428,0.3230069875717163,0.35810065269470215,-0.03260025754570961,0.33425113558769226,0.4139503836631775,-0.004771716892719269,0.34294337034225464,0.3777425289154053,-0.026778141036629677,0.33302661776542664,0.4011801481246948,-0.0412517711520195,0.32149210572242737,0.42797115445137024,-0.04682939127087593,0.30813297629356384,0.40623658895492554,-0.0024655144661664963,0.31505465507507324,0.3701082766056061,-0.026460405439138412,0.307351291179657,0.4212384819984436,-0.035197071731090546,0.300746887922287,0.4609230160713196,-0.034181393682956696,0.2833811938762665,0.405731737613678,-0.0037390042562037706,0.28623974323272705,0.3746289014816284,-0.031040454283356667,0.2837989330291748,0.43064647912979126,-0.029147842898964882,0.28054726123809814,0.46978306770324707,-0.0192288625985384,0.25589707493782043,0.40943264961242676,-0.005848822183907032,0.26260313391685486,0.3804980218410492,-0.023943183943629265,0.26387032866477966,0.4176620543003082,-0.019285619258880615,0.26311635971069336,0.44445332884788513,-0.010412106290459633,fist
0.27649879455566406,0.5255072712898254,-2.3019227057829994e-07,0.31599608063697815,0.5141664147377014,-0.01871594786643982,0.3506101965904236,0.46050307154655457,-0.024446630850434303,0.34952035546302795,0.39511457085609436,-0.028969446197152138,0.32304564118385315,0.35847315192222595,-0.03263302892446518,0.3342256546020508,0.4132831394672394,-0.004763747099786997,0.34261396527290344,0.37629732489585876,-0.027010316029191017,0.3328722417354584,0.3993825316429138,-0.04148776829242706,0.3214989900588989,0.4261819124221802,-0.0469808429479599,0.30817312002182007,0.4057457447052002,-0.0024230724666267633,0.31490185856819153,0.36960238218307495,-0.02693386748433113,0.3071627914905548,0.42127054929733276,-0.03565952926874161,0.3007371425628662,0.461227148771286,-0.03437649458646774,0.283539742231369,0.40535348653793335,-0.003722786670550704,0.28609994053840637,0.3746373653411865,-0.03145158663392067,0.2835412919521332,0.4309109151363373,-0.029503226280212402,0.2804371416568756,0.4698675870895386,-0.01934637315571308,0.2562808394432068,0.409039705991745,-0.005881783086806536,0.26257914304733276,0.38077402114868164,-0.02424551546573639,0.2637219727039337,0.41820091009140015,-0.01965607888996601,0.26312652230262756,0.4446982443332672,-0.010705615393817425,fist
0.27593424916267395,0.524925708770752,-2.377285994725753e-07,0.3157641887664795,0.5148832201957703,-0.018750475719571114,0.35064876079559326,0.46097028255462646,-0.024278078228235245,0.34967124462127686,0.39515334367752075,-0.02859419770538807,0.32280877232551575,0.35853680968284607,-0.03204745054244995,0.33394065499305725,0.41249728202819824,-0.004621651954948902,0.34154990315437317,0.37631523609161377,-0.026650721207261086,0.33225587010383606,0.40058377385139465,-0.041012242436409,0.3218957185745239,0.4282054603099823,-0.04649203643202782,0.3080562651157379,0.40526652336120605,-0.0021698521450161934,0.31436687707901,0.36954429745674133,-0.02673722244799137,0.30698078870773315,0.42123743891716003,-0.03573692962527275,0.3004530370235443,0.46128833293914795,-0.03463797643780708,0.2835516929626465,0.40505245327949524,-0.003331209998577833,0.2856238782405853,0.37442412972450256,-0.031089207157492638,0.2835310697555542,0.4309357702732086,-0.02952091582119465,0.28044044971466064,0.47027748823165894,-0.019657164812088013,0.2563701868057251,0.4086572229862213,-0.005337579175829887,0.26195740699768066,0.3810204863548279,-0.024017127230763435,0.26360833644866943,0.41848307847976685,-0.019960101693868637,0.26340553164482117,0.44504228234291077,-0.011358849704265594,fist
0.2755663990974426,0.5256525278091431,-2.3380218294732913e-07,0.3156191408634186,0.5151129961013794,-0.018949095159769058,0.35032036900520325,0.4611603319644928,-0.024595005437731743,0.3491409420967102,0.39525166153907776,-0.029057370498776436,0.32232770323753357,0.3581746220588684,-0.03266078978776932,0.3338225185871124,0.41332077980041504,-0.004058103077113628,0.34191054105758667,0.3780513405799866,-0.0264712143689394,0.3320857584476471,0.40165582299232483,-0.04146503284573555,0.32080501317977905,0.42904168367385864,-0.04734141007065773,0.3079438805580139,0.4058578610420227,-0.0016120118089020252,0.31437620520591736,0.3700966536998749,-0.026691654697060585,0.3068341016769409,0.421414315700531,-0.03635229915380478,0.2999384105205536,0.462152361869812,-0.035577524453401566,0.28334832191467285,0.40546301007270813,-0.002848540199920535,0.2853963375091553,0.3743416666984558,-0.030878469347953796,0.28339630365371704,0.4307608902454376,-0.029645664617419243,0.2801077961921692,0.4707031846046448,-0.019886378198862076,0.25606992840766907,0.4089927673339844,-0.004969946574419737,0.2614453136920929,0.3813067078590393,-0.023832255974411964,0.26343631744384766,0.41842249035835266,-0.019974946975708008,0.2633703351020813,0.445101261138916,-0.01144410204142332,fist
0.27582597732543945,0.5260056257247925,-2.3087807221600087e-07,0.31502121686935425,0.5156981348991394,-0.01865992695093155,0.34953591227531433,0.4613160789012909,-0.02426167204976082,0.34855470061302185,0.3953997492790222,-0.028602922335267067,0.3218896985054016,0.3587055504322052,-0.03223063051700592,0.3336045444011688,0.41396206617355347,-0.00472326809540391,0.3418808579444885,0.3782382607460022,-0.026481803506612778,0.3320964276790619,0.40013372898101807,-0.040933094918727875,0.32071787118911743,0.4261048436164856,-0.046632349491119385,0.3077528774738312,0.40622133016586304,-0.0023260482121258974,0.3141893446445465,0.37064608931541443,-0.02662847749888897,0.3061654567718506,0.4219911992549896,-0.035577405244112015,0.2994164228439331,0.4623372554779053,-0.03452492505311966,0.28318989276885986,0.40567371249198914,-0.003472018288448453,0.2853017747402191,0.37493157386779785,-0.03096613846719265,0.2826983332633972,0.4312324523925781,-0.02922654338181019,0.2794192433357239,0.47065469622612,-0.019344579428434372,0.25600603222846985,0.40915319323539734,-0.005455773789435625,0.2615298330783844,0.3814222514629364,-0.024000022560358047,0.26291629672050476,0.4190088212490082,-0.019703561440110207,0.26263928413391113,0.44571730494499207,-0.010999826714396477,fist
0.27593398094177246,0.5255597233772278,-2.3047196862080455e-07,0.3152209520339966,0.5157162547111511,-0.01851322129368782,0.3495979607105255,0.4608822464942932,-0.024049855768680573,0.34830644726753235,0.3948868215084076,-0.028323456645011902,0.32131433486938477,0.3588830232620239,-0.03191351145505905,0.33317092061042786,0.41354212164878845,-0.0050789774395525455,0.34133201837539673,0.377722829580307,-0.026698222383856773,0.33173391222953796,0.39959877729415894,-0.0409870520234108,0.3204873502254486,0.4255795180797577,-0.046626124531030655,0.30726999044418335,0.40606653690338135,-0.0027388515882194042,0.31377384066581726,0.3703892230987549,-0.026860803365707397,0.30599141120910645,0.4218493700027466,-0.0355965681374073,0.2993776500225067,0.46191391348838806,-0.03448731079697609,0.28273531794548035,0.40571197867393494,-0.0038894624449312687,0.28484946489334106,0.3749120831489563,-0.03124264068901539,0.28252482414245605,0.43120425939559937,-0.02927759476006031,0.2792954444885254,0.4703601598739624,-0.019347449764609337,0.2555016875267029,0.4092044234275818,-0.005867790896445513,0.26122087240219116,0.3811764717102051,-0.024297166615724564,0.2626160681247711,0.4189354479312897,-0.019826676696538925,0.2621426582336426,0.44568973779678345,-0.011079933494329453,fist
0.27540597319602966,0.525591254234314,-2.3080232836036885e-07,0.31512585282325745,0.5155268311500549,-0.01851026713848114,0.3497753441333771,0.4605630040168762,-0.023976003751158714,0.3485289216041565,0.39430761337280273,-0.02812819555401802,0.32122087478637695,0.3587837517261505,-0.031636059284210205,0.33278539776802063,0.41373002529144287,-0.005353161133825779,0.3411608338356018,0.3777133524417877,-0.026633676141500473,0.33164793252944946,0.39931613206863403,-0.040780629962682724,0.32053130865097046,0.4250708222389221,-0.04645298421382904,0.30689042806625366,0.4060257375240326,-0.002959340112283826,0.3135066330432892,0.37027329206466675,-0.0267841424793005,0.3058585226535797,0.4214571416378021,-0.03548741340637207,0.2992122769355774,0.4617348611354828,-0.034459829330444336,0.28247031569480896,0.405449241399765,-0.003998155239969492,0.2846967875957489,0.37494421005249023,-0.031106919050216675,0.28244549036026,0.43103018403053284,-0.029335130006074905,0.27912381291389465,0.47051218152046204,-0.01962384022772312,0.25533950328826904,0.40887048840522766,-0.005863834172487259,0.2610059976577759,0.38106974959373474,-0.02429983764886856,0.26261797547340393,0.41864895820617676,-0.020065078511834145,0.26228106021881104,0.4456746578216553,-0.011522432789206505,fist
0.2756107449531555,0.5261862277984619,-2.2806645461059816e-07,0.31531479954719543,0.515130341053009,-0.01848606765270233,0.3497924208641052,0.4606085419654846,-0.02403869852423668,0.3484453558921814,0.3946787714958191,-0.028336625546216965,0.32145199179649353,0.35861584544181824,-0.031982287764549255,0.33270853757858276,0.4145650267601013,-0.004979368299245834,0.3413804769515991,0.37868422269821167,-0.0264145340770483,0.3317159116268158,0.4002463221549988,-0.040708571672439575,0.32032719254493713,0.4258524179458618,-0.04644467309117317,0.3068697154521942,0.4067703187465668,-0.002676772652193904,0.313779354095459,0.37051403522491455,-0.026583291590213776,0.3060637414455414,0.4214889407157898,-0.03541703149676323,0.29934945702552795,0.4616025388240814,-0.03446264564990997,0.2823698818683624,0.4061878025531769,-0.0038360105827450752,0.2848421633243561,0.374825119972229,-0.03104473277926445,0.282526433467865,0.43098917603492737,-0.029165256768465042,0.2791784107685089,0.4704817831516266,-0.019318485632538795,0.25514891743659973,0.40965497493743896,-0.0058229537680745125,0.2611362338066101,0.3811505436897278,-0.024219999089837074,0.26265764236450195,0.41860368847846985,-0.01976463943719864,0.26211124658584595,0.44564083218574524,-0.011038863100111485,fist
0.2764340341091156,0.5253462791442871,-2.209311560363858e-07,0.31553494930267334,0.51395583152771,-0.019118044525384903,0.3496446907520294,0.4601539373397827,-0.025036558508872986,0.34840619564056396,0.39489930868148804,-0.029695143923163414,0.3218719959259033,0.35865864157676697,-0.0335453562438488,0.33246925473213196,0.4125981330871582,-0.004931387025862932,0.3400183916091919,0.37621790170669556,-0.027033934369683266,0.330712229013443,0.39951980113983154,-0.04154735803604126,0.32015472650527954,0.4270162582397461,-0.04708069935441017,0.30670365691185,0.40551865100860596,-0.002350609051063657,0.3129241168498993,0.3698948919773102,-0.026964770630002022,0.3053763210773468,0.4210248589515686,-0.03589123860001564,0.2992258667945862,0.4614790380001068,-0.03466277942061424,0.28229260444641113,0.4052934944629669,-0.003427643096074462,0.28462865948677063,0.3751089870929718,-0.031220586970448494,0.2820354998111725,0.43094635009765625,-0.02949073351919651,0.27906274795532227,0.47036898136138916,-0.01939515955746174,0.25519615411758423,0.40905138850212097,-0.005394444335252047,0.261153906583786,0.38060471415519714,-0.02393711730837822,0.26221370697021484,0.4178474545478821,-0.019514568150043488,0.2617167532444,0.4449269771575928,-0.01057212520390749,fist
0.3689074218273163,0.501322865486145,-2.8415323072294996e-07,0.32375121116638184,0.47117000818252563,0.0035899323411285877,0.30466800928115845,0.4246201515197754,0.004304830450564623,0.3156971335411072,0.3906501829624176,0.005289744585752487,0.33843177556991577,0.3846193253993988,0.007092550862580538,0.33207571506500244,0.33152469992637634,-0.000887293484993279,0.3409229815006256,0.3407653570175171,0.004602563567459583,0.3421892523765564,0.36282438039779663,0.006128665991127491,0.3389981687068939,0.3773081302642822,0.005118262954056263,0.36695489287376404,0.33392128348350525,-0.0045738546177744865,0.37106040120124817,0.3437386453151703,0.006867104209959507,0.3690011203289032,0.36336642503738403,0.010343133471906185,0.3661544919013977,0.38209933042526245,0.009321075864136219,0.3973166346549988,0.35161691904067993,-0.0067322226241230965,0.3937647044658661,0.3674837350845337,0.002862566150724888,0.3882902264595032,0.3843469023704529,0.005239260848611593,0.3834516406059265,0.40176066756248474,0.0033226178493350744,0.4198165535926819,0.37731194496154785,-0.009090634994208813,0.41586893796920776,0.38749629259109497,-0.002156761009246111,0.4097125232219696,0.403128057718277,0.002599911065772176,0.4044419825077057,0.4186570942401886,0.005144271533936262,fist
0.37166184186935425,0.5020798444747925,-2.975605468691356e-07,0.3260800242424011,0.47204798460006714,0.004521025810390711,0.3065256178379059,0.42370668053627014,0.00594058632850647,0.31722304224967957,0.38917163014411926,0.007293525617569685,0.34040290117263794,0.38364240527153015,0.009410464204847813,0.335178017616272,0.33115294575691223,0.001373651553876698,0.342197448015213,0.33861950039863586,0.006745731923729181,0.3429001271724701,0.3607017695903778,0.00772286718711257,0.34018728137016296,0.37594932317733765,0.00643389206379652,0.36994102597236633,0.33404672145843506,-0.002731337444856763,0.3723892569541931,0.341948539018631,0.008460703305900097,0.3700880706310272,0.3619934916496277,0.01163039542734623,0.367570698261261,0.38133174180984497,0.010697271674871445,0.39998719096183777,0.3522421717643738,-0.005405893549323082,0.39482805132865906,0.3657057285308838,0.003943314775824547,0.38959094882011414,0.3827664256095886,0.0062073697336018085,0.38546812534332275,0.40054216980934143,0.0045090788044035435,0.4220033586025238,0.3782232999801636,-0.008210327476263046,0.41655439138412476,0.3860505521297455,-0.0013659015530720353,0.41033729910850525,0.4018137753009796,0.003502926090732217,0.40553733706474304,0.41779279708862305,0.006288524717092514,fist
0.3719319999217987,0.5038015842437744,-3.0072976642259164e-07,0.3268061578273773,0.47326064109802246,0.004321047570556402,0.306878924369812,0.4250599145889282,0.005583070684224367,0.31671226024627686,0.3915717303752899,0.006775807589292526,0.3396291136741638,0.38725411891937256,0.008755245245993137,0.33567148447036743,0.33224084973335266,0.0012354017235338688,0.34232446551322937,0.3406699299812317,0.005802433472126722,0.3433331251144409,0.36265450716018677,0.006144498474895954,0.34061259031295776,0.37788254022598267,0.004490857012569904,0.3702370226383209,0.3350032866001129,-0.002944737207144499,0.3723829388618469,0.3443019390106201,0.007443299051374197,0.3704177141189575,0.3643389642238617,0.010155202820897102,0.3679320812225342,0.38332465291023254,0.009006962180137634,0.40019723773002625,0.35292884707450867,-0.005773193668574095,0.39495140314102173,0.36763420701026917,0.0030754809267818928,0.3899604082107544,0.3845897316932678,0.0052128019742667675,0.3857724368572235,0.4020339846611023,0.003506528213620186,0.42228785157203674,0.3786366879940033,-0.008790407329797745,0.41673386096954346,0.3883441984653473,-0.0024877300020307302,0.4107675850391388,0.4040699005126953,0.002058362355455756,0.40597569942474365,0.41957855224609375,0.004720351193100214,fist
0.37278997898101807,0.5035237073898315,-2.9579814508906566e-07,0.32691967487335205,0.47301462292671204,0.004904313012957573,0.3070752024650574,0.4249749779701233,0.006627063732594252,0.31658029556274414,0.3907355070114136,0.0082969656214118,0.33908721804618835,0.38504743576049805,0.010766264982521534,0.33530253171920776,0.33224546909332275,0.0013731600483879447,0.3424769639968872,0.33870264887809753,0.007251595612615347,0.3433592617511749,0.36021676659584045,0.008824882097542286,0.3406512439250946,0.37565523386001587,0.008006901480257511,0.3699606955051422,0.33531972765922546,-0.0026383206713944674,0.37280088663101196,0.34314146637916565,0.009306945838034153,0.37057995796203613,0.36287054419517517,0.012961872853338718,0.367966890335083,0.38198697566986084,0.012172237038612366,0.40004202723503113,0.353549599647522,-0.005128093995153904,0.3952569365501404,0.3666767179965973,0.004987604916095734,0.3901224136352539,0.3833659589290619,0.007499065715819597,0.38601449131965637,0.401163250207901,0.005741879343986511,0.42193859815597534,0.37916329503059387,-0.007709587924182415,0.4168298542499542,0.38651764392852783,-0.0002580788277555257,0.4108641743659973,0.4019924998283386,0.004798511974513531,0.4061470925807953,0.4183204770088196,0.007566573563963175,fist
0.3722527027130127,0.5029939413070679,-2.9517977395698836e-07,0.32651588320732117,0.47257715463638306,0.004619143903255463,0.30698925256729126,0.42419153451919556,0.0060383290983736515,0.3172547519207001,0.3898361623287201,0.007312880828976631,0.34015288949012756,0.38396623730659485,0.009296094067394733,0.3358502686023712,0.33243706822395325,0.0014137920225039124,0.3417455852031708,0.3385857343673706,0.006662795785814524,0.3424401581287384,0.359885573387146,0.0074943979270756245,0.34022781252861023,0.37543874979019165,0.006175134796649218,0.370348185300827,0.3354819416999817,-0.0026649953797459602,0.372174471616745,0.3434540033340454,0.008760192431509495,0.36998024582862854,0.36297518014907837,0.011951184831559658,0.3677516281604767,0.3820488452911377,0.010860158130526543,0.40022721886634827,0.35377946496009827,-0.005336137022823095,0.39482471346855164,0.3668518662452698,0.0043606944382190704,0.38958659768104553,0.38338786363601685,0.0066158352419734,0.3857097923755646,0.4010591208934784,0.004696260672062635,0.42205509543418884,0.3794962763786316,-0.008153175935149193,0.41631564497947693,0.38770169019699097,-0.0010635548969730735,0.41032058000564575,0.40314745903015137,0.0037368820048868656,0.40585383772850037,0.4192083775997162,0.0063354335725307465,fist
0.37231090664863586,0.5039739012718201,-3.0362110692294664e-07,0.3264009654521942,0.47356829047203064,0.005412850994616747,0.306909441947937,0.4244188666343689,0.007819346152245998,0.3166736364364624,0.38938573002815247,0.0100091015920043,0.33912530541419983,0.3834521770477295,0.01293070800602436,0.3356267511844635,0.3329946994781494,0.0032491532620042562,0.3407612144947052,0.3391953408718109,0.009677491150796413,0.3416171371936798,0.3605189919471741,0.011401250958442688,0.3397076427936554,0.3760913610458374,0.01066697295755148,0.3701978921890259,0.3356309235095978,-0.0007452894933521748,0.371001273393631,0.34381651878356934,0.011571753770112991,0.3689218759536743,0.36380791664123535,0.015177425928413868,0.3669138252735138,0.3831409215927124,0.014471303671598434,0.40013444423675537,0.35374847054481506,-0.003268313826993108,0.39374837279319763,0.36690881848335266,0.007002419792115688,0.3887159526348114,0.38388681411743164,0.00930582731962204,0.3851444125175476,0.40178048610687256,0.007514898665249348,0.422014057636261,0.3792572617530823,-0.00584757886826992,0.41577020287513733,0.38687393069267273,0.001777792815119028,0.40978941321372986,0.4025869071483612,0.00669568357989192,0.4054589867591858,0.4189806878566742,0.00940162967890501,fist
0.3722095191478729,0.5028103590011597,-3.0142001605781843e-07,0.32599061727523804,0.47288650274276733,0.004676383454352617,0.3061472177505493,0.4252547323703766,0.006214054301381111,0.3152172565460205,0.39056870341300964,0.0077269719913601875,0.337344229221344,0.3842533230781555,0.009988774545490742,0.33463677763938904,0.33230000734329224,0.0011127035832032561,0.3409890830516815,0.33993637561798096,0.006618967279791832,0.3421068787574768,0.36150893568992615,0.007953417487442493,0.3398556709289551,0.3770931363105774,0.007045695558190346,0.3693334460258484,0.33515599370002747,-0.002839254215359688,0.3709946870803833,0.34432175755500793,0.008570324629545212,0.3690482974052429,0.3644040822982788,0.011901338584721088,0.36682602763175964,0.3837544918060303,0.010992171242833138,0.3994855284690857,0.3533097207546234,-0.00528457248583436,0.3937312364578247,0.3676401376724243,0.004236884415149689,0.38875970244407654,0.384774774312973,0.00660130986943841,0.3849206268787384,0.4026729464530945,0.004888111725449562,0.4215574562549591,0.3788028955459595,-0.007815173827111721,0.41575324535369873,0.38768696784973145,-0.0006527503137476742,0.4097670018672943,0.40355974435806274,0.004296503029763699,0.4051567614078522,0.41976892948150635,0.007034690584987402,fist
0.3714600205421448,0.5016852021217346,-2.9804755286022555e-07,0.32572638988494873,0.4715254008769989,0.004873641300946474,0.30592769384384155,0.424043744802475,0.006401929073035717,0.3151783049106598,0.3893146812915802,0.007914651185274124,0.3378271162509918,0.38303613662719727,0.010184097103774548,0.33478596806526184,0.3315461575984955,0.0007743254536762834,0.3396957516670227,0.33701184391975403,0.006834978703409433,0.3407137989997864,0.3584845960140228,0.008704517967998981,0.33887994289398193,0.3744022846221924,0.008096530102193356,0.36965665221214294,0.3346846103668213,-0.0031059125903993845,0.3702569007873535,0.3418911099433899,0.008851245976984501,0.3682493567466736,0.3617381453514099,0.012586665339767933,0.36617788672447205,0.3812501132488251,0.011850859969854355,0.39972126483917236,0.35299789905548096,-0.005370731931179762,0.3931009769439697,0.36595919728279114,0.004744410514831543,0.3880607783794403,0.38266149163246155,0.007293899077922106,0.38444480299949646,0.4006563425064087,0.005545204039663076,0.42150551080703735,0.37856337428092957,-0.007680701557546854,0.41514718532562256,0.3857894539833069,-0.00015096025890670717,0.409251868724823,0.4011582136154175,0.0049427710473537445,0.40505605936050415,0.4174787700176239,0.007708184886723757,fist
0.37169450521469116,0.5012232065200806,-2.970630816889752e-07,0.3258363604545593,0.4712057113647461,0.004395810421556234,0.3059980869293213,0.42370912432670593,0.005767468828707933,0.3152857720851898,0.389315664768219,0.0072128442116081715,0.3378334641456604,0.38369908928871155,0.009465842507779598,0.3347195088863373,0.33100712299346924,0.0005991554935462773,0.34030985832214355,0.33755263686180115,0.006137331016361713,0.3412609398365021,0.3594459891319275,0.0074910991825163364,0.33912795782089233,0.3754153847694397,0.006527710240334272,0.36965444684028625,0.3341324031352997,-0.0031807508785277605,0.3705061078071594,0.3420000374317169,0.008056221529841423,0.3685310184955597,0.36206957697868347,0.011372149921953678,0.3663988709449768,0.38167548179626465,0.010523734614253044,0.3997058868408203,0.3524061441421509,-0.005441140849143267,0.39340275526046753,0.36608463525772095,0.004044002387672663,0.38835686445236206,0.38286322355270386,0.006384529173374176,0.38456347584724426,0.4008024036884308,0.004699826240539551,0.4214634895324707,0.3779946267604828,-0.007793336175382137,0.41518473625183105,0.38593363761901855,-0.0008685098146088421,0.40927043557167053,0.40131691098213196,0.003922328818589449,0.404918372631073,0.41730406880378723,0.006624329835176468,fist
0.3713120222091675,0.5018489360809326,-2.989218046423048e-07,0.32580071687698364,0.4715251326560974,0.005240328144282103,0.306107759475708,0.42342647910118103,0.007390891667455435,0.3155549168586731,0.3885752558708191,0.009462995454668999,0.3381948471069336,0.38301175832748413,0.012325815856456757,0.3345232605934143,0.33186525106430054,0.0020538244862109423,0.34085613489151,0.3362041711807251,0.008389991708099842,0.34180647134780884,0.35791635513305664,0.010484215803444386,0.33951956033706665,0.3740170896053314,0.010021877475082874,0.3692932724952698,0.3346328139305115,-0.001872466062195599,0.3713836371898651,0.34105661511421204,0.010264328680932522,0.3693002462387085,0.36128169298171997,0.014103499241173267,0.36681970953941345,0.3808775246143341,0.013560928404331207,0.3994191586971283,0.3526817262172699,-0.004258007276803255,0.3941097557544708,0.36547112464904785,0.005801890976727009,0.38900089263916016,0.38235053420066833,0.008180515840649605,0.3848740756511688,0.40030282735824585,0.006447033025324345,0.4213407039642334,0.3781796991825104,-0.006654977798461914,0.4158360958099365,0.3854169547557831,0.0006687694694846869,0.4098206162452698,0.40109914541244507,0.005490690469741821,0.4051317274570465,0.4174099266529083,0.008155014365911484,fist
0.3710208237171173,0.5014042258262634,-2.996270325184014e-07,0.32521897554397583,0.4709862470626831,0.005576008465141058,0.30582788586616516,0.4228758215904236,0.007997997105121613,0.3149866461753845,0.3882492184638977,0.010388755239546299,0.3372041583061218,0.3828980028629303,0.013524358160793781,0.33410459756851196,0.331328809261322,0.0018316141795367002,0.34124088287353516,0.3351716101169586,0.008712376467883587,0.3421035408973694,0.3568529188632965,0.01141843106597662,0.3394397497177124,0.3732968270778656,0.01136715803295374,0.3690899908542633,0.3340250849723816,-0.0020420525688678026,0.3715030550956726,0.3405977785587311,0.01071061473339796,0.3693857789039612,0.3605823814868927,0.014944901689887047,0.3667552173137665,0.3800213634967804,0.01454542949795723,0.3994186222553253,0.35204413533210754,-0.004256134387105703,0.3943769931793213,0.36476993560791016,0.006415395066142082,0.3893086612224579,0.38168054819107056,0.009083399549126625,0.3850547671318054,0.39962974190711975,0.007364205550402403,0.4213772416114807,0.3773910105228424,-0.006435413379222155,0.4158751666545868,0.3847798705101013,0.0013495120219886303,0.41008254885673523,0.40044641494750977,0.006381702143698931,0.40542492270469666,0.41678234934806824,0.009091838262975216,fist
0.3711194396018982,0.5015957355499268,-2.9674976076421444e-07,0.3250731825828552,0.47146621346473694,0.005120325367897749,0.3057881295681,0.422733336687088,0.00753597030416131,0.31584081053733826,0.3875000476837158,0.01004284992814064,0.33842048048973083,0.38159191608428955,0.013357375748455524,0.33334219455718994,0.33096688985824585,0.0016846623038873076,0.34161707758903503,0.3362988233566284,0.008638984523713589,0.3425646424293518,0.3579666018486023,0.011330134235322475,0.3396932780742645,0.37369227409362793,0.011185379698872566,0.36841872334480286,0.33369627594947815,-0.002031622687354684,0.37204235792160034,0.34031379222869873,0.010591651313006878,0.3699856400489807,0.35990893840789795,0.014828706160187721,0.3672593832015991,0.379045307636261,0.014493859373033047,0.3988442122936249,0.3516231179237366,-0.004142239689826965,0.3949261009693146,0.36376553773880005,0.006249606143683195,0.3899146318435669,0.3805980086326599,0.00895543023943901,0.3856433629989624,0.39837875962257385,0.0073748561553657055,0.4209705591201782,0.37706246972084045,-0.006260410882532597,0.4161454439163208,0.38380125164985657,0.0011806009570136666,0.41017743945121765,0.399400919675827,0.006151860114187002,0.4053005576133728,0.41563647985458374,0.008892271667718887,fist
0.37038302421569824,0.5028642416000366,-3.005486632901011e-07,0.32475197315216064,0.47200390696525574,0.005432723090052605,0.3056122362613678,0.42302405834198,0.007671078201383352,0.31580081582069397,0.3880803883075714,0.009863993152976036,0.3384248912334442,0.3824178874492645,0.0128022450953722,0.332951158285141,0.3316841125488281,0.0016843643970787525,0.3411222994327545,0.3374013304710388,0.0085831880569458,0.3420584499835968,0.35924091935157776,0.011290662921965122,0.33913156390190125,0.3749794363975525,0.011135997250676155,0.36806052923202515,0.3342377543449402,-0.002325020032003522,0.3710779547691345,0.3413669466972351,0.010170495137572289,0.36901429295539856,0.3612711727619171,0.014239076524972916,0.3663606345653534,0.3807500898838043,0.01380691397935152,0.39856335520744324,0.3522697687149048,-0.004657840821892023,0.3934940695762634,0.36519184708595276,0.005844891536980867,0.38848677277565,0.382301926612854,0.008480069227516651,0.38428470492362976,0.40013957023620605,0.006808040197938681,0.4207254946231842,0.37806329131126404,-0.006982274819165468,0.4149368405342102,0.38578560948371887,0.0007311737863346934,0.4089336693286896,0.4013917148113251,0.005776708479970694,0.4040960371494293,0.41746383905410767,0.008516553789377213,fist
0.3701056241989136,0.5035640597343445,-3.054404658087151e-07,0.3247601091861725,0.47271302342414856,0.005041137337684631,0.3053986430168152,0.42408454418182373,0.007021256722509861,0.31493350863456726,0.38942307233810425,0.009093024767935276,0.3372032046318054,0.3835386037826538,0.011977546848356724,0.33276891708374023,0.33174553513526917,0.0009906438644975424,0.3407561779022217,0.33885958790779114,0.007465902715921402,0.3416402041912079,0.36091265082359314,0.009868654422461987,0.33869317173957825,0.3765545189380646,0.009525496512651443,0.3679642081260681,0.3345213532447815,-0.002901119412854314,0.37051549553871155,0.34309783577919006,0.009038904681801796,0.36842265725135803,0.3631904125213623,0.0128357894718647,0.3657680153846741,0.3825604319572449,0.012277529574930668,0.3984493613243103,0.3525772988796234,-0.0051247430965304375,0.3927944600582123,0.36692574620246887,0.004951298236846924,0.3878028392791748,0.38397207856178284,0.007489236071705818,0.3835524618625641,0.40168297290802,0.005835084244608879,0.4204760193824768,0.37816542387008667,-0.007370462641119957,0.41417041420936584,0.3869681656360626,-6.419118290068582e-05,0.40830859541893005,0.4025976061820984,0.00481270719319582,0.4035608768463135,0.4184753894805908,0.007508471608161926,fist
0.36985692381858826,0.5035529732704163,-3.065010787395295e-07,0.32448363304138184,0.47264137864112854,0.004886499606072903,0.3046908378601074,0.42461085319519043,0.006491865962743759,0.31380993127822876,0.3904833495616913,0.008157067932188511,0.33614665269851685,0.3851723372936249,0.010622643865644932,0.3325236737728119,0.33189141750335693,0.00038429925916716456,0.34054094552993774,0.3395285904407501,0.006339957006275654,0.34156548976898193,0.3615860939025879,0.00841553509235382,0.33853423595428467,0.3771992027759552,0.00786377489566803,0.3675587773323059,0.3345963656902313,-0.0036936900578439236,0.3702625036239624,0.3438224494457245,0.00768675422295928,0.3682188093662262,0.3640793561935425,0.01120314747095108,0.3655053377151489,0.38336217403411865,0.010429403744637966,0.3980671763420105,0.3525572717189789,-0.00610979413613677,0.3927563428878784,0.3673616349697113,0.0035481886006891727,0.3878541886806488,0.3845925033092499,0.0061156246811151505,0.3835914731025696,0.40231558680534363,0.004484043922275305,0.42026570439338684,0.3781457543373108,-0.008568491786718369,0.41436657309532166,0.3870791494846344,-0.0015254031168296933,0.408480703830719,0.40293434262275696,0.0034187238197773695,0.40364399552345276,0.41884350776672363,0.006166461389511824,fist
0.37035053968429565,0.5041719079017639,-3.083535204950749e-07,0.3248293995857239,0.47337430715560913,0.005211812909692526,0.30502521991729736,0.4246658384799957,0.0070585026405751705,0.3144022524356842,0.38996440172195435,0.008755466900765896,0.33723485469818115,0.3845667839050293,0.0112296836450696,0.33356714248657227,0.3324127197265625,0.0018688967684283853,0.3394632935523987,0.33877092599868774,0.0075702727772295475,0.34040212631225586,0.3605208098888397,0.0090400455519557,0.3381154537200928,0.37656673789024353,0.008170685730874538,0.36856311559677124,0.33513545989990234,-0.002343667671084404,0.36981865763664246,0.34362539649009705,0.009030877612531185,0.36775830388069153,0.3636923134326935,0.012320490553975105,0.36542320251464844,0.38326048851013184,0.011488771066069603,0.3988637328147888,0.3531301021575928,-0.00501981982961297,0.39256155490875244,0.3670911192893982,0.004534640349447727,0.38749265670776367,0.3839668035507202,0.006809878628700972,0.38356679677963257,0.40192729234695435,0.005118231754750013,0.42081791162490845,0.37871456146240234,-0.00773681839928031,0.4140901267528534,0.3870411515235901,-0.0006944674532860518,0.40811991691589355,0.40269821882247925,0.004171948414295912,0.40372127294540405,0.41889533400535583,0.006965422537177801,fist
0.3712245225906372,0.5048824548721313,-3.08490285760854e-07,0.32540345191955566,0.4740068018436432,0.00455741211771965,0.30559244751930237,0.42476189136505127,0.006222581025213003,0.31532615423202515,0.39004993438720703,0.007836870849132538,0.3379448652267456,0.3847706615924835,0.01022678054869175,0.3340059816837311,0.33288952708244324,0.001279820571653545,0.3400844931602478,0.34027165174484253,0.00657086493447423,0.34110403060913086,0.362131804227829,0.007734221871942282,0.33883464336395264,0.37767091393470764,0.006628421600908041,0.3689025044441223,0.3358405828475952,-0.002825536299496889,0.37010467052459717,0.34499600529670715,0.007891024462878704,0.368123322725296,0.3650946021080017,0.01084953173995018,0.36592498421669006,0.3844121992588043,0.009889001958072186,0.39911022782325745,0.35383114218711853,-0.0054711815901100636,0.3927937150001526,0.3682050108909607,0.003403309965506196,0.3878501355648041,0.38530972599983215,0.005562774371355772,0.3841221332550049,0.40313804149627686,0.003944091498851776,0.42110830545425415,0.3791792392730713,-0.008219746872782707,0.41452556848526,0.3876761198043823,-0.001769188093021512,0.4086970388889313,0.4032396972179413,0.0029198334086686373,0.40442705154418945,0.4190188944339752,0.005679144989699125,fist
0.371194452047348,0.5048995018005371,-3.029288393463503e-07,0.32550057768821716,0.47408443689346313,0.004678862635046244,0.30557289719581604,0.4254491329193115,0.006029878277331591,0.3151546120643616,0.39036422967910767,0.0073900967836380005,0.3380183279514313,0.3843642771244049,0.009563948027789593,0.3333475887775421,0.3332313299179077,0.00015941783203743398,0.3410853147506714,0.3401016592979431,0.005713754333555698,0.34246572852134705,0.36204442381858826,0.007545525208115578,0.33963412046432495,0.3776533603668213,0.006909034214913845,0.36825865507125854,0.3359825909137726,-0.003912834916263819,0.37142816185951233,0.3444765508174896,0.007175402715802193,0.36959511041641235,0.3647935092449188,0.010672193020582199,0.36673110723495483,0.38414227962493896,0.009940806776285172,0.3987606465816498,0.3537299931049347,-0.006394058465957642,0.3941439390182495,0.3679451644420624,0.0029394205193966627,0.3892885446548462,0.38517048954963684,0.005466777831315994,0.384901225566864,0.403098464012146,0.003895956091582775,0.4210479259490967,0.379024863243103,-0.008945866487920284,0.41574177145957947,0.3876633942127228,-0.0020404879469424486,0.40983182191848755,0.40364667773246765,0.0029053203761577606,0.4048723876476288,0.4197726249694824,0.005701004061847925,fist
0.3711024224758148,0.5052170157432556,-2.999878745413298e-07,0.3256342113018036,0.47440022230148315,0.005139087326824665,0.3058818578720093,0.42566198110580444,0.006874071899801493,0.3154965341091156,0.3904505968093872,0.008510559797286987,0.3383493721485138,0.38473084568977356,0.01091207005083561,0.333401083946228,0.3341514766216278,0.001084730145521462,0.3411594033241272,0.3387841284275055,0.007044891826808453,0.3424602746963501,0.3605715334415436,0.00912468507885933,0.3395897150039673,0.3766055405139923,0.008672388270497322,0.3684021532535553,0.3365791141986847,-0.003032754873856902,0.3717677891254425,0.3431643843650818,0.008578781969845295,0.3699473440647125,0.3632834553718567,0.012323212809860706,0.3670348525047302,0.38287365436553955,0.011773119680583477,0.3989930748939514,0.3541809916496277,-0.005561475642025471,0.39472267031669617,0.36677002906799316,0.00420874310657382,0.3899449110031128,0.38381391763687134,0.006741509772837162,0.3855375349521637,0.40192198753356934,0.005134129896759987,0.42132970690727234,0.3794270157814026,-0.008111326023936272,0.41606536507606506,0.3871709704399109,-0.0008993340306915343,0.41016966104507446,0.40315359830856323,0.00408283993601799,0.40523549914360046,0.4196054935455322,0.00688543263822794,fist
0.37144434452056885,0.5052200555801392,-3.022201724434126e-07,0.3255666494369507,0.47467538714408875,0.0053969318978488445,0.30597999691963196,0.4257807433605194,0.007654928136616945,0.31569263339042664,0.390676885843277,0.00987997930496931,0.33838334679603577,0.38497447967529297,0.012840132229030132,0.33352944254875183,0.3337480127811432,0.0017265178030356765,0.34139522910118103,0.3393053114414215,0.008512434549629688,0.3424830436706543,0.36110055446624756,0.01102799829095602,0.3395957350730896,0.37687453627586365,0.010771848261356354,0.3686763346195221,0.33631300926208496,-0.0021502161398530006,0.3717088997364044,0.34448036551475525,0.010490798391401768,0.369652658700943,0.3643454909324646,0.01455090381205082,0.36698830127716064,0.38347139954566956,0.013982954435050488,0.39925312995910645,0.3542419970035553,-0.004379493650048971,0.3947497308254242,0.3674754202365875,0.0061078621074557304,0.3896540701389313,0.3841992914676666,0.008685373701155186,0.38531121611595154,0.40205028653144836,0.006916964892297983,0.42147207260131836,0.379648894071579,-0.006588504649698734,0.4161536991596222,0.38736599683761597,0.0010712455259636045,0.41016268730163574,0.4031783640384674,0.0061528030782938,0.40532997250556946,0.41952601075172424,0.008921163156628609,fist
0.37086910009384155,0.505588948726654,-3.064551208353805e-07,0.3253614008426666,0.4745197296142578,0.005881174933165312,0.3057677745819092,0.4258041977882385,0.008363702334463596,0.31522125005722046,0.39086273312568665,0.010671237483620644,0.3379735052585602,0.38511359691619873,0.01372747216373682,0.33355748653411865,0.3339157998561859,0.002502063987776637,0.3411334156990051,0.3391772508621216,0.009398297406733036,0.3423415720462799,0.36112767457962036,0.012090785428881645,0.33954882621765137,0.37719473242759705,0.012008178047835827,0.36846083402633667,0.33624905347824097,-0.001566692953929305,0.3715643286705017,0.34449002146720886,0.011250859126448631,0.3696497678756714,0.3647701144218445,0.015347031876444817,0.36695197224617004,0.38400301337242126,0.01482611708343029,0.3990190923213959,0.35409781336784363,-0.003983537200838327,0.39437493681907654,0.3681162893772125,0.006633582524955273,0.3893723487854004,0.3852229416370392,0.009116188623011112,0.3849470317363739,0.40305161476135254,0.007289399392902851,0.42134523391723633,0.379572331905365,-0.006348030176013708,0.41611164808273315,0.3878340721130371,0.0013834297424182296,0.4101134240627289,0.40389716625213623,0.0063720569014549255,0.4050940275192261,0.42025816440582275,0.009085808880627155,fist
0.3710080683231354,0.5051767826080322,-3.026504487024795e-07,0.32540419697761536,0.474337637424469,0.00553059671074152,0.3057226240634918,0.42604783177375793,0.007670286111533642,0.31490546464920044,0.39128801226615906,0.009758040308952332,0.337226927280426,0.38554081320762634,0.012590544298291206,0.3329225778579712,0.33410364389419556,0.001494318014010787,0.34101399779319763,0.33926859498023987,0.008023935370147228,0.3424023985862732,0.3609199821949005,0.010575493797659874,0.33960282802581787,0.3767912983894348,0.010456128977239132,0.367900013923645,0.3363368511199951,-0.0024688676930963993,0.37130680680274963,0.3442933261394501,0.009907955303788185,0.36956849694252014,0.36436042189598083,0.013879457488656044,0.3668561279773712,0.38347259163856506,0.013316881842911243,0.39860618114471436,0.3539339303970337,-0.004754310939460993,0.39419856667518616,0.3676828145980835,0.005568604916334152,0.3894558250904083,0.3847613036632538,0.008056444115936756,0.38512757420539856,0.40259483456611633,0.006269965320825577,0.421108216047287,0.3789632022380829,-0.0069863940589129925,0.415725439786911,0.3873440623283386,0.0006065217312425375,0.4099035859107971,0.4034072160720825,0.005606396123766899,0.40502771735191345,0.4197075366973877,0.008339738473296165,fist
0.37127983570098877,0.5043846964836121,-3.0458835453828215e-07,0.32552212476730347,0.47434937953948975,0.004801999311894178,0.3057868182659149,0.42579448223114014,0.00654397439211607,0.31550443172454834,0.39085474610328674,0.008262199349701405,0.3382253348827362,0.38484710454940796,0.010677539743483067,0.3335137367248535,0.33337298035621643,0.001221855403855443,0.3405810594558716,0.3399694859981537,0.0070408424362540245,0.3417908847332001,0.3619040250778198,0.008712968789041042,0.339117169380188,0.37778809666633606,0.007983226329088211,0.3685491383075714,0.3357824981212616,-0.0026140762493014336,0.3709712028503418,0.34469807147979736,0.009172610007226467,0.3691798746585846,0.3649444878101349,0.01263298001140356,0.36654630303382874,0.3840618133544922,0.011737662367522717,0.3990921676158905,0.3535507619380951,-0.0049120765179395676,0.393902987241745,0.3680945932865143,0.00489082932472229,0.38911664485931396,0.3851637542247772,0.007132745813578367,0.3848801553249359,0.4029487073421478,0.005228844936937094,0.4213322699069977,0.3787482976913452,-0.007255642209202051,0.41540834307670593,0.3881417512893677,-0.00013637234224006534,0.40953120589256287,0.404132604598999,0.0046349503099918365,0.40466612577438354,0.4202522039413452,0.007241915445774794,fist
0.3712361752986908,0.5048402547836304,-3.016857590409927e-07,0.3254995048046112,0.4748258590698242,0.004401912447065115,0.30561551451683044,0.42633095383644104,0.006031399592757225,0.3151426911354065,0.39201250672340393,0.007795707788318396,0.337466835975647,0.3865854740142822,0.01030413992702961,0.3330150544643402,0.33329102396965027,0.0005476005608215928,0.3409046232700348,0.3415025472640991,0.006313636898994446,0.34221529960632324,0.3636692762374878,0.008075077086687088,0.3393811583518982,0.37912386655807495,0.007378140930086374,0.36807483434677124,0.33601057529449463,-0.003212670562788844,0.37099242210388184,0.34501591324806213,0.008246148005127907,0.36917543411254883,0.36535972356796265,0.011719878762960434,0.3665796220302582,0.38459905982017517,0.010982858948409557,0.3986293375492096,0.3540070950984955,-0.005427320022135973,0.3936566412448883,0.36848020553588867,0.004111150745302439,0.3888295888900757,0.3858009874820709,0.006378324702382088,0.38464629650115967,0.4035293161869049,0.004637564532458782,0.42087358236312866,0.3795134425163269,-0.007718588225543499,0.41523152589797974,0.38884222507476807,-0.0008803582168184221,0.40934300422668457,0.4049404263496399,0.003787985071539879,0.40446630120277405,0.420888751745224,0.006418256554752588,fist
0.3704836070537567,0.5053709745407104,-3.023649810529605e-07,0.3252262771129608,0.4742658734321594,0.004967619199305773,0.3055027723312378,0.425771564245224,0.0067206816747784615,0.31510835886001587,0.3910426199436188,0.008466947823762894,0.3377263844013214,0.3854199945926666,0.011006927117705345,0.33283179998397827,0.33389148116111755,0.0010109328432008624,0.3414834439754486,0.3400709331035614,0.0069169881753623486,0.342724472284317,0.3621959984302521,0.008998139761388302,0.3396223783493042,0.3780009150505066,0.008533819578588009,0.36785027384757996,0.3364541232585907,-0.0029911594465374947,0.37140020728111267,0.3441612720489502,0.008592514321208,0.3696456551551819,0.36469408869743347,0.012298314832150936,0.36689791083335876,0.3841031491756439,0.011736302636563778,0.3984837830066681,0.3542429208755493,-0.005422273650765419,0.39393550157546997,0.36828023195266724,0.004341277293860912,0.38913217186927795,0.38565289974212646,0.0067473468370735645,0.38467270135879517,0.40352562069892883,0.005043514538556337,0.42093130946159363,0.3796662986278534,-0.007896190509200096,0.4156309962272644,0.3891722857952118,-0.000957019510678947,0.4097263514995575,0.40531209111213684,0.0036738950293511152,0.4046076834201813,0.4213487207889557,0.006273355800658464,fist
0.37058669328689575,0.505020022392273,-2.999698267558415e-07,0.3248637914657593,0.47409725189208984,0.0047613028436899185,0.30584412813186646,0.424973726272583,0.00652483943849802,0.3166581094264984,0.38953572511672974,0.008229507133364677,0.33970198035240173,0.3827800154685974,0.010678857564926147,0.33294832706451416,0.33381158113479614,0.00161082879640162,0.34084460139274597,0.34033897519111633,0.007570258341729641,0.34203779697418213,0.36238914728164673,0.00936069618910551,0.3392714560031891,0.3780243694782257,0.008678222075104713,0.3680104911327362,0.336178719997406,-0.002269400516524911,0.3709600865840912,0.3441968262195587,0.00941273383796215,0.36906394362449646,0.3644780218601227,0.012836389243602753,0.3664413094520569,0.383841335773468,0.012044659815728664,0.3986016809940338,0.353821724653244,-0.004644571803510189,0.39371392130851746,0.36802443861961365,0.005114959552884102,0.3886728286743164,0.3854774534702301,0.007422353141009808,0.3843379616737366,0.4033047556877136,0.005658451467752457,0.4209873080253601,0.37905821204185486,-0.007092315703630447,0.41551893949508667,0.3878933787345886,0.0001155688805738464,0.40941929817199707,0.40406709909439087,0.00499962642788887,0.4043758511543274,0.4201299846172333,0.007711546495556831,fist
0.3700060546398163,0.5058897137641907,-3.010283080584486e-07,0.3248775899410248,0.4745396673679352,0.004959937650710344,0.3056700527667999,0.4255901575088501,0.006927033420652151,0.3157684803009033,0.3908006250858307,0.00889863632619381,0.3384285271167755,0.3848726153373718,0.011644133366644382,0.3325246572494507,0.3343387544155121,0.0013355349656194448,0.3415430784225464,0.3407348394393921,0.007488378789275885,0.3427653908729553,0.36285102367401123,0.0096940528601408,0.3394366204738617,0.37856462597846985,0.009282189421355724,0.36759626865386963,0.3367301821708679,-0.002599121769890189,0.3715348243713379,0.34443140029907227,0.009118323214352131,0.3697436451911926,0.36489376425743103,0.012727600522339344,0.3666954040527344,0.38435739278793335,0.012106901034712791,0.3983146548271179,0.35438764095306396,-0.004953001160174608,0.394111692905426,0.3685840964317322,0.004914543125778437,0.3891991674900055,0.38618892431259155,0.007316948380321264,0.38446304202079773,0.40398046374320984,0.005608290433883667,0.42082276940345764,0.37985527515411377,-0.007353168912231922,0.4159153401851654,0.3890899121761322,-0.00021973683033138514,0.40992867946624756,0.4055498242378235,0.004563621710985899,0.404632568359375,0.42169296741485596,0.007224591448903084,fist
0.3702664375305176,0.5055758953094482,-3.015640288595023e-07,0.324767142534256,0.4743969142436981,0.004615828860551119,0.3056250810623169,0.42532363533973694,0.006200284697115421,0.31604358553886414,0.3901989161968231,0.0077256010845303535,0.33896902203559875,0.3840058743953705,0.009974611923098564,0.3330625891685486,0.3340405821800232,0.0013065069215372205,0.34035855531692505,0.34146010875701904,0.0068955919705331326,0.34156519174575806,0.3633502125740051,0.008375178091228008,0.33887436985969543,0.37894508242607117,0.007508798968046904,0.36793428659439087,0.33653950691223145,-0.00259150261990726,0.37055233120918274,0.345939576625824,0.008740325458347797,0.36872419714927673,0.3662954270839691,0.011895956471562386,0.3660956621170044,0.3855770230293274,0.010918653570115566,0.3984242379665375,0.3542986512184143,-0.0049915495328605175,0.3934346139431,0.36914750933647156,0.00449345912784338,0.38848963379859924,0.38658779859542847,0.006709737703204155,0.38416582345962524,0.4044628441333771,0.004916688427329063,0.42081987857818604,0.3795928359031677,-0.007486394140869379,0.4154083728790283,0.3889409899711609,-0.0004939598147757351,0.40942510962486267,0.4052022695541382,0.004331057891249657,0.4044715464115143,0.4213256537914276,0.007039909716695547,fist
0.8183443546295166,0.4812193810939789,-5.072828912489058e-07,0.7475770711898804,0.43726086616516113,-0.011075547896325588,0.7046034932136536,0.3706362247467041,-0.01443408988416195,0.7002520561218262,0.29526492953300476,-0.022159216925501823,0.7142497301101685,0.23817992210388184,-0.026458963751792908,0.7427411079406738,0.3018975555896759,0.026506515219807625,0.7362167239189148,0.25155383348464966,-0.00023663525644224137,0.7434986233711243,0.30348268151283264,-0.019873032346367836,0.7499760985374451,0.34853652119636536,-0.02802099660038948,0.780905544757843,0.29795655608177185,0.021043064072728157,0.7741765379905701,0.24918565154075623,-0.009245152585208416,0.7789300680160522,0.32013532519340515,-0.022748803719878197,0.783073902130127,0.36712679266929626,-0.022376984357833862,0.8185256123542786,0.3034757375717163,0.009520295076072216,0.8131725788116455,0.24918630719184875,-0.02111303247511387,0.8107654452323914,0.3216724097728729,-0.015445606783032417,0.8116943836212158,0.3707728385925293,-0.0005116576212458313,0.8581811189651489,0.31958654522895813,-0.003377638291567564,0.8492701053619385,0.2710917294025421,-0.020232751965522766,0.8409460186958313,0.3175768554210663,-0.01051722839474678,0.8391016125679016,0.3519970774650574,0.0035517921205610037,fist
0.82560795545578,0.47885197401046753,-5.004444005862752e-07,0.7570726871490479,0.43693995475769043,-0.012173742055892944,0.7158850431442261,0.3729316294193268,-0.01605166308581829,0.7113699913024902,0.29773110151290894,-0.02377668023109436,0.725570023059845,0.2412039339542389,-0.02771369181573391,0.7509026527404785,0.30508795380592346,0.024652784690260887,0.747637927532196,0.2553749680519104,-0.0026261156890541315,0.7536295652389526,0.30961737036705017,-0.02172175422310829,0.7598271369934082,0.35524213314056396,-0.02930455282330513,0.7885625958442688,0.3018192648887634,0.020024174824357033,0.7849562764167786,0.2520732283592224,-0.010752145200967789,0.7884507775306702,0.3242773413658142,-0.02339087426662445,0.7918193340301514,0.3706202208995819,-0.022260991856455803,0.825049877166748,0.3075885772705078,0.00926686730235815,0.8225572109222412,0.25371354818344116,-0.021270256489515305,0.8189830183982849,0.325469434261322,-0.0151050491258502,0.8190698027610779,0.37244105339050293,0.00012285681441426277,0.8635833263397217,0.32304948568344116,-0.002947673201560974,0.8572514057159424,0.27620792388916016,-0.019266892224550247,0.848645031452179,0.3218368589878082,-0.009567533619701862,0.8456613421440125,0.3541725277900696,0.004385927692055702,fist
0.8265991806983948,0.47870391607284546,-5.053935865362291e-07,0.758537232875824,0.43694666028022766,-0.012226630002260208,0.7172993421554565,0.3729275166988373,-0.016161754727363586,0.7125893235206604,0.2976076304912567,-0.023897191509604454,0.7273183465003967,0.2411804050207138,-0.0278470441699028,0.7522642612457275,0.30471035838127136,0.02423115074634552,0.7490231990814209,0.25503385066986084,-0.00303722289390862,0.7549710273742676,0.30930399894714355,-0.02196021005511284,0.761181652545929,0.35534557700157166,-0.029407553374767303,0.7898333072662354,0.3012493848800659,0.019654231145977974,0.786273717880249,0.25211021304130554,-0.011013219133019447,0.7899482846260071,0.3243875503540039,-0.02345610409975052,0.7933613061904907,0.3707779347896576,-0.022209834307432175,0.8262979388237,0.3069379925727844,0.00896388292312622,0.8238676190376282,0.2539440095424652,-0.02140142396092415,0.8204798698425293,0.3255159258842468,-0.015124457888305187,0.8205859661102295,0.3722623288631439,0.00010065834794659168,0.8646937608718872,0.3224944472312927,-0.003193714888766408,0.8583997488021851,0.27623486518859863,-0.0193684920668602,0.8499473333358765,0.32194963097572327,-0.009628860279917717,0.8471101522445679,0.35414984822273254,0.004297897685319185,fist
0.8299692273139954,0.4801579415798187,-5.01481736137066e-07,0.761151134967804,0.4380011558532715,-0.010973868891596794,0.7192345857620239,0.37378960847854614,-0.014245940372347832,0.7138575315475464,0.2980813682079315,-0.02174750156700611,0.7283733487129211,0.241546630859375,-0.025592921301722527,0.7540916204452515,0.30656275153160095,0.026779141277074814,0.7506119608879089,0.25526928901672363,3.609822306316346e-05,0.756965696811676,0.30822768807411194,-0.01899966597557068,0.7636319398880005,0.3545222878456116,-0.026471944525837898,0.7916741967201233,0.30317622423171997,0.02185663767158985,0.7876631617546082,0.25307372212409973,-0.008456640876829624,0.7918853759765625,0.324379563331604,-0.02130836807191372,0.7958095669746399,0.37177562713623047,-0.020250553265213966,0.8281571269035339,0.3085055947303772,0.01084840577095747,0.8249102830886841,0.2544337511062622,-0.01916462928056717,0.8221932649612427,0.32539740204811096,-0.013337870128452778,0.8229672908782959,0.37350812554359436,0.00169846520293504,0.8669307231903076,0.32323193550109863,-0.0015282954555004835,0.8597204685211182,0.27560651302337646,-0.01744270697236061,0.8516245484352112,0.32104507088661194,-0.007765986490994692,0.8492779731750488,0.3544140160083771,0.0061908685602247715,fist
0.8312420845031738,0.4801855683326721,-5.0522538685982e-07,0.762451708316803,0.4381817877292633,-0.011703946627676487,0.7203627824783325,0.3745609223842621,-0.01538405567407608,0.714977502822876,0.2982828617095947,-0.02304810658097267,0.7300620675086975,0.2411171793937683,-0.02695569396018982,0.7550816535949707,0.3057997226715088,0.02612941525876522,0.7518537640571594,0.25602471828460693,-0.0008831358863972127,0.7580134868621826,0.30965399742126465,-0.019968559965491295,0.7646401524543762,0.3561626970767975,-0.02743733488023281,0.7924817204475403,0.3020669221878052,0.021586919203400612,0.7887195944786072,0.25259530544281006,-0.00888784509152174,0.7929250001907349,0.3245338797569275,-0.021649643778800964,0.7968418598175049,0.3720647692680359,-0.020525356754660606,0.8288983106613159,0.3072829246520996,0.010889777913689613,0.8259634971618652,0.25417861342430115,-0.019249722361564636,0.8232560753822327,0.325518399477005,-0.013417146168649197,0.8239322304725647,0.3732247054576874,0.0016189932357519865,0.867569625377655,0.3221825063228607,-0.0012295731576159596,0.8606444001197815,0.2755158841609955,-0.017205476760864258,0.8525325655937195,0.3215141296386719,-0.007611954119056463,0.8499624729156494,0.35470709204673767,0.006288440898060799,fist
0.8317012786865234,0.48010116815567017,-5.071009354651324e-07,0.7629360556602478,0.4387328624725342,-0.011285172775387764,0.7211862802505493,0.37510883808135986,-0.014749773778021336,0.7163606286048889,0.2991386353969574,-0.022262712940573692,0.7314574718475342,0.24236534535884857,-0.026199279353022575,0.7560423016548157,0.30669498443603516,0.025876471772789955,0.7531189918518066,0.2568647265434265,-0.0009075428824871778,0.7588739991188049,0.3098941445350647,-0.019903285428881645,0.7653569579124451,0.3563832640647888,-0.02734929695725441,0.7933397889137268,0.3029172718524933,0.021184632554650307,0.7898969054222107,0.25315433740615845,-0.009061811491847038,0.7938726544380188,0.3250185549259186,-0.02168353646993637,0.7978411316871643,0.3731459975242615,-0.020474622026085854,0.8297032713890076,0.3080059289932251,0.010449707508087158,0.8266698122024536,0.25467342138290405,-0.019540732726454735,0.8239824771881104,0.32629942893981934,-0.013610417023301125,0.824857234954834,0.37445467710494995,0.001483334694057703,0.8683586120605469,0.32284310460090637,-0.0016503653023391962,0.8613128066062927,0.2757219970226288,-0.01762966997921467,0.8531430959701538,0.32191571593284607,-0.00791966076940298,0.8505502939224243,0.35555317997932434,0.006067101843655109,fist
0.8324522972106934,0.48078393936157227,-5.089297019367223e-07,0.7638369202613831,0.43970343470573425,-0.011330889537930489,0.7219303846359253,0.3756500780582428,-0.014518286101520061,0.7169602513313293,0.29995474219322205,-0.02182244323194027,0.7318832874298096,0.24357126653194427,-0.025517519563436508,0.7570116519927979,0.30644190311431885,0.027117041870951653,0.7536190152168274,0.25734084844589233,5.3363550250651315e-05,0.7598426342010498,0.3099385201931,-0.01933976076543331,0.7668211460113525,0.3564845025539398,-0.026902012526988983,0.794258177280426,0.3027520179748535,0.022415515035390854,0.7907668948173523,0.2538203299045563,-0.008128561079502106,0.7946658730506897,0.32616767287254333,-0.020978154614567757,0.7988801598548889,0.37429460883140564,-0.019668253138661385,0.8304337859153748,0.30803391337394714,0.011512509547173977,0.8273430466651917,0.2552258372306824,-0.018837956711649895,0.8244666457176208,0.327317476272583,-0.013007082045078278,0.8256772756576538,0.3752707540988922,0.00227976287715137,0.8691600561141968,0.3232537508010864,-0.0007822432089596987,0.862224817276001,0.2763715982437134,-0.016854556277394295,0.8536446690559387,0.32298743724823,-0.007086116820573807,0.8509264588356018,0.35644808411598206,0.0070786066353321075,fist
0.8336799144744873,0.48053354024887085,-5.103709099785192e-07,0.7649648189544678,0.4394223690032959,-0.011836023069918156,0.7227460145950317,0.37484240531921387,-0.015175946988165379,0.7181123495101929,0.29868748784065247,-0.022486720234155655,0.7341510057449341,0.24224738776683807,-0.026120569556951523,0.7584537267684937,0.30560532212257385,0.02697823941707611,0.7555016279220581,0.25806689262390137,-0.00024375837529078126,0.7610174417495728,0.3114057183265686,-0.019721070304512978,0.7670361995697021,0.3578592538833618,-0.027379436418414116,0.7956904768943787,0.3020452558994293,0.02248458005487919,0.792112410068512,0.2537098228931427,-0.00825695414096117,0.7959753274917603,0.32617220282554626,-0.02111346274614334,0.7995229959487915,0.37401264905929565,-0.019826840609312057,0.831860363483429,0.3076482117176056,0.011711234226822853,0.8285611867904663,0.25513631105422974,-0.01878119260072708,0.8258504271507263,0.32714593410491943,-0.012848884798586369,0.8266679644584656,0.3746371567249298,0.002488313242793083,0.8703636527061462,0.3231416940689087,-0.000506525975652039,0.8630374073982239,0.2769967019557953,-0.016655772924423218,0.8550227284431458,0.3235359787940979,-0.006891254801303148,0.8527030944824219,0.35629889369010925,0.007247977424412966,fist
0.833510160446167,0.4789476692676544,-5.160812861504382e-07,0.7657241225242615,0.438894659280777,-0.011993581429123878,0.7233893871307373,0.37248873710632324,-0.01539642084389925,0.7189523577690125,0.29687610268592834,-0.022550614550709724,0.7352588772773743,0.2419060468673706,-0.02602335438132286,0.7596484422683716,0.30335354804992676,0.024234957993030548,0.7573183178901672,0.25624358654022217,-0.0032972085755318403,0.7622255682945251,0.3111148178577423,-0.022489286959171295,0.7678423523902893,0.3577612042427063,-0.02985082007944584,0.796506404876709,0.3004148304462433,0.019811272621154785,0.7939264178276062,0.2523086667060852,-0.011315753683447838,0.7969467639923096,0.32540929317474365,-0.023693453520536423,0.800018846988678,0.3731398582458496,-0.02197819948196411,0.8323718309402466,0.3062613606452942,0.009292111732065678,0.8299258947372437,0.25460201501846313,-0.021262288093566895,0.8266538381576538,0.3269799053668976,-0.015188989229500294,0.8268759846687317,0.37408170104026794,0.00019439343304838985,0.8702187538146973,0.32183021306991577,-0.002648187568411231,0.8641748428344727,0.27595824003219604,-0.018960382789373398,0.8559907078742981,0.3228572905063629,-0.00933136511594057,0.8530348539352417,0.35587412118911743,0.004707822110503912,fist
0.8341696858406067,0.4780464470386505,-5.157088480700622e-07,0.7664081454277039,0.4386622905731201,-0.01180888433009386,0.7242953181266785,0.37219110131263733,-0.014902213588356972,0.7200912237167358,0.29600685834884644,-0.021873557940125465,0.7363401055335999,0.2411365509033203,-0.025224292650818825,0.7604941129684448,0.30282261967658997,0.025768322870135307,0.7575210332870483,0.25513774156570435,-0.0012891674414277077,0.7629780173301697,0.30932971835136414,-0.020555509254336357,0.7692785859107971,0.3564942479133606,-0.02800757996737957,0.7975262403488159,0.299910306930542,0.02138441801071167,0.7945741415023804,0.25204211473464966,-0.009092130698263645,0.7980210185050964,0.32469382882118225,-0.021610938012599945,0.8015394806861877,0.37311097979545593,-0.02007201500236988,0.8334622979164124,0.3058985471725464,0.010831624269485474,0.830686628818512,0.2540895640850067,-0.01945233717560768,0.8276652693748474,0.3261498808860779,-0.013697977177798748,0.8282696604728699,0.3740988075733185,0.0014622451271861792,0.871549665927887,0.32150599360466003,-0.0011416352353990078,0.8649935126304626,0.27587494254112244,-0.017581550404429436,0.8567272424697876,0.32276543974876404,-0.008244071155786514,0.8539506196975708,0.3564808666706085,0.0056307073682546616,fist
0.8346655964851379,0.47802603244781494,-5.090280410513515e-07,0.7668546438217163,0.438002347946167,-0.011479907669126987,0.7251147031784058,0.3719958961009979,-0.014524967409670353,0.7214739322662354,0.29596883058547974,-0.021636079996824265,0.7378011345863342,0.24045780301094055,-0.025265028700232506,0.7612093091011047,0.3035731017589569,0.02703845500946045,0.7581882476806641,0.2554142475128174,0.0002795504406094551,0.763258159160614,0.3081122636795044,-0.019082926213741302,0.7693455219268799,0.354920893907547,-0.026676470413804054,0.7979925870895386,0.3003426790237427,0.02250765822827816,0.7947441935539246,0.25149479508399963,-0.007471126038581133,0.7981989979743958,0.32319650053977966,-0.020080111920833588,0.8020308613777161,0.37172332406044006,-0.018680110573768616,0.8338788747787476,0.3060932755470276,0.01174977421760559,0.8309119343757629,0.2536815404891968,-0.018194831907749176,0.8280723094940186,0.3252919912338257,-0.01258060522377491,0.8290159106254578,0.3735671937465668,0.002455296693369746,0.8721922039985657,0.32161036133766174,-0.00042956945253536105,0.8654902577400208,0.2750456929206848,-0.01659463718533516,0.8571014404296875,0.3213113844394684,-0.007254371885210276,0.8543263077735901,0.3551105856895447,0.006550552789121866,fist
0.834252655506134,0.47628194093704224,-4.99876421145018e-07,0.7662267088890076,0.43631136417388916,-0.011047299019992352,0.724249005317688,0.37012532353401184,-0.013879657723009586,0.7205185890197754,0.2945074439048767,-0.020736102014780045,0.7370567917823792,0.24041369557380676,-0.024085162207484245,0.7609304785728455,0.3025017976760864,0.02635548636317253,0.7583518624305725,0.2538067698478699,-0.00014843972167000175,0.7635388374328613,0.3062158226966858,-0.019312238320708275,0.7696090340614319,0.35322079062461853,-0.026828303933143616,0.7976499795913696,0.2994261384010315,0.02166992798447609,0.7948309183120728,0.25039973855018616,-0.008365786634385586,0.7984141707420349,0.3216016888618469,-0.020957522094249725,0.8023667931556702,0.37024253606796265,-0.01956600695848465,0.8333302736282349,0.30513620376586914,0.01093626394867897,0.8311822414398193,0.25314074754714966,-0.018833136186003685,0.8283538818359375,0.32426217198371887,-0.013196495361626148,0.8291333317756653,0.3727352023124695,0.0017446312122046947,0.8715491890907288,0.3205331861972809,-0.001197488629259169,0.8658190965652466,0.27453139424324036,-0.017428144812583923,0.8576999306678772,0.3208080530166626,-0.00822450965642929,0.854685366153717,0.35476094484329224,0.0054434980265796185,fist
0.8353027701377869,0.476078063249588,-4.997565383746405e-07,0.7669357657432556,0.43581318855285645,-0.01093293447047472,0.7248226404190063,0.3703749477863312,-0.0136116286739707,0.7208458185195923,0.2944198250770569,-0.020423466339707375,0.7374545335769653,0.2399289906024933,-0.023727821186184883,0.7609428763389587,0.30266454815864563,0.027739232406020164,0.7582938075065613,0.2538336515426636,0.001482318271882832,0.7636986970901489,0.3059147000312805,-0.017652027308940887,0.7700691819190979,0.35285094380378723,-0.025159096345305443,0.7977151274681091,0.2994917631149292,0.02307637222111225,0.7948648929595947,0.25045114755630493,-0.006758725270628929,0.79844731092453,0.32157349586486816,-0.01947636716067791,0.8023582100868225,0.3703305721282959,-0.01815093122422695,0.833426833152771,0.3050619959831238,0.012268644757568836,0.8309561014175415,0.2527890205383301,-0.017429623752832413,0.8281176090240479,0.32368406653404236,-0.012009821832180023,0.8290265798568726,0.3722573518753052,0.002843668684363365,0.8716903924942017,0.3202754259109497,7.256487151607871e-05,0.8655617833137512,0.27392929792404175,-0.016023438423871994,0.8573130965232849,0.31990838050842285,-0.0068464805372059345,0.8544881343841553,0.35394737124443054,0.006830870173871517,fist
0.8346191644668579,0.47468602657318115,-4.987585384697013e-07,0.766635000705719,0.4347723722457886,-0.011059521697461605,0.72507643699646,0.3695196509361267,-0.013890845701098442,0.7212216258049011,0.2938094437122345,-0.020756274461746216,0.7370394468307495,0.23936881124973297,-0.024164721369743347,0.7608579397201538,0.3017773926258087,0.026194065809249878,0.7587262988090515,0.2529955804347992,-4.008617452200269e-06,0.7634991407394409,0.30548277497291565,-0.018892968073487282,0.7694889903068542,0.3525729477405548,-0.026247987523674965,0.7975667715072632,0.29869839549064636,0.02160038612782955,0.7951469421386719,0.24971503019332886,-0.008227016776800156,0.7983116507530212,0.32059162855148315,-0.020835867151618004,0.8021489381790161,0.36968109011650085,-0.01952996850013733,0.8332622647285461,0.30440378189086914,0.01100895181298256,0.8312113881111145,0.2527591288089752,-0.018623197451233864,0.8280772566795349,0.3232609033584595,-0.013346916064620018,0.8285585045814514,0.3718796372413635,0.0012985774083063006,0.8712881207466125,0.3197351396083832,-0.0009361184202134609,0.8658358454704285,0.27351564168930054,-0.017219576984643936,0.8572463393211365,0.31940922141075134,-0.008241587318480015,0.8536195755004883,0.35409820079803467,0.00528253149241209,fist
0.8351616263389587,0.47430410981178284,-5.132492901793739e-07,0.7673361301422119,0.43597573041915894,-0.011487443931400776,0.725649893283844,0.3690149188041687,-0.014176232740283012,0.7218450903892517,0.2928085923194885,-0.020681018009781837,0.7371708750724792,0.23869305849075317,-0.023566551506519318,0.7610849142074585,0.3002772927284241,0.025405336171388626,0.759040117263794,0.2516814172267914,-0.0010841559851542115,0.764110267162323,0.30561500787734985,-0.019792059436440468,0.7701645493507385,0.35242411494255066,-0.026988016441464424,0.798093318939209,0.29715755581855774,0.02099938690662384,0.7959210276603699,0.24859215319156647,-0.00909462757408619,0.7990823984146118,0.3211706280708313,-0.021307574585080147,0.8025518655776978,0.36952394247055054,-0.01963936537504196,0.8338285088539124,0.3029995560646057,0.010560845956206322,0.8317850828170776,0.2512781620025635,-0.019250167533755302,0.828813910484314,0.32316896319389343,-0.013204073533415794,0.8294544219970703,0.3709450364112854,0.001954014878720045,0.8718563318252563,0.3183186650276184,-0.001281348755583167,0.8661741614341736,0.27242180705070496,-0.0175433699041605,0.8581528067588806,0.31954407691955566,-0.008097200654447079,0.855259358882904,0.35315290093421936,0.005743025802075863,fist
0.8362366557121277,0.47414299845695496,-5.121432309351803e-07,0.768124520778656,0.4343276619911194,-0.011711089871823788,0.7270541787147522,0.36853906512260437,-0.014680629596114159,0.7233290672302246,0.29247450828552246,-0.021555040031671524,0.7389091849327087,0.23730051517486572,-0.02475389838218689,0.7622851133346558,0.2997528314590454,0.026479491963982582,0.7598308324813843,0.2516632676124573,-1.652964965614956e-05,0.7651084661483765,0.30572086572647095,-0.018923960626125336,0.7711978554725647,0.35253918170928955,-0.026216601952910423,0.7991344928741455,0.2963893711566925,0.022265629842877388,0.7964486479759216,0.24876266717910767,-0.00761518394574523,0.8000720739364624,0.32081833481788635,-0.020041387528181076,0.8036783337593079,0.36902278661727905,-0.01859569363296032,0.8348650336265564,0.30212709307670593,0.011884909123182297,0.8323729038238525,0.2506779730319977,-0.017826328054070473,0.8295465111732483,0.32196617126464844,-0.012151584960520267,0.8301530480384827,0.3698667585849762,0.00277784769423306,0.872624397277832,0.31756365299224854,6.215162284206599e-05,0.8667604327201843,0.2715599238872528,-0.016159506514668465,0.858527660369873,0.3181570768356323,-0.006940797436982393,0.855502724647522,0.35225218534469604,0.006791763007640839,fist
0.8367722034454346,0.47347015142440796,-5.105542868477642e-07,0.7688588500022888,0.43443429470062256,-0.011473672464489937,0.7272343635559082,0.36838018894195557,-0.014287772588431835,0.7230029106140137,0.2919502258300781,-0.021030353382229805,0.7390263080596924,0.23724786937236786,-0.02409704215824604,0.7626169323921204,0.29969730973243713,0.02648118883371353,0.760219156742096,0.2507932782173157,-6.184974336065352e-05,0.7654902338981628,0.30453938245773315,-0.018900563940405846,0.7717045545578003,0.3515247702598572,-0.0261367354542017,0.7994606494903564,0.29651159048080444,0.022124502807855606,0.7968158721923828,0.24787533283233643,-0.00803284253925085,0.8003318309783936,0.32029247283935547,-0.02039584144949913,0.8041641712188721,0.368608295917511,-0.018781214952468872,0.8352175951004028,0.3022213280200958,0.011637495830655098,0.8329800367355347,0.25034719705581665,-0.018256818875670433,0.8300794363021851,0.32213330268859863,-0.012375528924167156,0.8308077454566956,0.3700640797615051,0.002781813032925129,0.8733378052711487,0.3174598515033722,-0.00027495212270878255,0.8677675724029541,0.27148205041885376,-0.016478896141052246,0.8594183921813965,0.3183017075061798,-0.007162224501371384,0.8562042713165283,0.35211336612701416,0.006631473079323769,fist
0.8364375829696655,0.47489526867866516,-5.075366971141193e-07,0.7687749266624451,0.4339830279350281,-0.0119203832000494,0.7273823618888855,0.3677167296409607,-0.014773443341255188,0.7235624194145203,0.29165253043174744,-0.021559229120612144,0.7398226261138916,0.2367820292711258,-0.02468600869178772,0.7635260820388794,0.2987404465675354,0.027357006445527077,0.7613657712936401,0.2503880262374878,0.001054262975230813,0.7657713294029236,0.3040037453174591,-0.018055450171232224,0.7715391516685486,0.35115498304367065,-0.02552502043545246,0.8003045320510864,0.2955670952796936,0.023348763585090637,0.7981165051460266,0.2476995587348938,-0.006742709316313267,0.8009113669395447,0.3194724917411804,-0.01970781944692135,0.8043179512023926,0.3686225414276123,-0.018443794921040535,0.8359650373458862,0.30163782835006714,0.013125861994922161,0.8340367078781128,0.25084495544433594,-0.016815563663840294,0.8305732607841492,0.32160523533821106,-0.011861912906169891,0.8310132026672363,0.3701968789100647,0.00280447187833488,0.8738762736320496,0.3174181580543518,0.0014659264124929905,0.8684104084968567,0.2715287208557129,-0.01496109738945961,0.8598528504371643,0.3175649642944336,-0.006180998869240284,0.8565906286239624,0.35199224948883057,0.007372482679784298,fist
0.7291953563690186,0.447328120470047,-1.832677156698992e-07,0.790376603603363,0.4041261374950409,-0.002839704044163227,0.8228358030319214,0.3281797766685486,-0.0015486935153603554,0.8113221526145935,0.25328364968299866,0.0020201485604047775,0.7768993377685547,0.23441028594970703,0.004876092076301575,0.76556396484375,0.24082791805267334,-0.0019430996617302299,0.7625147104263306,0.2425134778022766,0.0022527086548507214,0.7632210850715637,0.2798430323600769,-0.001735700643621385,0.7660304307937622,0.305204302072525,-0.006212944630533457,0.7200455069541931,0.2445487380027771,0.0004571414028760046,0.7214617729187012,0.2551244795322418,0.01459572371095419,0.7252821922302246,0.2848963737487793,0.013155353255569935,0.7297545671463013,0.31204694509506226,0.007375265937298536,0.6823313236236572,0.26580047607421875,0.0045652249827980995,0.6864826679229736,0.2779732048511505,0.01614786498248577,0.694391131401062,0.3022267818450928,0.01556288544088602,0.7024031281471252,0.3290395438671112,0.010530425235629082,0.6511467695236206,0.2942693531513214,0.008581714704632759,0.6571005582809448,0.30504533648490906,0.015384400263428688,0.6659296751022339,0.33121737837791443,0.019691001623868942,0.674025297164917,0.3548245131969452,0.022400621324777603,fist
0.7351199388504028,0.44707754254341125,-1.7972620014461427e-07,0.7927957773208618,0.4032728672027588,-0.0022408119402825832,0.8236699104309082,0.33599695563316345,-0.001963335555046797,0.8067446947097778,0.2732379734516144,6.163059151731431e-05,0.7725588083267212,0.2559749484062195,0.0014509214088320732,0.778537929058075,0.24915781617164612,-0.0011118652764707804,0.7643679976463318,0.24882175028324127,0.00024977370048873127,0.7628813982009888,0.2832479774951935,-0.0044547379948198795,0.7687505483627319,0.3100428581237793,-0.008533235639333725,0.7328370213508606,0.24781399965286255,0.00016279392002616078,0.7240514755249023,0.25792694091796875,0.010440325364470482,0.7258005142211914,0.28803855180740356,0.008711055852472782,0.7330013513565063,0.3165706396102905,0.004262122325599194,0.6940362453460693,0.26587197184562683,0.002791603095829487,0.6892397403717041,0.27787354588508606,0.010545378550887108,0.6957142949104309,0.30437159538269043,0.010175899602472782,0.7059370875358582,0.3320251703262329,0.006853502243757248,0.6620362997055054,0.29324209690093994,0.005386929959058762,0.6607024669647217,0.3066064417362213,0.008920110762119293,0.6685670018196106,0.33470332622528076,0.012849702499806881,0.6781638264656067,0.3580530285835266,0.016478221863508224,fist
0.7354616522789001,0.4478332996368408,-1.7686814146600227e-07,0.7921745777130127,0.4029187560081482,-0.002756608882918954,0.8229333162307739,0.3381001055240631,-0.0032312239054590464,0.805071234703064,0.27843064069747925,-0.002180597046390176,0.7712097764015198,0.26069360971450806,-0.0017238636501133442,0.7808822393417358,0.252542108297348,-4.890464333584532e-05,0.7660606503486633,0.25216972827911377,-8.589203207520768e-05,0.7629878520965576,0.28696316480636597,-0.005866189021617174,0.7684857845306396,0.31436148285865784,-0.010522090829908848,0.7349662780761719,0.24957984685897827,0.000838647538330406,0.7251033186912537,0.2594485282897949,0.008957824669778347,0.7256227135658264,0.2901230752468109,0.0062402477487921715,0.7329757809638977,0.31950414180755615,0.0017613816307857633,0.695717453956604,0.2662162184715271,0.0027970385272055864,0.6898020505905151,0.2773324251174927,0.008050856180489063,0.6950389742851257,0.3053320050239563,0.007389667443931103,0.7054101228713989,0.3338108956813812,0.004793993197381496,0.6633643507957458,0.2929215431213379,0.004739247728139162,0.6603825688362122,0.3044428825378418,0.006322536151856184,0.667452335357666,0.3334076702594757,0.010234120301902294,0.6774283647537231,0.3578067421913147,0.014518694020807743,fist
0.7342544794082642,0.44846558570861816,-1.864024881115256e-07,0.7922292351722717,0.4048830270767212,-0.002953381510451436,0.8220460414886475,0.3391319513320923,-0.0032921188976615667,0.8027166724205017,0.2798227369785309,-0.0020467692520469427,0.7682713866233826,0.2625727653503418,-0.0015453933738172054,0.7818277478218079,0.2528332471847534,-0.0013248679460957646,0.7655074000358582,0.25343626737594604,-0.0019080598140135407,0.7619900107383728,0.28892725706100464,-0.007992640137672424,0.7673300504684448,0.31686869263648987,-0.012827298603951931,0.7357393503189087,0.24900273978710175,-0.00027033413061872125,0.7249963283538818,0.26109498739242554,0.0075421943329274654,0.7253583073616028,0.2929273843765259,0.00490411464124918,0.7328587174415588,0.3225908875465393,0.0004992096219211817,0.6960944533348083,0.2652813792228699,0.001848770072683692,0.6894679665565491,0.2793594300746918,0.0066309841349720955,0.6947576999664307,0.30872005224227905,0.005609140265733004,0.7053544521331787,0.33756008744239807,0.0027914249803870916,0.6630538702011108,0.2918097674846649,0.00394680630415678,0.6597161293029785,0.3069906532764435,0.004640744999051094,0.667059063911438,0.33723554015159607,0.00763505045324564,0.6773408055305481,0.36174142360687256,0.011318872682750225,fist
0.7341135144233704,0.44945138692855835,-1.856388536225495e-07,0.7919252514839172,0.40673714876174927,-0.003425564616918564,0.8216739296913147,0.340642511844635,-0.004075315780937672,0.8024628758430481,0.2811410129070282,-0.0030261108186095953,0.7683181166648865,0.2634115517139435,-0.002674102084711194,0.7818316221237183,0.2530548870563507,-0.002558863954618573,0.7652342319488525,0.25451231002807617,-0.0035105780698359013,0.7619301676750183,0.29007861018180847,-0.009774948470294476,0.766992449760437,0.3178510069847107,-0.014728395268321037,0.7360569834709167,0.24942919611930847,-0.0015017831465229392,0.7246508002281189,0.26228493452072144,0.006083340849727392,0.7252470254898071,0.29390543699264526,0.0035442726220935583,0.7325562834739685,0.32339122891426086,-0.0008515980443917215,0.6965961456298828,0.26599279046058655,0.0006171743734739721,0.6891499161720276,0.2815461754798889,0.005366131663322449,0.6946836113929749,0.31046220660209656,0.004385937005281448,0.7051892876625061,0.33883991837501526,0.0014870648737996817,0.6638713479042053,0.2926829159259796,0.002642472740262747,0.6597796678543091,0.31014513969421387,0.0032234075479209423,0.6672534942626953,0.34020552039146423,0.006072875577956438,0.6774452924728394,0.3640892505645752,0.009596535935997963,fist
0.7353391051292419,0.4477729797363281,-1.6695733506821853e-07,0.7932766675949097,0.40498900413513184,-0.0025511051062494516,0.8231483697891235,0.3414328098297119,-0.0030427761375904083,0.8031774163246155,0.2833207845687866,-0.002049878006801009,0.7691698670387268,0.2663082480430603,-0.0017404716927558184,0.7833870649337769,0.25501611828804016,-0.0011972541688010097,0.7670987844467163,0.25385376811027527,-0.0013814906124025583,0.7633578777313232,0.28810933232307434,-0.006721148733049631,0.7686290144920349,0.3161427974700928,-0.011004260741174221,0.7369129657745361,0.2508431673049927,-0.00032533088233321905,0.726215124130249,0.2604522705078125,0.007688045501708984,0.7262955904006958,0.291454017162323,0.005337961949408054,0.7337011694908142,0.32114270329475403,0.0011038815136998892,0.6971815824508667,0.2672966718673706,0.0017108529573306441,0.6905708312988281,0.27898767590522766,0.0068922801874578,0.6955676078796387,0.3075713813304901,0.0061058239080011845,0.7061876654624939,0.3362118899822235,0.0033102978486567736,0.6646855473518372,0.2942854166030884,0.0037966733798384666,0.6614720225334167,0.3083174228668213,0.005079249385744333,0.6685776114463806,0.33779045939445496,0.008358312770724297,0.6790171265602112,0.3617849349975586,0.012062249705195427,fist
0.7362682223320007,0.4481772780418396,-1.5412918230595096e-07,0.7933263182640076,0.40457648038864136,-0.002997425850480795,0.823796272277832,0.3402036130428314,-0.004015595186501741,0.8043237328529358,0.2819982171058655,-0.003456647740676999,0.7699955105781555,0.26538076996803284,-0.0034798511769622564,0.7823565602302551,0.25407907366752625,-0.002241258043795824,0.7668301463127136,0.25309643149375916,-0.002814260311424732,0.7641592621803284,0.2877545654773712,-0.008572193793952465,0.7701366543769836,0.3152273893356323,-0.013107486069202423,0.7358477711677551,0.2511615753173828,-0.0013751210644841194,0.7267385125160217,0.2611141800880432,0.0063937995582818985,0.7275163531303406,0.2918522357940674,0.003858057549223304,0.7349715828895569,0.3210427165031433,-0.0005242187762632966,0.6962639093399048,0.26821455359458923,0.0006696935743093491,0.6911693811416626,0.2797706425189972,0.005825158208608627,0.6967254281044006,0.30801141262054443,0.005187393631786108,0.7072852253913879,0.33624187111854553,0.0025100947823375463,0.6639881134033203,0.29541122913360596,0.0027065768372267485,0.6621959209442139,0.30829060077667236,0.004396181553602219,0.6695407629013062,0.33710604906082153,0.008077886886894703,0.6795583963394165,0.360673189163208,0.012001837603747845,fist
0.7371202707290649,0.44872528314590454,-1.7554310716150212e-07,0.7944906949996948,0.40359389781951904,-0.0020760970655828714,0.8245332837104797,0.33785322308540344,-0.0027117871213704348,0.805790901184082,0.27813440561294556,-0.0015508573269471526,0.7715271711349487,0.2622160315513611,-0.0011620549485087395,0.7796874046325684,0.25104111433029175,-0.005136771127581596,0.7654967308044434,0.2532973885536194,-0.004273608792573214,0.7635616064071655,0.2883189916610718,-0.008290023542940617,0.7692803740501404,0.3151976466178894,-0.011803497560322285,0.7334446907043457,0.24987879395484924,-0.004285662434995174,0.7251628637313843,0.26355311274528503,0.005901949014514685,0.7264277338981628,0.29453009366989136,0.0052962759509682655,0.733988344669342,0.3231431841850281,0.0014910822501406074,0.6945717334747314,0.2686883211135864,-0.0017927205190062523,0.6900474429130554,0.28476110100746155,0.005577943753451109,0.6964076161384583,0.3126148581504822,0.005633612163364887,0.7072214484214783,0.34038323163986206,0.0025659501552581787,0.6629413366317749,0.2970108985900879,0.0007491608266718686,0.6617988348007202,0.31285786628723145,0.0037032864056527615,0.6700670123100281,0.3418293297290802,0.007574068382382393,0.680317759513855,0.36539098620414734,0.011205547489225864,fist
0.7378640174865723,0.4494325518608093,-1.7837032828538213e-07,0.7948804497718811,0.404229998588562,-0.0035209546331316233,0.8252913355827332,0.3379523754119873,-0.004886032547801733,0.806660532951355,0.278501033782959,-0.004426624160259962,0.7712470889091492,0.2630886435508728,-0.0047016628086566925,0.7809046506881714,0.2513624429702759,-0.004664510954171419,0.7653611898422241,0.2538148760795593,-0.005806056782603264,0.7629138827323914,0.2891712784767151,-0.012047900818288326,0.768446683883667,0.316129595041275,-0.016962304711341858,0.7348990440368652,0.25015389919281006,-0.0037352945655584335,0.7249293327331543,0.26307913661003113,0.004261997994035482,0.7259722948074341,0.29428133368492126,0.0020990038756281137,0.733441174030304,0.3231806755065918,-0.0023499184753745794,0.6957459449768066,0.2687477767467499,-0.0015596430748701096,0.6897255182266235,0.2840835452079773,0.0038375440053641796,0.6960349082946777,0.312111496925354,0.0032691573724150658,0.7069551944732666,0.33991557359695435,0.0002881789696402848,0.6637231707572937,0.2968238592147827,0.0005039513926021755,0.6614829897880554,0.31343451142311096,0.001840163255110383,0.6697143316268921,0.3426439166069031,0.005189374554902315,0.6802165508270264,0.36599260568618774,0.008789483457803726,fist
0.7479968070983887,0.4583320915699005,-1.8018897662841482e-07,0.8047442436218262,0.41203251481056213,-0.0012980189640074968,0.8367346525192261,0.3452398478984833,-0.0017265569185838103,0.8183977007865906,0.2851031720638275,-0.00041122143738903105,0.7815666794776917,0.27265098690986633,4.399146564537659e-05,0.7920299172401428,0.25608423352241516,-0.003852805821225047,0.775141716003418,0.25647246837615967,-0.0025955885648727417,0.772541880607605,0.2932649850845337,-0.007227710448205471,0.7785248756408691,0.32081931829452515,-0.011249333620071411,0.7451423406600952,0.2541028559207916,-0.0032910772133618593,0.7350383400917053,0.2656596601009369,0.0076367054134607315,0.7355726361274719,0.29775962233543396,0.006837809924036264,0.7430364489555359,0.32761672139167786,0.0029170664492994547,0.7054224610328674,0.27264392375946045,-0.0009618438198231161,0.6996270418167114,0.2878740429878235,0.007476863916963339,0.7054408192634583,0.3168470561504364,0.007390038575977087,0.7161086797714233,0.34531450271606445,0.0040864236652851105,0.6728115081787109,0.30082833766937256,0.0014453729381784797,0.6716141700744629,0.31584522128105164,0.005404599942266941,0.6786842942237854,0.3459780514240265,0.009566851891577244,0.6882233619689941,0.36997488141059875,0.013313422910869122,fist
0.7486437559127808,0.4593847393989563,-1.7187458922762744e-07,0.8040834069252014,0.41266870498657227,-0.003071931889280677,0.835233747959137,0.3467012047767639,-0.0044275857508182526,0.8172338008880615,0.28945672512054443,-0.0038164914585649967,0.7815560102462769,0.2762966752052307,-0.003721653949469328,0.7907575964927673,0.2567078769207001,-0.005700589623302221,0.7767516374588013,0.25967714190483093,-0.006208812817931175,0.7749597430229187,0.29592999815940857,-0.011468019336462021,0.7806314826011658,0.32398882508277893,-0.015676673501729965,0.7442702054977417,0.2537253797054291,-0.004918802995234728,0.7350991368293762,0.26791587471961975,0.003840182675048709,0.7362579107284546,0.2997881770133972,0.0028547777328640223,0.7437800168991089,0.32954835891723633,-0.000777265231590718,0.7044544219970703,0.272225022315979,-0.002707958687096834,0.6986993551254272,0.2889353930950165,0.0033192334230989218,0.7050650715827942,0.3183160424232483,0.003288732375949621,0.7161967754364014,0.34671705961227417,0.0005529800546355546,0.6718484163284302,0.30142149329185486,-0.0005867946892976761,0.6702896952629089,0.3190932273864746,0.0008656061836518347,0.678146481513977,0.3495829701423645,0.004349207039922476,0.6882021427154541,0.37359821796417236,0.008082413114607334,fist
0.7471030354499817,0.45991989970207214,-1.755420697691079e-07,0.8028727769851685,0.4142742455005646,-0.0017111515626311302,0.8350344896316528,0.3465974032878876,-0.002203057985752821,0.817916989326477,0.28586459159851074,-0.000876372039783746,0.782418966293335,0.27093273401260376,-0.00020951648184563965,0.7908674478530884,0.2569575309753418,-0.003485538763925433,0.7737416625022888,0.2578470706939697,-0.0021557174623012543,0.7717878818511963,0.2941356301307678,-0.006602947600185871,0.7780597805976868,0.32114529609680176,-0.010353346355259418,0.7446765303611755,0.25477135181427,-0.00271805701777339,0.734207808971405,0.26606428623199463,0.008110085502266884,0.7347673773765564,0.2977675497531891,0.007412748411297798,0.7422692179679871,0.3271893262863159,0.003676777007058263,0.7052567005157471,0.27301478385925293,-0.00029347179224714637,0.6991089582443237,0.28704899549484253,0.00802222453057766,0.7043827176094055,0.3160264194011688,0.008143093436956406,0.71506667137146,0.344434529542923,0.005092180334031582,0.6729757785797119,0.3008829355239868,0.0021515372209250927,0.6712535619735718,0.3140415549278259,0.006253435276448727,0.6779512166976929,0.34396669268608093,0.010605019517242908,0.6874760985374451,0.36819103360176086,0.014524631202220917,fist
0.7481845021247864,0.4577792286872864,-1.6025903448735335e-07,0.8046697378158569,0.41212573647499084,-0.003470064839348197,0.8359278440475464,0.3455254137516022,-0.005032993387430906,0.8182439208030701,0.28705257177352905,-0.004521710332483053,0.7824981808662415,0.27319636940956116,-0.00456652557477355,0.7901695966720581,0.25565189123153687,-0.006552728358656168,0.7770323753356934,0.25903016328811646,-0.0070670126006007195,0.7755663394927979,0.29554760456085205,-0.012461991049349308,0.7809131145477295,0.32255229353904724,-0.016799798235297203,0.7434234619140625,0.2545906901359558,-0.00551222637295723,0.7359775304794312,0.26846903562545776,0.003512528259307146,0.7376965284347534,0.3000470697879791,0.002521111397072673,0.7448824644088745,0.32907021045684814,-0.0012985984794795513,0.7039452195167542,0.2740360498428345,-0.002999111544340849,0.7004580497741699,0.2897718548774719,0.0033285017125308514,0.7074705958366394,0.31819701194763184,0.00330774555914104,0.7182784080505371,0.3460167944431305,0.0004971145535819232,0.6718486547470093,0.3031117916107178,-0.0005747554823756218,0.6725745797157288,0.3187270164489746,0.0015808671014383435,0.680579662322998,0.348087877035141,0.005385717377066612,0.6901832222938538,0.3712931275367737,0.009140578098595142,fist
0.751253604888916,0.45939314365386963,-1.619453655621328e-07,0.8069347739219666,0.41310954093933105,-0.0027679321356117725,0.8375874161720276,0.3484633266925812,-0.004318907856941223,0.8194653391838074,0.29150819778442383,-0.0039670709520578384,0.7836880683898926,0.2787318229675293,-0.004204867407679558,0.7939078211784363,0.25950878858566284,-0.005252780392765999,0.7777845859527588,0.2611161768436432,-0.005275029223412275,0.7755039930343628,0.2967534363269806,-0.010439508594572544,0.7815216779708862,0.3237301707267761,-0.014585715718567371,0.7471986413002014,0.25696489214897156,-0.004250738304108381,0.7374719381332397,0.26988208293914795,0.0051773423328995705,0.7380430698394775,0.30057820677757263,0.0039049959741532803,0.7451214790344238,0.329833060503006,-8.248495578300208e-05,0.7074840068817139,0.27492767572402954,-0.0016983053646981716,0.7023335695266724,0.2900393009185791,0.005354984197765589,0.7081207036972046,0.3181905448436737,0.005106696859002113,0.7185726165771484,0.34650373458862305,0.0020782502833753824,0.675193727016449,0.30274754762649536,0.0008003758848644793,0.674801230430603,0.3178692162036896,0.0036465199664235115,0.6818161010742188,0.34717297554016113,0.007433892227709293,0.691045880317688,0.37092655897140503,0.011178471148014069,fist
0.7510860562324524,0.45978182554244995,-1.6230818289386661e-07,0.8056626915931702,0.41317325830459595,-0.0018076167907565832,0.8371469974517822,0.3467061519622803,-0.002814389066770673,0.8189627528190613,0.2889775037765503,-0.001980127766728401,0.7826870083808899,0.2777059078216553,-0.0018503901083022356,0.7924428582191467,0.25768744945526123,-0.005116860847920179,0.775124192237854,0.2582232654094696,-0.004153743851929903,0.7733957171440125,0.29391318559646606,-0.008364866487681866,0.7803341150283813,0.3213762640953064,-0.011900737881660461,0.746074378490448,0.25596484541893005,-0.0045037283562123775,0.736018717288971,0.26702386140823364,0.005744596943259239,0.7367434501647949,0.29826271533966064,0.005031939130276442,0.7445964217185974,0.3280596435070038,0.0013370709493756294,0.7065789103507996,0.274686723947525,-0.0021271086297929287,0.7012911438941956,0.28916385769844055,0.0057058557868003845,0.7069758772850037,0.3177124261856079,0.005769743584096432,0.7179449796676636,0.3462851643562317,0.0027463031001389027,0.6742812991142273,0.30324745178222656,0.0003099799796473235,0.6733875870704651,0.3175927698612213,0.003953556064516306,0.6806626319885254,0.34692850708961487,0.0081127705052495,0.6903461217880249,0.3707485795021057,0.011950140818953514,fist
0.7508801221847534,0.45630794763565063,-1.5550210719084134e-07,0.8066872358322144,0.41152721643447876,-0.0033775395713746548,0.8374577760696411,0.34642139077186584,-0.0050806766375899315,0.8192676305770874,0.28835198283195496,-0.004595981910824776,0.7838171720504761,0.27460378408432007,-0.00462463591247797,0.7931646108627319,0.25846344232559204,-0.006773657165467739,0.7765932679176331,0.2594423294067383,-0.006362846586853266,0.7742912173271179,0.2953598201274872,-0.010794698260724545,0.7802935838699341,0.32242462038993835,-0.01445710752159357,0.7464613914489746,0.2567214071750641,-0.0054547544568777084,0.7374099493026733,0.26755842566490173,0.004290781449526548,0.7378151416778564,0.29832324385643005,0.003332932712510228,0.7447980642318726,0.32787105441093445,-0.0005797713529318571,0.7072827816009521,0.27481240034103394,-0.002473527565598488,0.7026447057723999,0.28711941838264465,0.00497909402474761,0.7078297734260559,0.3154773712158203,0.005147109739482403,0.7179005146026611,0.344247430562973,0.002213480416685343,0.6759914755821228,0.3023601770401001,0.0004550611483864486,0.6755595207214355,0.3143640160560608,0.003870419692248106,0.6818017363548279,0.3434276580810547,0.008144449442625046,0.6907614469528198,0.3675774335861206,0.012035769410431385,fist
0.7510806918144226,0.4575839340686798,-1.763710457680645e-07,0.8068211674690247,0.4120591878890991,-0.0021025044843554497,0.8375027179718018,0.34640148282051086,-0.002894764067605138,0.8207868337631226,0.288115918636322,-0.0017576927784830332,0.7865700125694275,0.2737404704093933,-0.001280704396776855,0.7937442660331726,0.25716686248779297,-0.004363079089671373,0.7759835124015808,0.2592202126979828,-0.003264537313953042,0.7732776999473572,0.2951304614543915,-0.0076232063584029675,0.7792530059814453,0.3220241367816925,-0.011314664967358112,0.7476626634597778,0.2552892565727234,-0.0033596332650631666,0.7371991276741028,0.2663175165653229,0.006748872809112072,0.7372075319290161,0.2981090247631073,0.005719935055822134,0.7443472743034363,0.3282925486564636,0.0018690585857257247,0.7086982131004333,0.27326861023902893,-0.0006533824489451945,0.7028765678405762,0.28688645362854004,0.007022621110081673,0.707680881023407,0.31614989042282104,0.00684729591012001,0.7179700136184692,0.34521710872650146,0.003738426836207509,0.6771961450576782,0.30103763937950134,0.0020853679161518812,0.6756484508514404,0.31414857506752014,0.005450500175356865,0.6815147399902344,0.3443640470504761,0.009387158788740635,0.6906770467758179,0.3689619302749634,0.013108888640999794,fist
0.7508785128593445,0.45734408497810364,-1.6119869883368665e-07,0.8064353466033936,0.4112923741340637,-0.002462606644257903,0.8364811539649963,0.3453039228916168,-0.003586000995710492,0.8182985782623291,0.2873323857784271,-0.002703262260183692,0.7836406230926514,0.2735636830329895,-0.0023581257555633783,0.7921415567398071,0.25675755739212036,-0.005616418551653624,0.7769654393196106,0.2586385905742645,-0.005143420770764351,0.775155782699585,0.29397398233413696,-0.00958921480923891,0.7811521887779236,0.3204110264778137,-0.013333331793546677,0.7456042170524597,0.2551138997077942,-0.004671979229897261,0.7381036281585693,0.26623907685279846,0.0050333901308476925,0.7392439842224121,0.2970627546310425,0.004348974209278822,0.7463273406028748,0.3267281651496887,0.0007374970009550452,0.7065079808235168,0.27369093894958496,-0.0020958101376891136,0.703199565410614,0.28750407695770264,0.005376022774726152,0.7091118097305298,0.3155517876148224,0.005466565489768982,0.7193320989608765,0.34397321939468384,0.002521835034713149,0.6751903891563416,0.3018619418144226,0.00046499434392899275,0.6761844754219055,0.31538909673690796,0.003716440638527274,0.6830582618713379,0.34457170963287354,0.007579520810395479,0.6920957565307617,0.36831235885620117,0.011215669102966785,fist
0.7518143653869629,0.45752769708633423,-1.7248258643576264e-07,0.8070783615112305,0.4115407466888428,-0.0017528150929138064,0.8375124335289001,0.3452971577644348,-0.002512291306629777,0.8196464776992798,0.2871149182319641,-0.0013225872535258532,0.784105122089386,0.2753077745437622,-0.0007929735002107918,0.7927274703979492,0.2569323778152466,-0.004778413567692041,0.775546669960022,0.2587112784385681,-0.003361300565302372,0.7736080288887024,0.2943878769874573,-0.007124682422727346,0.7801828980445862,0.3213775157928467,-0.010499975644052029,0.7463414669036865,0.255348801612854,-0.003935846500098705,0.7363373041152954,0.2668984830379486,0.006536918692290783,0.7369977235794067,0.2982827126979828,0.006069565657526255,0.7446141839027405,0.3279308080673218,0.00247854832559824,0.7071604132652283,0.27397432923316956,-0.0013002726482227445,0.7016956210136414,0.2880370020866394,0.006598536856472492,0.7073085308074951,0.31695759296417236,0.0068458933383226395,0.7180740237236023,0.345412939786911,0.003898621303960681,0.6755701899528503,0.30239337682724,0.0014244412304833531,0.6741763353347778,0.3153192102909088,0.004877778701484203,0.680992066860199,0.34528711438179016,0.009037774987518787,0.6906108856201172,0.3693462014198303,0.012864071875810623,fist
0.7528809905052185,0.4564671814441681,-1.6194870511299087e-07,0.807496190071106,0.41043299436569214,-0.0030363143887370825,0.8371285796165466,0.3455740809440613,-0.004628267604857683,0.8194618225097656,0.2888725697994232,-0.00410237442702055,0.7845767140388489,0.27755120396614075,-0.004204035270959139,0.7912821769714355,0.2578851580619812,-0.006393576040863991,0.7754765748977661,0.26048874855041504,-0.005824446212500334,0.7732487916946411,0.29574477672576904,-0.010071895085275173,0.7787429094314575,0.32197630405426025,-0.013633383437991142,0.7452558279037476,0.25797367095947266,-0.005183541681617498,0.7369645237922668,0.2682683765888214,0.0040996745228767395,0.7374588847160339,0.2988511919975281,0.0031368013005703688,0.7442039251327515,0.3286457061767578,-0.0005900601972825825,0.7066171169281006,0.2768422067165375,-0.002280712826177478,0.7027118802070618,0.28964078426361084,0.00480611901730299,0.7077618837356567,0.3180997371673584,0.004844257142394781,0.7177070379257202,0.3468877077102661,0.0019958538468927145,0.675826370716095,0.3048331141471863,0.000609467038884759,0.6751914024353027,0.31572675704956055,0.0036400104872882366,0.6811965703964233,0.34545689821243286,0.00773548474535346,0.6902251243591309,0.3697924017906189,0.011604846455156803,fist
0.7504068613052368,0.45999476313591003,-1.4546409943250183e-07,0.8052513599395752,0.41318538784980774,-0.002227859105914831,0.8352445363998413,0.3469592034816742,-0.002896376419812441,0.8166429996490479,0.29179462790489197,-0.001758319092914462,0.7818171381950378,0.2818293273448944,-0.0010527372360229492,0.7879908084869385,0.25892195105552673,-0.0027397512458264828,0.7740952968597412,0.26024192571640015,-0.0016428910894319415,0.7731613516807556,0.2946665585041046,-0.005959601141512394,0.7787390351295471,0.3207378089427948,-0.00947674922645092,0.7426505088806152,0.2593989074230194,-0.0016978546045720577,0.73619544506073,0.2679813504219055,0.008061160333454609,0.7380042672157288,0.2978866696357727,0.006968529894948006,0.7448635697364807,0.3271321654319763,0.003273402340710163,0.7047258615493774,0.2783355116844177,0.0008168586064130068,0.7026709914207458,0.28911125659942627,0.008534370921552181,0.7083613872528076,0.31667548418045044,0.008394191041588783,0.7179901599884033,0.34492576122283936,0.005471309646964073,0.6744091510772705,0.30608782172203064,0.0033090191427618265,0.6756439805030823,0.31546998023986816,0.007368684280663729,0.6823659539222717,0.34411248564720154,0.011574801057577133,0.6913381814956665,0.36785590648651123,0.015397608280181885,fist
0.748319685459137,0.46215924620628357,-1.4249619084694132e-07,0.8047057390213013,0.4151982069015503,-0.0034467631485313177,0.8341031074523926,0.34760332107543945,-0.005121405236423016,0.8154546022415161,0.29052290320396423,-0.004677437245845795,0.7805870771408081,0.2785438001155853,-0.004666800145059824,0.7848033308982849,0.2593574523925781,-0.006474432069808245,0.7723626494407654,0.2630370557308197,-0.006889299023896456,0.7720651626586914,0.2983008921146393,-0.01217306312173605,0.7773717045783997,0.3242034912109375,-0.0163760706782341,0.7386865019798279,0.2617695927619934,-0.005022839643061161,0.7340899705886841,0.2712212800979614,0.0034813047386705875,0.736613392829895,0.30123913288116455,0.0021456428803503513,0.7429752945899963,0.33041250705718994,-0.0018455595709383488,0.7006329298019409,0.282263845205307,-0.0020318343304097652,0.7005609273910522,0.2935241758823395,0.005022334400564432,0.7075467705726624,0.31997668743133545,0.005211296025663614,0.7172069549560547,0.34791192412376404,0.0024046869948506355,0.6704219579696655,0.31135186553001404,0.0008094045915640891,0.6747515201568604,0.32149770855903625,0.004455679561942816,0.6825512647628784,0.34900978207588196,0.008521395735442638,0.6914498209953308,0.37215957045555115,0.012105553410947323,fist
0.7489807605743408,0.46407395601272583,-1.470580883733419e-07,0.8052685260772705,0.41704630851745605,-0.0017348063411191106,0.835327684879303,0.3506007194519043,-0.002570799086242914,0.8172566890716553,0.29442939162254333,-0.0015144741628319025,0.782050371170044,0.2834399342536926,-0.0010473784059286118,0.7889370322227478,0.26321089267730713,-0.004969009663909674,0.7753672003746033,0.2641271650791168,-0.0040249754674732685,0.7742530703544617,0.29853877425193787,-0.008119828067719936,0.7797840237617493,0.3251743018627167,-0.011463132686913013,0.7423836588859558,0.26273468136787415,-0.0038979933597147465,0.7370197772979736,0.27147817611694336,0.006226475350558758,0.7386343479156494,0.3015114665031433,0.005689101759344339,0.7452720999717712,0.3311930000782013,0.0021197153255343437,0.7036576867103577,0.2816629111766815,-0.0010614068014547229,0.7024730443954468,0.2921350300312042,0.007426091469824314,0.7083166241645813,0.3196396827697754,0.007839906960725784,0.7179520726203918,0.34831276535987854,0.004930160474032164,0.6728076934814453,0.3099061846733093,0.0018265179824084044,0.6754144430160522,0.31896474957466125,0.00661484757438302,0.6822142601013184,0.3473370373249054,0.01118029747158289,0.69088214635849,0.3715585470199585,0.015028451569378376,fist
0.7496433258056641,0.4638471007347107,-1.520543406741126e-07,0.8063221573829651,0.41707682609558105,-0.001844297512434423,0.8361046314239502,0.35181766748428345,-0.0030948591884225607,0.8179582953453064,0.2950270473957062,-0.0024064541794359684,0.7825976610183716,0.28312987089157104,-0.0024327405262738466,0.7903954386711121,0.2634998559951782,-0.006655154284089804,0.776080310344696,0.26705464720726013,-0.005895782262086868,0.7746880650520325,0.3022606074810028,-0.00997161865234375,0.780242383480072,0.3286256492137909,-0.013401074334979057,0.7434658408164978,0.2639217972755432,-0.005701808258891106,0.7372950315475464,0.2744638919830322,0.004093611612915993,0.7387363314628601,0.30492159724235535,0.0033733344171196222,0.7454491853713989,0.3345375061035156,-0.00039717971230857074,0.7045315504074097,0.28378826379776,-0.002801391063258052,0.7030429244041443,0.2957725524902344,0.005312434863299131,0.709169864654541,0.32301637530326843,0.00547155924141407,0.7190735936164856,0.3515019714832306,0.0023745254147797823,0.6733293533325195,0.31284552812576294,0.0001864126679720357,0.6765719652175903,0.3240313231945038,0.004360204096883535,0.683800995349884,0.35243234038352966,0.008574835024774075,0.6928674578666687,0.3763914108276367,0.012226419523358345,fist
0.7823125123977661,0.5590866804122925,2.6136359565498424e-07,0.7238622307777405,0.5266311764717102,-0.017743809148669243,0.687839150428772,0.46349963545799255,-0.022533593699336052,0.684117317199707,0.39718174934387207,-0.026713117957115173,0.6778385639190674,0.34333744645118713,-0.029188325628638268,0.7193357944488525,0.3553442656993866,0.004390002228319645,0.7098153233528137,0.2780754566192627,-0.006118524819612503,0.7068833112716675,0.23168955743312836,-0.01910843886435032,0.7057328224182129,0.18999141454696655,-0.02931574359536171,0.7501395344734192,0.3463258445262909,0.0021910667419433594,0.7398846745491028,0.2609657645225525,-0.004280735272914171,0.7344701290130615,0.20916591584682465,-0.014404055662453175,0.7302238941192627,0.16506429016590118,-0.02267208695411682,0.7786622643470764,0.3547202944755554,-0.004507713485509157,0.7698750495910645,0.2766932249069214,-0.011774381622672081,0.7635906934738159,0.22974847257137299,-0.017603086307644844,0.7577583193778992,0.18936489522457123,-0.023020604625344276,0.8118163347244263,0.3763735890388489,-0.014248214662075043,0.8061761260032654,0.31983864307403564,-0.021312344819307327,0.7984377145767212,0.2854371666908264,-0.023394769057631493,0.7897177934646606,0.2542876899242401,-0.025197094306349754,palm
0.7805750370025635,0.5596210956573486,2.6860550406127004e-07,0.722043514251709,0.5276812314987183,-0.018764369189739227,0.6856353878974915,0.46442800760269165,-0.02458425983786583,0.6817317008972168,0.39797425270080566,-0.029590459540486336,0.6754862070083618,0.3435620069503784,-0.032954879105091095,0.7172290682792664,0.35550469160079956,0.0014321984490379691,0.7080114483833313,0.2779160141944885,-0.010021941736340523,0.7050848007202148,0.23101532459259033,-0.02340945042669773,0.7038599848747253,0.18914787471294403,-0.0338623970746994,0.7480162382125854,0.3466319143772125,-0.0007487261900678277,0.7379075288772583,0.26042354106903076,-0.008245238102972507,0.7325733304023743,0.20800018310546875,-0.018633274361491203,0.7282552719116211,0.16364553570747375,-0.027009334415197372,0.7766474485397339,0.3554949462413788,-0.007399304769933224,0.767643392086029,0.276672899723053,-0.015420857816934586,0.7615659236907959,0.22925713658332825,-0.021416431292891502,0.7558059692382812,0.18845796585083008,-0.02691386453807354,0.8097054958343506,0.37794527411460876,-0.017128335312008858,0.8039472699165344,0.3207990527153015,-0.02481253631412983,0.7964473366737366,0.2856955826282501,-0.02715863101184368,0.7878438830375671,0.253883957862854,-0.029129136353731155,palm
0.779455304145813,0.5588129162788391,2.6027205990430957e-07,0.7201182842254639,0.5278307199478149,-0.01847015880048275,0.6833454966545105,0.4644836187362671,-0.023811817169189453,0.6800895929336548,0.397127240896225,-0.02842169813811779,0.6744266748428345,0.3433777391910553,-0.03146287426352501,0.7145398855209351,0.35507819056510925,0.0025806808844208717,0.7036761045455933,0.2781575620174408,-0.008435936644673347,0.6999134421348572,0.23177707195281982,-0.021710580214858055,0.6982402801513672,0.19032244384288788,-0.03213650733232498,0.7450855374336243,0.34598487615585327,0.00043322754208929837,0.7331270575523376,0.25996312499046326,-0.006631970871239901,0.7266502976417542,0.20806734263896942,-0.0169075820595026,0.7215172648429871,0.1644766628742218,-0.02517686039209366,0.7738299369812012,0.35473641753196716,-0.0061963708139956,0.762798011302948,0.27563589811325073,-0.014053435996174812,0.7555199265480042,0.22906377911567688,-0.019917501136660576,0.74907386302948,0.1889553815126419,-0.025223126634955406,0.8072823882102966,0.37707072496414185,-0.015898408368229866,0.8000217080116272,0.31934037804603577,-0.023609908297657967,0.7916162610054016,0.284553587436676,-0.02581801265478134,0.7826253771781921,0.2529294490814209,-0.027607688680291176,palm
0.7749367952346802,0.5542981028556824,2.6470709713066753e-07,0.7164119482040405,0.5245175361633301,-0.018673738464713097,0.6793763041496277,0.46188515424728394,-0.025128398090600967,0.6754394173622131,0.3958267867565155,-0.03079194761812687,0.6705187559127808,0.34156182408332825,-0.03492484986782074,0.7093366980552673,0.35118672251701355,-0.0005767799448221922,0.6990045309066772,0.272920697927475,-0.01246910635381937,0.6950112581253052,0.22565406560897827,-0.0258004330098629,0.6929230093955994,0.18378248810768127,-0.03620763123035431,0.7398698925971985,0.34231284260749817,-0.002958253724500537,0.7277794480323792,0.25531286001205444,-0.01085201557725668,0.7211467027664185,0.20327802002429962,-0.020940685644745827,0.7155468463897705,0.15964701771736145,-0.02904154732823372,0.768653154373169,0.3509798049926758,-0.009639175608754158,0.7572888135910034,0.27131104469299316,-0.017935607582330704,0.7500178217887878,0.2243087887763977,-0.02341775968670845,0.743320882320404,0.18391887843608856,-0.02848324179649353,0.8016901016235352,0.3730502724647522,-0.019369488582015038,0.7942076325416565,0.31472328305244446,-0.027506109327077866,0.7860437631607056,0.2789195477962494,-0.029741426929831505,0.7769500613212585,0.24667848646640778,-0.03150983154773712,palm
0.7741207480430603,0.5536727905273438,2.583711875558947e-07,0.715748131275177,0.5231804251670837,-0.018179163336753845,0.6788815855979919,0.46052810549736023,-0.024323491379618645,0.6751585602760315,0.3944404721260071,-0.029776819050312042,0.6699475049972534,0.34046435356140137,-0.03372896462678909,0.7093817591667175,0.35033559799194336,0.00019991099543403834,0.6990523338317871,0.27265068888664246,-0.011497615836560726,0.6950240731239319,0.22576092183589935,-0.024803757667541504,0.6929413080215454,0.1841757595539093,-0.035209473222494125,0.739832878112793,0.3415642976760864,-0.002338896505534649,0.7277789115905762,0.2548196613788605,-0.010096578858792782,0.7210988998413086,0.20302343368530273,-0.020158961415290833,0.7154431939125061,0.15962126851081848,-0.028246665373444557,0.7684964537620544,0.35027915239334106,-0.009160138666629791,0.7573308348655701,0.27084195613861084,-0.017352713271975517,0.750081479549408,0.22388477623462677,-0.02277711033821106,0.7433284521102905,0.183645099401474,-0.027801310643553734,0.8015078902244568,0.3723248839378357,-0.019000118598341942,0.7942455410957336,0.31407973170280457,-0.027026696130633354,0.7859581112861633,0.27843916416168213,-0.029172498732805252,0.7766139507293701,0.24648337066173553,-0.030882548540830612,palm
0.7741827964782715,0.5538945198059082,2.596397905563208e-07,0.7157701849937439,0.5231900215148926,-0.018124165013432503,0.6789820194244385,0.4604378640651703,-0.024575816467404366,0.6749575138092041,0.3945728540420532,-0.030426494777202606,0.6694987416267395,0.33982256054878235,-0.03474123030900955,0.7094985246658325,0.35075613856315613,-2.411301920801634e-06,0.6989227533340454,0.2729687988758087,-0.012220870703458786,0.6948671936988831,0.22595526278018951,-0.025853212922811508,0.6927549242973328,0.18402916193008423,-0.036471571773290634,0.7396623492240906,0.3419564664363861,-0.002870253985747695,0.7273943424224854,0.254823237657547,-0.011127068661153316,0.7206886410713196,0.2026517540216446,-0.021492520347237587,0.7150862216949463,0.15871012210845947,-0.02974347397685051,0.7682813405990601,0.35075896978378296,-0.010021340101957321,0.7567821145057678,0.2705727815628052,-0.018689794465899467,0.749527096748352,0.22333693504333496,-0.024244369938969612,0.7427802681922913,0.1826845109462738,-0.029279295355081558,0.8014240860939026,0.37297552824020386,-0.020172249525785446,0.7941569089889526,0.31424883008003235,-0.028609665110707283,0.785810649394989,0.2783021032810211,-0.03087317943572998,0.7763417959213257,0.24603697657585144,-0.032602012157440186,palm
0.7742154598236084,0.5532125234603882,2.6135398911719676e-07,0.71590656042099,0.5231297612190247,-0.018500011414289474,0.6788671612739563,0.46037358045578003,-0.02500872127711773,0.6747546792030334,0.39435774087905884,-0.030817454680800438,0.6692784428596497,0.33980345726013184,-0.035105880349874496,0.7093130350112915,0.3501208424568176,-0.00036609030212275684,0.6990175843238831,0.2721627652645111,-0.012509433552622795,0.6949862241744995,0.22505861520767212,-0.026091154664754868,0.6927741169929504,0.18316830694675446,-0.03671472147107124,0.7395890355110168,0.3413805067539215,-0.0029824546072632074,0.7276214361190796,0.2542601227760315,-0.01120908372104168,0.7210173606872559,0.2022409439086914,-0.02154124528169632,0.7153749465942383,0.1584610790014267,-0.029812177643179893,0.768152117729187,0.350137859582901,-0.00990709476172924,0.7568618655204773,0.270077645778656,-0.018542133271694183,0.7496846318244934,0.22284772992134094,-0.024135975167155266,0.7430151700973511,0.18218190968036652,-0.02926119975745678,0.8012298345565796,0.3722427785396576,-0.01986215077340603,0.7938951253890991,0.3137880563735962,-0.028336184099316597,0.7856416702270508,0.277997761964798,-0.0307098887860775,0.776298999786377,0.24581357836723328,-0.03256368637084961,palm
0.7745374441146851,0.5529609322547913,2.6224680027553404e-07,0.716071367263794,0.5229448676109314,-0.018457353115081787,0.6788042783737183,0.45980140566825867,-0.024791236966848373,0.6745898127555847,0.3934480547904968,-0.03038148395717144,0.6692644357681274,0.3392009735107422,-0.03449742868542671,0.7090510129928589,0.3494647145271301,-0.0005117551190778613,0.6989824175834656,0.27106595039367676,-0.012349650263786316,0.6950192451477051,0.22395989298820496,-0.025738811120390892,0.6927626729011536,0.18210530281066895,-0.03627871721982956,0.7397190928459167,0.34082502126693726,-0.0031394674442708492,0.727846086025238,0.2535523474216461,-0.011104004457592964,0.7212660908699036,0.20141474902629852,-0.02139304205775261,0.7155985832214355,0.15752892196178436,-0.029699724167585373,0.7685200572013855,0.34974876046180725,-0.010039721615612507,0.7572543621063232,0.26934176683425903,-0.018495909869670868,0.7500755190849304,0.2222573310136795,-0.024187378585338593,0.7434061765670776,0.1816125065088272,-0.029443539679050446,0.801662266254425,0.37199848890304565,-0.01994463801383972,0.7940686941146851,0.313276469707489,-0.028375212103128433,0.7858341932296753,0.27750277519226074,-0.03081178292632103,0.7766706943511963,0.2452135533094406,-0.03275003284215927,palm
0.7745709419250488,0.5531078577041626,2.671742151960643e-07,0.7160324454307556,0.5226633548736572,-0.018784159794449806,0.6791316270828247,0.4594937562942505,-0.025442935526371002,0.6747714877128601,0.39333200454711914,-0.03132989630103111,0.6694161891937256,0.3390590250492096,-0.0357557013630867,0.709194004535675,0.3492588996887207,-0.0013282340951263905,0.6994701027870178,0.27009931206703186,-0.013715085573494434,0.6955320835113525,0.2224505990743637,-0.027356555685400963,0.6931495666503906,0.18014955520629883,-0.037996213883161545,0.7397953271865845,0.34083712100982666,-0.00395955191925168,0.728310763835907,0.2534210979938507,-0.012437413446605206,0.7218507528305054,0.2010323852300644,-0.022944338619709015,0.7161552309989929,0.15669012069702148,-0.03133441135287285,0.76852947473526,0.3498653471469879,-0.010858291760087013,0.7575820088386536,0.2692010998725891,-0.019678283482789993,0.7507165670394897,0.2218921184539795,-0.025338180363178253,0.7443011403083801,0.1808643639087677,-0.030493898317217827,0.8015661239624023,0.372266948223114,-0.020779039710760117,0.7940900325775146,0.3130938410758972,-0.02940364181995392,0.7862130403518677,0.276945561170578,-0.03173734247684479,0.7774523496627808,0.24420510232448578,-0.03353860229253769,palm
0.7753937840461731,0.5533798933029175,2.716147093906329e-07,0.7164823412895203,0.523436427116394,-0.0190994031727314,0.6792802810668945,0.4599723517894745,-0.025710370391607285,0.6745798587799072,0.39334845542907715,-0.031446587294340134,0.6691820621490479,0.3387705087661743,-0.03566284850239754,0.709123969078064,0.3499872088432312,-0.0012165943626314402,0.6995939016342163,0.2702626585960388,-0.013342230580747128,0.6958743929862976,0.2223261445760727,-0.026800718158483505,0.6936897039413452,0.17971336841583252,-0.03731020167469978,0.7400239706039429,0.34120288491249084,-0.0035211704671382904,0.7288602590560913,0.2533470392227173,-0.011598206125199795,0.7226908206939697,0.20076629519462585,-0.02197113074362278,0.7171761393547058,0.15626126527786255,-0.030358297750353813,0.7687728404998779,0.349843829870224,-0.010121331550180912,0.7582036256790161,0.26940953731536865,-0.018435359001159668,0.7515744566917419,0.22192971408367157,-0.024057362228631973,0.7453745603561401,0.1809823215007782,-0.02931363508105278,0.8017464876174927,0.3717249929904938,-0.01978757046163082,0.7941901087760925,0.31248995661735535,-0.027850396931171417,0.7863955497741699,0.2764199674129486,-0.030047615990042686,0.7777286767959595,0.24385760724544525,-0.03187266364693642,palm
0.7750064730644226,0.5534453392028809,2.675329540124949e-07,0.7162309288978577,0.523114800453186,-0.018570676445961,0.6790743470191956,0.45943936705589294,-0.02501423843204975,0.6744859218597412,0.39262717962265015,-0.03075072355568409,0.6693882346153259,0.3381628096103668,-0.035055145621299744,0.7093300223350525,0.3497709035873413,-0.0007963117095641792,0.6999594569206238,0.27044177055358887,-0.013118591159582138,0.6964370012283325,0.22267059981822968,-0.026692060753703117,0.6945961117744446,0.18038105964660645,-0.03729099780321121,0.740149199962616,0.34087496995925903,-0.0034810544457286596,0.7290655970573425,0.2532373368740082,-0.011932284571230412,0.7230551242828369,0.20060747861862183,-0.022574536502361298,0.7177702784538269,0.1560768038034439,-0.031117577105760574,0.7689247131347656,0.349476158618927,-0.010449972003698349,0.7584760785102844,0.2691624164581299,-0.01923135481774807,0.7519822716712952,0.22165849804878235,-0.02516948990523815,0.745778501033783,0.18067744374275208,-0.03057994693517685,0.8018636703491211,0.3715185821056366,-0.020414195954799652,0.7944102883338928,0.3124617636203766,-0.028904365375638008,0.786445677280426,0.2765085697174072,-0.03138382360339165,0.7774820327758789,0.24413253366947174,-0.03339144214987755,palm
0.7752560973167419,0.5533921122550964,2.757287518306839e-07,0.716166079044342,0.5234173536300659,-0.019200028851628304,0.6789005994796753,0.4600507915019989,-0.02604861930012703,0.6743668913841248,0.39312466979026794,-0.03204840421676636,0.6693378686904907,0.3382493555545807,-0.036562807857990265,0.7093067169189453,0.3499939739704132,-0.0015930021181702614,0.6999865174293518,0.26971903443336487,-0.014070075005292892,0.6965743899345398,0.22143664956092834,-0.027730675414204597,0.6948201060295105,0.1785275787115097,-0.038366615772247314,0.7402074337005615,0.34129106998443604,-0.0039663431234657764,0.7290635108947754,0.2532771825790405,-0.01243702694773674,0.7232196927070618,0.20039324462413788,-0.02315308153629303,0.7181782126426697,0.15540090203285217,-0.03179226815700531,0.7689600586891174,0.34992164373397827,-0.010628140531480312,0.7584778070449829,0.2696895897388458,-0.019299106672406197,0.752090334892273,0.2219243198633194,-0.02520749159157276,0.7462165951728821,0.18080994486808777,-0.030657749623060226,0.8020660877227783,0.371806263923645,-0.020344318822026253,0.7943081259727478,0.3128734529018402,-0.028651557862758636,0.7863972783088684,0.2769436836242676,-0.03100251965224743,0.777639627456665,0.2444796860218048,-0.032949674874544144,palm
0.7752636075019836,0.5535323619842529,2.737441775479965e-07,0.7162370085716248,0.5234620571136475,-0.01887177862226963,0.6790708303451538,0.4599230885505676,-0.025479324162006378,0.6745027899742126,0.3930182158946991,-0.03131208196282387,0.6693321466445923,0.3383173644542694,-0.03566307947039604,0.7094773054122925,0.35003185272216797,-0.0010726242326200008,0.700380265712738,0.2699837386608124,-0.013398736715316772,0.6971006393432617,0.22166426479816437,-0.026965826749801636,0.6954712867736816,0.17884764075279236,-0.037510424852371216,0.7403362989425659,0.34130859375,-0.0035316578578203917,0.7294743657112122,0.25332263112068176,-0.011831185780465603,0.7237654328346252,0.20045709609985352,-0.022349242120981216,0.7189586758613586,0.1556292623281479,-0.030801651999354362,0.7690474987030029,0.35000020265579224,-0.010266853496432304,0.7588238716125488,0.2696988582611084,-0.018746569752693176,0.7525269985198975,0.22204308211803436,-0.024427473545074463,0.7468197345733643,0.1811968833208084,-0.02968968264758587,0.8020778894424438,0.3720991909503937,-0.02004568837583065,0.7945749759674072,0.31318047642707825,-0.0281120203435421,0.7866775393486023,0.2772708237171173,-0.030241312459111214,0.7779552340507507,0.2451053112745285,-0.03200497478246689,palm
0.774590790271759,0.5532186031341553,2.7140981728734914e-07,0.715853214263916,0.52292799949646,-0.01860298216342926,0.6786724925041199,0.4590075612068176,-0.025259895250201225,0.6742637753486633,0.3920222520828247,-0.03123016655445099,0.6694658398628235,0.3375028967857361,-0.03578735142946243,0.7095036506652832,0.34935620427131653,-0.0013764105970039964,0.7008510828018188,0.26970160007476807,-0.014000716619193554,0.6979012489318848,0.22165992856025696,-0.027748219668865204,0.696591854095459,0.17908687889575958,-0.03844277560710907,0.7403153777122498,0.34076136350631714,-0.004137675277888775,0.7296578288078308,0.25321587920188904,-0.012853249907493591,0.724250078201294,0.20045499503612518,-0.02352764829993248,0.7196750640869141,0.15551015734672546,-0.03209320455789566,0.7690654993057251,0.3495560884475708,-0.011157544329762459,0.7589324116706848,0.2695201635360718,-0.020095162093639374,0.7529018521308899,0.22194957733154297,-0.02594023570418358,0.7472792863845825,0.18094542622566223,-0.031284209340810776,0.8020032644271851,0.37183278799057007,-0.02117634005844593,0.7945717573165894,0.3129631280899048,-0.029684441164135933,0.7866502404212952,0.27704542875289917,-0.03204890713095665,0.7777453660964966,0.24482902884483337,-0.0339801162481308,palm
0.7745612263679504,0.5530461072921753,2.726409320530365e-07,0.7158167958259583,0.5222898125648499,-0.018379701301455498,0.6789539456367493,0.4586232304573059,-0.024919383227825165,0.6744157671928406,0.39191633462905884,-0.03081057220697403,0.669042706489563,0.33750227093696594,-0.035285647958517075,0.7097098231315613,0.34936800599098206,-0.0010808208025991917,0.7007929682731628,0.26948270201683044,-0.013615118339657784,0.6975933909416199,0.22121958434581757,-0.02727612853050232,0.6961125135421753,0.17852669954299927,-0.03786400333046913,0.7404442429542542,0.3407212495803833,-0.003903741482645273,0.7297518253326416,0.25275591015815735,-0.012430028058588505,0.7240632176399231,0.1998962163925171,-0.022960912436246872,0.7193219065666199,0.15527737140655518,-0.031373556703329086,0.7691655158996582,0.3495366871356964,-0.010969164781272411,0.7591162919998169,0.2690337896347046,-0.019633891060948372,0.7529080510139465,0.22135181725025177,-0.025332000106573105,0.7472231984138489,0.18051037192344666,-0.030575495213270187,0.8020776510238647,0.372003436088562,-0.021030494943261147,0.7948567867279053,0.31309816241264343,-0.029307542368769646,0.7869417071342468,0.2771384119987488,-0.03153913468122482,0.778091549873352,0.24500282108783722,-0.03335154056549072,palm
0.7746962308883667,0.5525389313697815,2.7565374693949707e-07,0.7162392139434814,0.521835446357727,-0.018671181052923203,0.6790476441383362,0.4580918848514557,-0.025377940386533737,0.6738778948783875,0.3913663923740387,-0.031342558562755585,0.6680690050125122,0.33652710914611816,-0.0358174592256546,0.7097033858299255,0.3490234315395355,-0.0013743361923843622,0.7006350755691528,0.26883652806282043,-0.013930083252489567,0.6973341107368469,0.220558762550354,-0.02752249501645565,0.6958386898040771,0.17788627743721008,-0.03803921118378639,0.7403203845024109,0.3404043912887573,-0.003990870900452137,0.7294246554374695,0.25209152698516846,-0.012535477057099342,0.7237257957458496,0.19911299645900726,-0.023000232875347137,0.7190604209899902,0.15453529357910156,-0.03132810816168785,0.7690379619598389,0.34921911358833313,-0.010852592065930367,0.7586451768875122,0.26818060874938965,-0.019511619582772255,0.7523655891418457,0.22026285529136658,-0.02510998584330082,0.7467877268791199,0.17938920855522156,-0.030262459069490433,0.8021181225776672,0.37153974175453186,-0.020721225067973137,0.7947044372558594,0.31255680322647095,-0.02901422791182995,0.7868227958679199,0.27652132511138916,-0.031209567561745644,0.7781438231468201,0.2444072663784027,-0.03295792266726494,palm
0.7750006318092346,0.5521330237388611,2.770756850623002e-07,0.7164753675460815,0.5213742852210999,-0.018934592604637146,0.6792654395103455,0.4578954577445984,-0.025905868038535118,0.6740278601646423,0.39135873317718506,-0.03214437887072563,0.6686796545982361,0.3361380696296692,-0.036857567727565765,0.7096850872039795,0.34868013858795166,-0.0013823237968608737,0.7007418274879456,0.2685985565185547,-0.014124983921647072,0.6975147724151611,0.2204066962003708,-0.027838870882987976,0.6961005330085754,0.17774420976638794,-0.03844693675637245,0.7404012084007263,0.34003812074661255,-0.003959411755204201,0.729604184627533,0.25186043977737427,-0.012713994830846786,0.7240549325942993,0.19888556003570557,-0.02327262982726097,0.719502329826355,0.15410272777080536,-0.03166995942592621,0.7691765427589417,0.348812997341156,-0.010849330574274063,0.758658230304718,0.2682148814201355,-0.01974695548415184,0.7523024082183838,0.22044193744659424,-0.02542276307940483,0.7465835809707642,0.17953389883041382,-0.030596507713198662,0.8024155497550964,0.3710411787033081,-0.020777922123670578,0.7950505614280701,0.3120918869972229,-0.02923397719860077,0.7869611978530884,0.27607980370521545,-0.031527578830718994,0.777927577495575,0.24394038319587708,-0.033347610384225845,palm
0.7746002078056335,0.5515238046646118,2.772496827674331e-07,0.716533362865448,0.5201589465141296,-0.018749786540865898,0.6794739961624146,0.45641136169433594,-0.02576994150876999,0.6740956902503967,0.39036351442337036,-0.03208855539560318,0.6686623096466064,0.33559802174568176,-0.03689758479595184,0.7095726728439331,0.3480075001716614,-0.0016878055175766349,0.700614333152771,0.2679877281188965,-0.01463281735777855,0.6973887085914612,0.21982090175151825,-0.02840714156627655,0.6960476636886597,0.17730751633644104,-0.03901074826717377,0.7402920722961426,0.3395197093486786,-0.004403156228363514,0.729505717754364,0.2514225244522095,-0.013378936797380447,0.7239718437194824,0.19838464260101318,-0.024036403745412827,0.7194247245788574,0.15349707007408142,-0.03246704861521721,0.7692229151725769,0.3482779264450073,-0.011378426104784012,0.7587884664535522,0.26752227544784546,-0.020455120131373405,0.7525550723075867,0.21980184316635132,-0.0261665228754282,0.7468662858009338,0.17896370589733124,-0.03132420405745506,0.8024801015853882,0.370496928691864,-0.02134968526661396,0.7951369881629944,0.31170549988746643,-0.02995160035789013,0.787094235420227,0.27580222487449646,-0.03223538398742676,0.7780637741088867,0.2438325434923172,-0.03400979936122894,palm
0.774758517742157,0.5515312552452087,2.768153706256271e-07,0.7165231704711914,0.5205778479576111,-0.01919262669980526,0.6796905994415283,0.4566105008125305,-0.026420990005135536,0.674687385559082,0.390267014503479,-0.03282511234283447,0.6689971685409546,0.3352782726287842,-0.03768486902117729,0.7095503807067871,0.34784623980522156,-0.00243794615380466,0.7005289196968079,0.26768258213996887,-0.015664460137486458,0.697357177734375,0.21924874186515808,-0.029607731848955154,0.6959801912307739,0.17654763162136078,-0.04025855287909508,0.7401987910270691,0.33933520317077637,-0.004943739157170057,0.729450523853302,0.251327246427536,-0.01405042689293623,0.7238751649856567,0.19834770262241364,-0.024746552109718323,0.7192783951759338,0.15347792208194733,-0.03317130729556084,0.7690258026123047,0.34805673360824585,-0.011696908622980118,0.7587368488311768,0.2673504054546356,-0.020715788006782532,0.7525507211685181,0.21965137124061584,-0.026260804384946823,0.7469637393951416,0.17888082563877106,-0.03128891438245773,0.8022789359092712,0.3702847957611084,-0.02149871736764908,0.7949287295341492,0.31141290068626404,-0.02995092235505581,0.7870121002197266,0.2754359245300293,-0.03203604370355606,0.7781148552894592,0.24352219700813293,-0.03362805023789406,palm
0.7749318480491638,0.5511448979377747,2.7694582627191267e-07,0.7164033651351929,0.5202810764312744,-0.01915775239467621,0.6795506477355957,0.4565090835094452,-0.026269694790244102,0.6746528744697571,0.39000874757766724,-0.032562948763370514,0.6690694093704224,0.3350116014480591,-0.037310972809791565,0.7096458673477173,0.3477182686328888,-0.0020556291565299034,0.7006455063819885,0.26766982674598694,-0.015044712461531162,0.6974890828132629,0.2193732112646103,-0.02883538044989109,0.6961907744407654,0.17690283060073853,-0.039371661841869354,0.7404868006706238,0.3388838469982147,-0.004471563268452883,0.7297667860984802,0.2508389949798584,-0.01332416757941246,0.7241628766059875,0.19794438779354095,-0.023867890238761902,0.7195451855659485,0.153390035033226,-0.03219654783606529,0.7693754434585571,0.3473367989063263,-0.01115951407700777,0.7591493129730225,0.26680421829223633,-0.01995091326534748,0.7528884410858154,0.21923793852329254,-0.025433890521526337,0.7472043037414551,0.17872083187103271,-0.03044414333999157,0.8025540709495544,0.3693113923072815,-0.020902149379253387,0.7953241467475891,0.310710608959198,-0.02914302423596382,0.7873101234436035,0.2749479115009308,-0.031170273199677467,0.7782430648803711,0.24334017932415009,-0.03274732083082199,palm
0.775249183177948,0.5512632131576538,2.7600566454566433e-07,0.7164918184280396,0.5204916000366211,-0.019023340195417404,0.6797456741333008,0.4565794765949249,-0.02612786926329136,0.6750034093856812,0.39008864760398865,-0.03244467452168465,0.6698323488235474,0.3350765109062195,-0.037217769771814346,0.7098756432533264,0.34743303060531616,-0.0018346142023801804,0.7007819414138794,0.26731130480766296,-0.014846039935946465,0.6976224184036255,0.21891134977340698,-0.028674762696027756,0.6963807344436646,0.17635513842105865,-0.039248425513505936,0.7407346963882446,0.3385235071182251,-0.004410248249769211,0.7299465537071228,0.2504834234714508,-0.013294266536831856,0.7244037985801697,0.19748617708683014,-0.023913243785500526,0.7198910117149353,0.15279103815555573,-0.03230567276477814,0.7696692943572998,0.3470020890235901,-0.01126372441649437,0.7593779563903809,0.26649731397628784,-0.02009578049182892,0.7531506419181824,0.21891488134860992,-0.025642968714237213,0.7474440932273865,0.17820920050144196,-0.030713604763150215,0.8028109073638916,0.36916813254356384,-0.021159425377845764,0.7953954935073853,0.310507208108902,-0.02943720668554306,0.7873592972755432,0.27475523948669434,-0.0314827524125576,0.778219997882843,0.24300259351730347,-0.03308817744255066,palm
0.775301992893219,0.5511060953140259,2.7545573288989544e-07,0.7165316343307495,0.5201656222343445,-0.018981553614139557,0.6797376275062561,0.4561476707458496,-0.02612943947315216,0.6750379800796509,0.3894747197628021,-0.032510027289390564,0.6699044108390808,0.33447644114494324,-0.03739196062088013,0.7101584076881409,0.3472422957420349,-0.0021071636583656073,0.7012014389038086,0.26718178391456604,-0.015326578170061111,0.6981121897697449,0.21876250207424164,-0.02930249460041523,0.6969507932662964,0.17613571882247925,-0.0399966798722744,0.7409934997558594,0.3383961319923401,-0.004784656688570976,0.7304074168205261,0.2503964602947235,-0.01395469717681408,0.7249774932861328,0.19734707474708557,-0.024787185713648796,0.7204977869987488,0.1524277776479721,-0.03334685042500496,0.7697762846946716,0.34700143337249756,-0.011716978624463081,0.7597963809967041,0.2666032016277313,-0.02078489027917385,0.75364750623703,0.21881064772605896,-0.026472724974155426,0.7479450702667236,0.1779298633337021,-0.031657829880714417,0.8027872443199158,0.3692944049835205,-0.02167924866080284,0.7956082224845886,0.31065770983695984,-0.03010738268494606,0.7876399159431458,0.2748165726661682,-0.032238371670246124,0.77849280834198,0.24300922453403473,-0.033933285623788834,palm
0.7754690647125244,0.5515474081039429,2.7394986545914435e-07,0.7163987159729004,0.5202723741531372,-0.01877583935856819,0.6797896027565002,0.45598044991493225,-0.025655411183834076,0.6753906607627869,0.3892170488834381,-0.03180428221821785,0.670415997505188,0.3344575762748718,-0.036486800760030746,0.7102683186531067,0.34763625264167786,-0.0018566529033705592,0.7011714577674866,0.26728570461273193,-0.014977090992033482,0.6979944705963135,0.21864591538906097,-0.028889616951346397,0.6966618895530701,0.17584459483623505,-0.03953247144818306,0.7410667538642883,0.3389027416706085,-0.004589403513818979,0.7303147315979004,0.25074994564056396,-0.013679010793566704,0.7248135805130005,0.19756703078746796,-0.024509336799383163,0.7203279137611389,0.15252193808555603,-0.03304199129343033,0.7698662877082825,0.3475600481033325,-0.01155143789947033,0.7597298622131348,0.2669825255870819,-0.020577196031808853,0.7536617517471313,0.21911059319972992,-0.02628270722925663,0.7481138706207275,0.17809155583381653,-0.03144420310854912,0.8028832077980042,0.3698761463165283,-0.021529773250222206,0.7955954074859619,0.31094419956207275,-0.02992687188088894,0.7876615524291992,0.27491968870162964,-0.03202742710709572,0.7786698937416077,0.24289226531982422,-0.033674221485853195,palm
0.7752634286880493,0.5518617630004883,2.743239235769579e-07,0.7163699269294739,0.5205968618392944,-0.018951579928398132,0.6798607110977173,0.45609140396118164,-0.025873249396681786,0.6754684448242188,0.38945651054382324,-0.03204754739999771,0.670235276222229,0.33481159806251526,-0.03674471750855446,0.7104347944259644,0.3476068079471588,-0.002028550487011671,0.7013378143310547,0.26733553409576416,-0.015267200767993927,0.6981541514396667,0.21862509846687317,-0.029281150549650192,0.6967892646789551,0.17578047513961792,-0.03998589888215065,0.7411178946495056,0.3389282822608948,-0.0046937777660787106,0.730376660823822,0.2508326470851898,-0.013897220604121685,0.7247738838195801,0.1976628303527832,-0.02479703724384308,0.7201555967330933,0.15264779329299927,-0.033367086201906204,0.7698640823364258,0.3475687503814697,-0.011602121405303478,0.7598254084587097,0.2669813930988312,-0.020697826519608498,0.7537356615066528,0.21916410326957703,-0.026409897953271866,0.7481768727302551,0.17830221354961395,-0.03155924379825592,0.8028667569160461,0.3698697090148926,-0.021552342921495438,0.7956854701042175,0.3110211193561554,-0.029962029308080673,0.7877974510192871,0.2749975621700287,-0.03206415846943855,0.7788600921630859,0.24306748807430267,-0.033708587288856506,palm
0.7749501466751099,0.5521536469459534,2.823134082063916e-07,0.7160975933074951,0.5207374691963196,-0.01935206539928913,0.6796337366104126,0.45616602897644043,-0.02649225853383541,0.6749714016914368,0.38945549726486206,-0.032798051834106445,0.669667661190033,0.3344513773918152,-0.03756073862314224,0.7100042104721069,0.3482307195663452,-0.00236731069162488,0.7010708451271057,0.2675029933452606,-0.01576162315905094,0.6979621052742004,0.218610480427742,-0.029832541942596436,0.6965687870979309,0.17547887563705444,-0.04051618650555611,0.740670919418335,0.33971020579338074,-0.004853752441704273,0.730053722858429,0.25102341175079346,-0.01409928034991026,0.7245385050773621,0.19754131138324738,-0.024985065683722496,0.7199622392654419,0.152119442820549,-0.03350517898797989,0.7694423794746399,0.3484591543674469,-0.01160714216530323,0.759480893611908,0.26742976903915405,-0.020708156749606133,0.7536531090736389,0.2193346619606018,-0.026324033737182617,0.7484290599822998,0.17824575304985046,-0.031348682940006256,0.8024386763572693,0.3707735240459442,-0.021438805386424065,0.7953502535820007,0.31147196888923645,-0.0297622699290514,0.7878134846687317,0.2751144468784332,-0.03171425312757492,0.779386043548584,0.24282681941986084,-0.03321539983153343,palm
0.7743661403656006,0.552111029624939,2.812345485381229e-07,0.7154390215873718,0.5208579301834106,-0.01944052428007126,0.6790497303009033,0.45631054043769836,-0.026783112436532974,0.6744697093963623,0.3897700905799866,-0.03328748419880867,0.6693843007087708,0.3347056210041046,-0.03829621896147728,0.7093614339828491,0.34850478172302246,-0.0028992441948503256,0.700292706489563,0.2678585350513458,-0.016690967604517937,0.69720858335495,0.21899645030498505,-0.03100743144750595,0.6959328055381775,0.17575155198574066,-0.04187014698982239,0.7400808334350586,0.33994585275650024,-0.005505858454853296,0.7292998433113098,0.2514078617095947,-0.01526104100048542,0.7237948179244995,0.1978089064359665,-0.026573359966278076,0.7193644046783447,0.15198734402656555,-0.03539963439106941,0.7689375877380371,0.34866616129875183,-0.012361005879938602,0.7589660882949829,0.2675791084766388,-0.022008048370480537,0.7531988024711609,0.21920572221279144,-0.02809254452586174,0.7479668855667114,0.17759384214878082,-0.033401720225811005,0.8019188642501831,0.370939701795578,-0.02225179597735405,0.795029878616333,0.31155043840408325,-0.031112581491470337,0.7875012755393982,0.27494701743125916,-0.0334678590297699,0.7789340019226074,0.24227355420589447,-0.03523699939250946,palm
0.7742837071418762,0.5520893931388855,2.828195704296377e-07,0.7153018712997437,0.5208200216293335,-0.019417859613895416,0.6786350011825562,0.4563027024269104,-0.026759561151266098,0.6740496754646301,0.38942620158195496,-0.03321922942996025,0.6688963174819946,0.3342449963092804,-0.03814627230167389,0.7091890573501587,0.3485306203365326,-0.0032347070518881083,0.7002815008163452,0.26772093772888184,-0.01689090020954609,0.6970871090888977,0.21895073354244232,-0.031025640666484833,0.6955896019935608,0.17594227194786072,-0.041730646044015884,0.7399005889892578,0.34009069204330444,-0.005718333180993795,0.7291786074638367,0.2513048052787781,-0.015230869874358177,0.7235936522483826,0.1977827250957489,-0.02615610510110855,0.719024121761322,0.15238875150680542,-0.03467273339629173,0.7688270807266235,0.3490009903907776,-0.012405181303620338,0.7588316798210144,0.267358660697937,-0.021769650280475616,0.7530865669250488,0.21918238699436188,-0.027449116110801697,0.7479550838470459,0.17800705134868622,-0.0324745737016201,0.8020259141921997,0.3713698089122772,-0.022124702110886574,0.7952871918678284,0.3120458424091339,-0.03081112913787365,0.7877446413040161,0.27546119689941406,-0.03294110298156738,0.7792733907699585,0.24298633635044098,-0.034497085958719254,palm
0.7741219997406006,0.5522524118423462,2.823142608576745e-07,0.7152088284492493,0.5210974812507629,-0.01950104348361492,0.678403377532959,0.45634105801582336,-0.026644757017493248,0.673876941204071,0.3889913260936737,-0.03285878896713257,0.668449342250824,0.3335481584072113,-0.0375484861433506,0.7087569236755371,0.348818302154541,-0.0029490478336811066,0.6999316215515137,0.26796722412109375,-0.016332849860191345,0.6968563199043274,0.2191566377878189,-0.030344795435667038,0.695296049118042,0.1760358214378357,-0.041026584804058075,0.7395811676979065,0.34023648500442505,-0.005343998316675425,0.7288536429405212,0.25140663981437683,-0.014649242162704468,0.7233632802963257,0.19794489443302155,-0.025644825771450996,0.7187173962593079,0.15242443978786469,-0.03426774963736534,0.7684693336486816,0.349087119102478,-0.011957311071455479,0.7584337592124939,0.26763737201690674,-0.021270766854286194,0.7528253197669983,0.21948005259037018,-0.02715248055756092,0.747694730758667,0.17815330624580383,-0.03233891725540161,0.8016528487205505,0.3713203966617584,-0.021597212180495262,0.7948247790336609,0.3117380738258362,-0.030269498005509377,0.7873983979225159,0.2750350832939148,-0.032518502324819565,0.7790422439575195,0.24226254224777222,-0.0342056080698967,palm
0.7738111019134521,0.5519014000892639,2.858679692963051e-07,0.7149501442909241,0.5210558176040649,-0.019556419923901558,0.6780851483345032,0.4564473330974579,-0.026781128719449043,0.6733712553977966,0.3892216384410858,-0.033080391585826874,0.6683449149131775,0.3337303102016449,-0.0378306582570076,0.7080748081207275,0.3488195240497589,-0.002967558102682233,0.6993953585624695,0.2675749957561493,-0.01625882275402546,0.696341335773468,0.21862202882766724,-0.03017672710120678,0.694779634475708,0.17537452280521393,-0.0408068485558033,0.7388681769371033,0.34040048718452454,-0.005309511907398701,0.7282369136810303,0.25156643986701965,-0.014526703394949436,0.7228316068649292,0.19810527563095093,-0.02548147179186344,0.7182868719100952,0.15262189507484436,-0.03410171717405319,0.7677677869796753,0.34920263290405273,-0.011871593073010445,0.7578681707382202,0.26796236634254456,-0.021063322201371193,0.7523857355117798,0.21974952518939972,-0.02698531746864319,0.7473170161247253,0.17831774055957794,-0.03224936127662659,0.8009082078933716,0.37126702070236206,-0.02146935649216175,0.794246256351471,0.3118565082550049,-0.03002304397523403,0.7869307994842529,0.2751171886920929,-0.03233656287193298,0.778641402721405,0.2422199845314026,-0.03411956503987312,palm
0.7736089825630188,0.5516600608825684,2.8644404892474995e-07,0.7146894335746765,0.5208407640457153,-0.019308315590023994,0.6780529022216797,0.4562790095806122,-0.026357010006904602,0.673607349395752,0.38928288221359253,-0.03253009170293808,0.6687629222869873,0.3342754542827606,-0.03716259449720383,0.7079831957817078,0.3480452299118042,-0.00246227509342134,0.6994438767433167,0.26707154512405396,-0.015547754243016243,0.6964676380157471,0.2183380126953125,-0.029362287372350693,0.6949760913848877,0.17543482780456543,-0.039910126477479935,0.7387595176696777,0.3398128151893616,-0.004827671218663454,0.7282187938690186,0.2513135075569153,-0.01391656044870615,0.7226642370223999,0.19802333414554596,-0.02474535070359707,0.7179866433143616,0.15284016728401184,-0.033248793333768845,0.7675700187683105,0.34865301847457886,-0.011424483731389046,0.7577127814292908,0.2676990032196045,-0.020470354706048965,0.7519521117210388,0.21956995129585266,-0.026276659220457077,0.74666827917099,0.1781974732875824,-0.03145945444703102,0.8005046844482422,0.3706974685192108,-0.021052930504083633,0.7939387559890747,0.3115103542804718,-0.029427671805024147,0.7866705656051636,0.275038480758667,-0.0316217802464962,0.7784556746482849,0.2423965036869049,-0.033322256058454514,palm
0.7736364603042603,0.5518476963043213,2.862706196538056e-07,0.7148787379264832,0.5209387540817261,-0.01938316412270069,0.6781784892082214,0.45598751306533813,-0.02645190618932247,0.6735631227493286,0.38865190744400024,-0.03258761763572693,0.6685402989387512,0.33334192633628845,-0.037135303020477295,0.7080374956130981,0.3480619490146637,-0.002615935867652297,0.6993148326873779,0.26693055033683777,-0.015722405165433884,0.6963568925857544,0.21813154220581055,-0.02948770299553871,0.6949636936187744,0.17522595822811127,-0.03994830697774887,0.7388038635253906,0.33979251980781555,-0.004861133173108101,0.7281498312950134,0.2510761022567749,-0.013868065550923347,0.7227307558059692,0.19779470562934875,-0.02451487071812153,0.7182555794715881,0.15269923210144043,-0.03285440057516098,0.7676621675491333,0.3486357629299164,-0.011328966356813908,0.7575849890708923,0.2674756348133087,-0.02026195637881756,0.7518314719200134,0.2192927896976471,-0.025858929380774498,0.7466835975646973,0.17809495329856873,-0.03087019734084606,0.8007243275642395,0.37071195244789124,-0.020835740491747856,0.7939207553863525,0.3114714026451111,-0.029050379991531372,0.7865987420082092,0.27502551674842834,-0.031061755493283272,0.7784684300422668,0.24262778460979462,-0.03260551020503044,palm
0.7731226682662964,0.5516691207885742,2.855209970675787e-07,0.7146294116973877,0.5206660628318787,-0.01924869231879711,0.6782324314117432,0.4555370509624481,-0.02627302147448063,0.6737159490585327,0.388353556394577,-0.03242253512144089,0.6679667830467224,0.33326074481010437,-0.03703378885984421,0.7081493735313416,0.34758779406547546,-0.002743581309914589,0.6995289325714111,0.26622503995895386,-0.0159681998193264,0.6965119242668152,0.2172686755657196,-0.029787439852952957,0.6950846910476685,0.174305260181427,-0.040258102118968964,0.7389206886291504,0.33939534425735474,-0.005108198616653681,0.7283493280410767,0.2505471706390381,-0.014230795204639435,0.7229301929473877,0.19712629914283752,-0.024971285834908485,0.7184780836105347,0.1519811451435089,-0.03338600695133209,0.7677526473999023,0.34819266200065613,-0.01167505793273449,0.7579247951507568,0.26725298166275024,-0.020623397082090378,0.7521588802337646,0.2189774513244629,-0.026318686082959175,0.7469664812088013,0.1777835488319397,-0.03142895922064781,0.8007059693336487,0.37023547291755676,-0.02127787098288536,0.7940555810928345,0.3111450970172882,-0.029466336593031883,0.7867195010185242,0.2746880352497101,-0.03152645379304886,0.7785178422927856,0.24232521653175354,-0.03313678875565529,palm
0.7732105851173401,0.5509811639785767,2.820555948801484e-07,0.7145804166793823,0.520361602306366,-0.01962597295641899,0.6781205534934998,0.4558451473712921,-0.026882212609052658,0.6736490726470947,0.38844624161720276,-0.03313349932432175,0.6682343482971191,0.33282142877578735,-0.037780262529850006,0.7085070013999939,0.347403347492218,-0.0028579356148838997,0.6996548175811768,0.26624178886413574,-0.01588524505496025,0.6965947151184082,0.21753983199596405,-0.029648305848240852,0.6951777935028076,0.17480023205280304,-0.0400964580476284,0.7392410039901733,0.33912163972854614,-0.0049559311009943485,0.7286180853843689,0.25019556283950806,-0.013666153885424137,0.7231700420379639,0.19701479375362396,-0.024262603372335434,0.7186185717582703,0.1521235704421997,-0.0326710119843483,0.7678576111793518,0.3478970527648926,-0.011271422728896141,0.7580294609069824,0.2667461037635803,-0.01978183723986149,0.7523003220558167,0.21861150860786438,-0.025258637964725494,0.7472072839736938,0.17761249840259552,-0.03032909333705902,0.8007202744483948,0.36985453963279724,-0.020670784637331963,0.7938479781150818,0.3105624318122864,-0.02849358692765236,0.7864827513694763,0.2741627097129822,-0.030339114367961884,0.7782889008522034,0.24185508489608765,-0.031851936131715775,palm
0.7681555151939392,0.5221057534217834,3.7906985994595743e-07,0.8178234696388245,0.47504985332489014,-0.004820716101676226,0.8437644243240356,0.41562139987945557,-0.008981571532785892,0.8385253548622131,0.35159167647361755,-0.010881639085710049,0.8222765326499939,0.3096354007720947,-0.012913627550005913,0.7943041920661926,0.34133395552635193,-0.02015937864780426,0.7803277969360352,0.24290591478347778,-0.02822062559425831,0.7739436030387878,0.1915721297264099,-0.031526438891887665,0.7690366506576538,0.15288102626800537,-0.03237491846084595,0.7588754892349243,0.346566766500473,-0.020917082205414772,0.7483975887298584,0.2399766594171524,-0.028811253607273102,0.7424725890159607,0.17929130792617798,-0.03260314464569092,0.7398843765258789,0.1374049335718155,-0.03453471139073372,0.7288520336151123,0.3621014356613159,-0.020490210503339767,0.7195700407028198,0.26738443970680237,-0.025453338399529457,0.7178438305854797,0.2104729413986206,-0.02943570539355278,0.720072329044342,0.17136703431606293,-0.03218502923846245,0.7025762796401978,0.3864902853965759,-0.019649408757686615,0.695627748966217,0.3147377073764801,-0.02259235456585884,0.6963493824005127,0.27377021312713623,-0.02252955175936222,0.7008782029151917,0.24031779170036316,-0.02163873240351677,palm
0.7603809237480164,0.5196095108985901,3.813678688402433e-07,0.8094332218170166,0.4711032509803772,-0.008098701015114784,0.8333357572555542,0.40999850630760193,-0.013120567426085472,0.8258175253868103,0.344582200050354,-0.015141782350838184,0.807913064956665,0.30243760347366333,-0.016745923087000847,0.7832922339439392,0.3385974168777466,-0.02043318934738636,0.7666720151901245,0.24135279655456543,-0.027327239513397217,0.7583520412445068,0.1908009797334671,-0.030048377811908722,0.7520609498023987,0.15173913538455963,-0.030790261924266815,0.747999906539917,0.3438401222229004,-0.01918557472527027,0.7352917194366455,0.23947201669216156,-0.02625967375934124,0.7284033894538879,0.18010711669921875,-0.02989773079752922,0.7252014875411987,0.13817493617534637,-0.03188265487551689,0.7184605002403259,0.3591880202293396,-0.017108004540205002,0.7077791690826416,0.26736700534820557,-0.02122855931520462,0.7048313021659851,0.21093526482582092,-0.0255414005368948,0.7058705687522888,0.1714012175798416,-0.028752785176038742,0.6935669183731079,0.38222619891166687,-0.014997987076640129,0.6871252059936523,0.3122638165950775,-0.01702635921537876,0.6866464614868164,0.27172160148620605,-0.01734135113656521,0.6897046566009521,0.2388310581445694,-0.017015207558870316,palm
0.7603245377540588,0.5192222595214844,3.8247537759161787e-07,0.8094180822372437,0.4709211587905884,-0.008364548906683922,0.8335509300231934,0.4095480740070343,-0.013579050078988075,0.8258370161056519,0.34385669231414795,-0.01571156643331051,0.8071383237838745,0.3027690649032593,-0.017392205074429512,0.7832924127578735,0.3380735516548157,-0.020796621218323708,0.7664655447006226,0.2409982681274414,-0.02770509384572506,0.7580374479293823,0.19053064286708832,-0.03040742129087448,0.7517290115356445,0.15159714221954346,-0.03114931471645832,0.7476481199264526,0.34349051117897034,-0.019409723579883575,0.7344911098480225,0.23915749788284302,-0.026539785787463188,0.7275417447090149,0.18000072240829468,-0.030079806223511696,0.7243337631225586,0.1382034868001938,-0.03198890760540962,0.7179592251777649,0.3588497042655945,-0.01719638518989086,0.7072470784187317,0.26676493883132935,-0.021378736943006516,0.7042369842529297,0.21046017110347748,-0.025606278330087662,0.7051085829734802,0.17104700207710266,-0.028728969395160675,0.6933034062385559,0.38171371817588806,-0.014968759380280972,0.6872745752334595,0.31136858463287354,-0.01696450635790825,0.6868252158164978,0.2709646224975586,-0.017215387895703316,0.6897547841072083,0.23831172287464142,-0.016839025542140007,palm
0.7606235146522522,0.5199484825134277,3.775166703690047e-07,0.8096125721931458,0.4696591794490814,-0.007820581085979939,0.8335712552070618,0.40826982259750366,-0.013039023615419865,0.8259620666503906,0.3427000939846039,-0.015545890666544437,0.8065192699432373,0.3028445839881897,-0.01778365671634674,0.78265780210495,0.3371977210044861,-0.019786467775702477,0.7656649947166443,0.24102990329265594,-0.027317315340042114,0.7571563124656677,0.19049909710884094,-0.030702631920576096,0.7506733536720276,0.15128879249095917,-0.03196020424365997,0.7477703094482422,0.34307318925857544,-0.019211243838071823,0.7341182231903076,0.23967361450195312,-0.027049077674746513,0.7264706492424011,0.18023817241191864,-0.03132723271846771,0.72264164686203,0.13766558468341827,-0.03370805084705353,0.7184885740280151,0.3590667247772217,-0.017842022702097893,0.7074588537216187,0.26748931407928467,-0.022678082808852196,0.7040714621543884,0.21112175285816193,-0.027102714404463768,0.7045456171035767,0.1709207147359848,-0.030268941074609756,0.6937683820724487,0.3830479383468628,-0.016433624550700188,0.6872100830078125,0.3126274049282074,-0.018971187993884087,0.68658447265625,0.2720301151275635,-0.01918722316622734,0.6893577575683594,0.23869255185127258,-0.018697991967201233,palm
0.7605845928192139,0.5197085738182068,3.730412743152556e-07,0.8093506097793579,0.4703097939491272,-0.008345859125256538,0.8332850933074951,0.4089718461036682,-0.01389427948743105,0.825655460357666,0.34366652369499207,-0.016559390351176262,0.8060206770896912,0.3038397431373596,-0.018960239365696907,0.7816590070724487,0.33731138706207275,-0.020810198038816452,0.7647024989128113,0.24148768186569214,-0.028503241017460823,0.7561432123184204,0.19117611646652222,-0.031921420246362686,0.7496936917304993,0.15228989720344543,-0.03316318243741989,0.7469801306724548,0.34319767355918884,-0.019812602549791336,0.7327852845191956,0.2400156855583191,-0.027585698291659355,0.7249818444252014,0.18095655739307404,-0.03165939450263977,0.7212124466896057,0.13847236335277557,-0.033956076949834824,0.7180372476577759,0.3590884506702423,-0.018018832430243492,0.7067191004753113,0.2674226462841034,-0.02266329899430275,0.7033054828643799,0.21134445071220398,-0.026906592771410942,0.7038560509681702,0.17127558588981628,-0.030042972415685654,0.6935937404632568,0.38305822014808655,-0.01623312383890152,0.6864019632339478,0.31354373693466187,-0.018584350124001503,0.6854291558265686,0.272998183965683,-0.01883649080991745,0.6880183219909668,0.2396274358034134,-0.018448561429977417,palm
0.7594362497329712,0.5206511616706848,3.7640651839865313e-07,0.8085700869560242,0.4712357521057129,-0.009355676360428333,0.8328540325164795,0.40994784235954285,-0.015297983773052692,0.8255910873413086,0.34504276514053345,-0.018269944936037064,0.8061115741729736,0.30470967292785645,-0.02092638798058033,0.7811522483825684,0.3375125229358673,-0.021546093747019768,0.7640271186828613,0.24252061545848846,-0.029865065589547157,0.7555105090141296,0.19206243753433228,-0.033899758011102676,0.7491721510887146,0.15258076786994934,-0.03560677170753479,0.7464052438735962,0.34371182322502136,-0.02043287456035614,0.7320724725723267,0.24148517847061157,-0.028957851231098175,0.7242563962936401,0.1821899116039276,-0.03376355022192001,0.7204508185386658,0.13901767134666443,-0.03655137121677399,0.7174764275550842,0.3598597049713135,-0.01862342655658722,0.7060639262199402,0.268947571516037,-0.024142691865563393,0.7026487588882446,0.21294370293617249,-0.028842078521847725,0.7031539082527161,0.17250369489192963,-0.03210730850696564,0.6932931542396545,0.3838324546813965,-0.016916634514927864,0.6866893768310547,0.31366729736328125,-0.01995367556810379,0.686069130897522,0.27331554889678955,-0.020390719175338745,0.6888242959976196,0.24028265476226807,-0.02001035027205944,palm
0.7598716020584106,0.5200203657150269,3.6505886669147003e-07,0.8085917830467224,0.4713350534439087,-0.008339662104845047,0.8324289321899414,0.4107759892940521,-0.013699433766305447,0.8250583410263062,0.34566250443458557,-0.0163938719779253,0.8056113719940186,0.3062668442726135,-0.01883721351623535,0.7813732624053955,0.3369792699813843,-0.019094375893473625,0.7637211680412292,0.24210211634635925,-0.02647263929247856,0.7546603679656982,0.19220717251300812,-0.030000630766153336,0.7478325366973877,0.15371249616146088,-0.031425874680280685,0.7470691800117493,0.342743456363678,-0.018268974497914314,0.732240617275238,0.2405654788017273,-0.025245990604162216,0.7241660356521606,0.18223081529140472,-0.02912539429962635,0.7202656269073486,0.1402669996023178,-0.03145819157361984,0.7183554172515869,0.3586641550064087,-0.016863811761140823,0.7062814235687256,0.2675779163837433,-0.02100648544728756,0.7023006081581116,0.21281404793262482,-0.025056947022676468,0.7026075720787048,0.1734538972377777,-0.028202371671795845,0.6938748955726624,0.38256189227104187,-0.015578837133944035,0.6858000755310059,0.31352025270462036,-0.017862653359770775,0.6845396757125854,0.27331307530403137,-0.0181753970682621,0.6872790455818176,0.23983824253082275,-0.017870675772428513,palm
0.7596949338912964,0.5211379528045654,3.7099141536600655e-07,0.8082574605941772,0.4716131091117859,-0.00909422803670168,0.8314452171325684,0.41131114959716797,-0.014886585995554924,0.8243060111999512,0.3472438156604767,-0.01789531484246254,0.8065613508224487,0.30531591176986694,-0.02056802809238434,0.7804665565490723,0.33798837661743164,-0.020196394994854927,0.7632436156272888,0.2433052510023117,-0.02812565118074417,0.7547252774238586,0.1933678388595581,-0.03208981454372406,0.7483630776405334,0.1545824408531189,-0.033778928220272064,0.7460979223251343,0.3439292013645172,-0.01912616193294525,0.7316953539848328,0.24192816019058228,-0.026622727513313293,0.7240090370178223,0.1834281086921692,-0.031106119975447655,0.7204025387763977,0.14137256145477295,-0.033869944512844086,0.7172629833221436,0.3599582314491272,-0.01750221662223339,0.7056620717048645,0.2694997787475586,-0.02215287834405899,0.7020514011383057,0.21403592824935913,-0.02693057246506214,0.7025684714317322,0.1742725819349289,-0.0305864829570055,0.6926894783973694,0.38384562730789185,-0.01600593514740467,0.6854972839355469,0.3159081041812897,-0.018774185329675674,0.6845061182975769,0.27589696645736694,-0.019529404118657112,0.6870943307876587,0.24275606870651245,-0.019533853977918625,palm
0.7592169642448425,0.5215493440628052,3.758116804419842e-07,0.8079501986503601,0.4724231958389282,-0.008492909371852875,0.8316802978515625,0.4119548201560974,-0.01369869988411665,0.8239989280700684,0.34715569019317627,-0.016003331169486046,0.8057374358177185,0.30531901121139526,-0.017833510413765907,0.7805338501930237,0.33937323093414307,-0.019616980105638504,0.7634027004241943,0.24469316005706787,-0.02683020569384098,0.754655122756958,0.19517292082309723,-0.03006480634212494,0.748088002204895,0.1563025414943695,-0.03126933053135872,0.7454966902732849,0.34528493881225586,-0.01848532073199749,0.7309025526046753,0.24276182055473328,-0.02644074521958828,0.7234240770339966,0.18410350382328033,-0.030720574781298637,0.7198057770729065,0.14157137274742126,-0.03307126462459564,0.7163431644439697,0.361000657081604,-0.016665944829583168,0.7037738561630249,0.26986315846443176,-0.021827133372426033,0.7000202536582947,0.21424983441829681,-0.026296736672520638,0.7004076242446899,0.17448823153972626,-0.029270363971590996,0.6923357844352722,0.3839876651763916,-0.01487337239086628,0.6854206323623657,0.31195226311683655,-0.017232785001397133,0.6852532625198364,0.27246180176734924,-0.017184734344482422,0.6888002753257751,0.24084287881851196,-0.01644699089229107,palm
0.7592321634292603,0.521526038646698,3.8092488807706104e-07,0.8082711696624756,0.47288569808006287,-0.008173606358468533,0.8321571350097656,0.41235995292663574,-0.013271111063659191,0.824203610420227,0.34689387679100037,-0.015397484414279461,0.8054201602935791,0.3058570325374603,-0.017058389261364937,0.780708909034729,0.3397611081600189,-0.019935021176934242,0.7635146975517273,0.24439097940921783,-0.026816533878445625,0.7547422647476196,0.19483734667301178,-0.02951478771865368,0.748185932636261,0.15640364587306976,-0.030287479981780052,0.7454574108123779,0.3456308841705322,-0.018755633383989334,0.731072723865509,0.24216094613075256,-0.026584871113300323,0.7236785292625427,0.18347956240177155,-0.030377177521586418,0.720268189907074,0.1416803002357483,-0.032254163175821304,0.7163062691688538,0.3613923192024231,-0.01677362620830536,0.7037738561630249,0.2691991627216339,-0.021778235211968422,0.7003414034843445,0.21374718844890594,-0.02588556706905365,0.7012411952018738,0.17459388077259064,-0.028525689616799355,0.6922351717948914,0.38479727506637573,-0.01473771221935749,0.6847750544548035,0.3121291697025299,-0.016994444653391838,0.6850332617759705,0.2723454535007477,-0.016786891967058182,0.6894556283950806,0.24056845903396606,-0.015861669555306435,palm
0.7591723799705505,0.521914005279541,3.782777753258415e-07,0.8078944683074951,0.47342485189437866,-0.008196191862225533,0.8317227959632874,0.4127483069896698,-0.013257686980068684,0.8240430951118469,0.3475392162799835,-0.015258166939020157,0.8051229119300842,0.3060927391052246,-0.016787061467766762,0.7806742787361145,0.34059715270996094,-0.020151149481534958,0.7634981274604797,0.24528364837169647,-0.026864616200327873,0.7548473477363586,0.19585026800632477,-0.029611146077513695,0.74825519323349,0.1571083813905716,-0.0305019523948431,0.7455673813819885,0.3462338149547577,-0.018828459084033966,0.7312560677528381,0.24265821278095245,-0.02665400691330433,0.7239795923233032,0.1839466243982315,-0.030760416761040688,0.7203047871589661,0.14165723323822021,-0.032958805561065674,0.7162539958953857,0.3617536723613739,-0.01663477160036564,0.7039293646812439,0.270218163728714,-0.021565889939665794,0.7005152106285095,0.21377259492874146,-0.02608606591820717,0.7012398838996887,0.17360801994800568,-0.029137108474969864,0.6921100616455078,0.38458555936813354,-0.014373422600328922,0.685400128364563,0.31234532594680786,-0.016284504905343056,0.6855127811431885,0.2728586792945862,-0.016089675948023796,0.6893012523651123,0.24151381850242615,-0.015360645018517971,palm
0.7596132159233093,0.5213499069213867,3.866350937187235e-07,0.8085289001464844,0.4733057916164398,-0.008819961920380592,0.832732081413269,0.4124204218387604,-0.014227076433598995,0.8247463703155518,0.3464154601097107,-0.016528993844985962,0.8048583269119263,0.3060726225376129,-0.018362458795309067,0.7813845872879028,0.3403984308242798,-0.020585058256983757,0.7639954686164856,0.2445688247680664,-0.02747989445924759,0.7550349831581116,0.19496378302574158,-0.030251404270529747,0.7482288479804993,0.15645979344844818,-0.03109610453248024,0.7460411190986633,0.34605520963668823,-0.019118065014481544,0.7313936352729797,0.24210800230503082,-0.02681192196905613,0.7239188551902771,0.18337301909923553,-0.030593132600188255,0.7202098965644836,0.14139583706855774,-0.032525260001420975,0.7164075970649719,0.3614853620529175,-0.016901716589927673,0.7037636041641235,0.2696012854576111,-0.02181932143867016,0.7002065181732178,0.2137453407049179,-0.026100391522049904,0.7008153796195984,0.17433331906795502,-0.028933880850672722,0.6918522715568542,0.38401806354522705,-0.014703516848385334,0.685382604598999,0.31141698360443115,-0.016693830490112305,0.6856207251548767,0.27219274640083313,-0.016411839053034782,0.689520537853241,0.24124711751937866,-0.015558656305074692,palm
0.7603195309638977,0.5216375589370728,3.847893879083131e-07,0.8090172410011292,0.4720615744590759,-0.008666601963341236,0.8328248858451843,0.41179418563842773,-0.014477003365755081,0.8248533606529236,0.3472785949707031,-0.01741504855453968,0.8053842782974243,0.3066744804382324,-0.020014069974422455,0.781227171421051,0.34057727456092834,-0.021415581926703453,0.764117419719696,0.24530737102031708,-0.02958289533853531,0.7555834650993347,0.19522076845169067,-0.033202316612005234,0.7491362690925598,0.15609082579612732,-0.034545376896858215,0.7462185025215149,0.34652093052864075,-0.020656513050198555,0.7320132851600647,0.24265244603157043,-0.029466692358255386,0.7246624231338501,0.18321263790130615,-0.03398843854665756,0.7212830781936646,0.14066722989082336,-0.036383047699928284,0.717068612575531,0.3621734082698822,-0.019117943942546844,0.705112099647522,0.26942163705825806,-0.02492809109389782,0.7017847299575806,0.21310189366340637,-0.029392210766673088,0.7027636170387268,0.17303815484046936,-0.032277174293994904,0.6926471590995789,0.38552865386009216,-0.017573578283190727,0.6854090094566345,0.3127049207687378,-0.020641252398490906,0.6855850219726562,0.2724969983100891,-0.02066829614341259,0.6895972490310669,0.24027152359485626,-0.019869836047291756,palm
0.7601445913314819,0.5214610695838928,3.9148852692960645e-07,0.8085758686065674,0.47245174646377563,-0.008363857865333557,0.8327367305755615,0.4119507372379303,-0.013679807074368,0.8248462080955505,0.3466281294822693,-0.015969673171639442,0.8052704334259033,0.3057897984981537,-0.017725732177495956,0.7810835838317871,0.34015026688575745,-0.02015136182308197,0.7638834118843079,0.24431928992271423,-0.02708040177822113,0.7550579309463501,0.19443175196647644,-0.029671799391508102,0.7484874129295349,0.155917227268219,-0.03025715798139572,0.7459325194358826,0.34617510437965393,-0.01887732744216919,0.7315070629119873,0.24181675910949707,-0.026808366179466248,0.724164605140686,0.18306419253349304,-0.030351441353559494,0.7207686305046082,0.1412816345691681,-0.03186498209834099,0.7166637182235718,0.3619067966938019,-0.01681939885020256,0.703995943069458,0.2694823741912842,-0.021848073229193687,0.700396716594696,0.2138703167438507,-0.02569161169230938,0.7011286616325378,0.17474468052387238,-0.02800329215824604,0.6925150752067566,0.3850437104701996,-0.014733552001416683,0.6858029365539551,0.3122180104255676,-0.016654402017593384,0.6860175132751465,0.2725178301334381,-0.01606029085814953,0.6900343894958496,0.24109967052936554,-0.014811266213655472,palm
0.7602337002754211,0.5222835540771484,3.886785577833507e-07,0.8084595799446106,0.472370445728302,-0.0085659921169281,0.832728922367096,0.4117470979690552,-0.014652462676167488,0.8252667784690857,0.3472495675086975,-0.017846716567873955,0.8058558702468872,0.30580005049705505,-0.02063002623617649,0.781254231929779,0.3408621847629547,-0.021992787718772888,0.7639930248260498,0.2449936866760254,-0.030504291877150536,0.7551997900009155,0.19465488195419312,-0.034197669476270676,0.748561441898346,0.15563130378723145,-0.03549528494477272,0.7460408210754395,0.3472480773925781,-0.021418649703264236,0.7313942313194275,0.24258993566036224,-0.030853305011987686,0.7239651679992676,0.1832641214132309,-0.03548624366521835,0.7205005288124084,0.1410055011510849,-0.037787530571222305,0.7166252136230469,0.3631112277507782,-0.02001865953207016,0.7044637799263,0.26983654499053955,-0.026290686801075935,0.700999915599823,0.213018000125885,-0.03090357407927513,0.701727569103241,0.17273445427417755,-0.033760786056518555,0.6922584772109985,0.38640865683555603,-0.01856267638504505,0.6856893301010132,0.3134029805660248,-0.021705258637666702,0.6858083605766296,0.27340030670166016,-0.0216780137270689,0.6894693970680237,0.24173757433891296,-0.020774591714143753,palm
0.7598172426223755,0.5218830108642578,3.8142687230902084e-07,0.8086222410202026,0.4729847013950348,-0.00815088301897049,0.8327009677886963,0.4123005270957947,-0.013653237372636795,0.8247407674789429,0.34669432044029236,-0.016213420778512955,0.8050438165664673,0.30638664960861206,-0.01834944263100624,0.7809762358665466,0.3397161364555359,-0.02055494859814644,0.7633535265922546,0.24461276829242706,-0.027711745351552963,0.7541760802268982,0.19459812343120575,-0.030568011105060577,0.7473492622375488,0.15576858818531036,-0.03146563842892647,0.7458090782165527,0.34595659375190735,-0.019620312377810478,0.7306411266326904,0.2424336075782776,-0.027844194322824478,0.7230249047279358,0.1841665357351303,-0.031539589166641235,0.7196574807167053,0.14243875443935394,-0.03326079621911049,0.7164384722709656,0.3617680072784424,-0.01786387711763382,0.703412652015686,0.26965153217315674,-0.023076191544532776,0.699913501739502,0.21398714184761047,-0.02704034559428692,0.7007852792739868,0.17466086149215698,-0.029562022536993027,0.6922711133956909,0.3849222660064697,-0.016075387597084045,0.6856378316879272,0.31212595105171204,-0.01822572760283947,0.6856441497802734,0.27259740233421326,-0.017781607806682587,0.6894899606704712,0.2413640022277832,-0.01670408807694912,palm
0.7599310874938965,0.5218793153762817,3.7743240000054357e-07,0.8086402416229248,0.47296279668807983,-0.007956416346132755,0.8327130079269409,0.41261929273605347,-0.013307175599038601,0.8248093128204346,0.34774553775787354,-0.015738042071461678,0.8053616881370544,0.30709078907966614,-0.017791884019970894,0.7805457711219788,0.33961614966392517,-0.020534826442599297,0.7631690502166748,0.24430841207504272,-0.027714544907212257,0.7540374994277954,0.1944277137517929,-0.030571291223168373,0.7470806837081909,0.15574853122234344,-0.03144960477948189,0.7456852197647095,0.3456566035747528,-0.019649235531687737,0.7307655215263367,0.24205248057842255,-0.02773251011967659,0.7230602502822876,0.18357613682746887,-0.031502656638622284,0.7196048498153687,0.14198395609855652,-0.033351194113492966,0.7166312336921692,0.361561119556427,-0.01790335774421692,0.7040344476699829,0.2692483365535736,-0.022910043597221375,0.7007188200950623,0.21361522376537323,-0.026873495429754257,0.7018060684204102,0.17412611842155457,-0.02951045148074627,0.692314863204956,0.38532546162605286,-0.016092322766780853,0.6848527193069458,0.31335824728012085,-0.01831100694835186,0.6845613718032837,0.27333396673202515,-0.018035314977169037,0.6883487701416016,0.24111464619636536,-0.017111195251345634,palm
0.7600637078285217,0.5228776335716248,3.767882503780129e-07,0.8083717823028564,0.4735499322414398,-0.007966069504618645,0.8318719267845154,0.4125242531299591,-0.01313546672463417,0.8240869045257568,0.3476483225822449,-0.015407262369990349,0.8054884076118469,0.30599626898765564,-0.017248909920454025,0.7805700898170471,0.34075796604156494,-0.020546551793813705,0.7627286911010742,0.245387464761734,-0.028010820969939232,0.7537757754325867,0.1953478902578354,-0.03097543679177761,0.7472071051597595,0.1564977467060089,-0.03187531232833862,0.745753288269043,0.34678155183792114,-0.01975918561220169,0.7302911281585693,0.24263009428977966,-0.02831202931702137,0.7226677536964417,0.18385589122772217,-0.0323977917432785,0.7194035649299622,0.1419747769832611,-0.03437579795718193,0.7165473699569702,0.36248549818992615,-0.018145421519875526,0.7036185264587402,0.27002042531967163,-0.02373356744647026,0.6997287273406982,0.21353554725646973,-0.02827136032283306,0.7002128958702087,0.1734100729227066,-0.03116614744067192,0.6921941041946411,0.3859807550907135,-0.016431841999292374,0.6851937174797058,0.3137776255607605,-0.019052589312195778,0.6849268078804016,0.27397748827934265,-0.019064418971538544,0.6882562041282654,0.2422085404396057,-0.018291719257831573,palm
0.7600894570350647,0.5234049558639526,3.705896745032078e-07,0.8085216879844666,0.4743807315826416,-0.007803929969668388,0.8320295810699463,0.4131671190261841,-0.012600651942193508,0.8239197134971619,0.3478618562221527,-0.014477145858108997,0.8046939969062805,0.3064877688884735,-0.015906518325209618,0.780771017074585,0.34119242429733276,-0.019464707002043724,0.7628054022789001,0.2461160272359848,-0.026312056928873062,0.7538627982139587,0.19656622409820557,-0.028899231925606728,0.747400164604187,0.15832921862602234,-0.029562821611762047,0.7460455894470215,0.34696441888809204,-0.01845046877861023,0.7304244041442871,0.24316221475601196,-0.026342518627643585,0.7228413224220276,0.1849254071712494,-0.03011760674417019,0.7196731567382812,0.1432971954345703,-0.03193012997508049,0.7169216275215149,0.36257800459861755,-0.01665961742401123,0.7037375569343567,0.2706006169319153,-0.02185124158859253,0.6998677849769592,0.2142540067434311,-0.02640608139336109,0.7005152702331543,0.1741045117378235,-0.029369134455919266,0.69260573387146,0.38592687249183655,-0.014756097458302975,0.6850545406341553,0.3144095838069916,-0.017055900767445564,0.6847831010818481,0.274750292301178,-0.01713618077337742,0.6883086562156677,0.24294745922088623,-0.016507653519511223,palm
0.7602279186248779,0.5242481827735901,3.5973050671600504e-07,0.8085976243019104,0.4752364456653595,-0.006348938215523958,0.831622302532196,0.4142773151397705,-0.01060000341385603,0.8236628174781799,0.349472314119339,-0.012227279134094715,0.8050656914710999,0.308514267206192,-0.013571205548942089,0.7808619141578674,0.3419106900691986,-0.019042713567614555,0.7625557780265808,0.24605047702789307,-0.026031602174043655,0.7537437677383423,0.1960788071155548,-0.028536826372146606,0.7472941875457764,0.15782387554645538,-0.029027502983808517,0.7466506958007812,0.34739407896995544,-0.018706345930695534,0.7303805351257324,0.2430492639541626,-0.026555553078651428,0.7222815752029419,0.18463562428951263,-0.030183658003807068,0.7189279198646545,0.14318770170211792,-0.03183075785636902,0.7178648710250854,0.36294031143188477,-0.017398061230778694,0.704267680644989,0.2704243063926697,-0.02229662612080574,0.7001694440841675,0.21435195207595825,-0.02637777291238308,0.7008112072944641,0.174484521150589,-0.029014969244599342,0.6933146715164185,0.38712412118911743,-0.015840232372283936,0.6844323873519897,0.3162476122379303,-0.01803036406636238,0.6836838722229004,0.27643975615501404,-0.017782874405384064,0.68701171875,0.24420465528964996,-0.016807740554213524,palm
0.759948194026947,0.5239867568016052,3.644477715170069e-07,0.8082937002182007,0.4753715991973877,-0.007939706556499004,0.8315213918685913,0.4148619472980499,-0.012956500053405762,0.8234046697616577,0.34970033168792725,-0.015151839703321457,0.8033697009086609,0.3096506893634796,-0.017010653391480446,0.7799866795539856,0.34186670184135437,-0.019767463207244873,0.7613099217414856,0.24596062302589417,-0.02694123238325119,0.752400815486908,0.19593395292758942,-0.029861096292734146,0.745751142501831,0.15771593153476715,-0.03068290278315544,0.7454816102981567,0.34735000133514404,-0.018714429810643196,0.7298406362533569,0.24359183013439178,-0.02602057158946991,0.7219598889350891,0.18547262251377106,-0.029732437804341316,0.7183635234832764,0.14428988099098206,-0.03168686479330063,0.7168933153152466,0.3629666566848755,-0.01688486710190773,0.7038407921791077,0.27115920186042786,-0.02126644179224968,0.6997318267822266,0.21570536494255066,-0.02545919269323349,0.7000101208686829,0.17650702595710754,-0.028447838500142097,0.6927613019943237,0.38665658235549927,-0.015019680373370647,0.6845731735229492,0.3163139522075653,-0.01699233241379261,0.6835424900054932,0.2764163315296173,-0.016978416591882706,0.6863914132118225,0.24416111409664154,-0.016349976882338524,palm
0.7597533464431763,0.5255797505378723,3.545273727922904e-07,0.8082335591316223,0.47643378376960754,-0.006909192074090242,0.8313009738922119,0.4156324863433838,-0.011473236605525017,0.8230624198913574,0.3508574068546295,-0.01346545945852995,0.8028256893157959,0.3109194338321686,-0.015177386812865734,0.7796518206596375,0.34184136986732483,-0.01806432008743286,0.7607506513595581,0.24714034795761108,-0.024963339790701866,0.7512094378471375,0.19797325134277344,-0.02786039188504219,0.7440721988677979,0.16047661006450653,-0.028754407539963722,0.7453943490982056,0.34736311435699463,-0.017623545601963997,0.7290998697280884,0.24424153566360474,-0.02471303567290306,0.7208886742591858,0.18677918612957,-0.02822844684123993,0.7172378301620483,0.14614906907081604,-0.03004772588610649,0.7165772318840027,0.3632282316684723,-0.016444697976112366,0.7031760215759277,0.27134862542152405,-0.020733404904603958,0.6991238594055176,0.216189444065094,-0.024724991992115974,0.6995506882667542,0.17694713175296783,-0.027618026360869408,0.6921164393424988,0.38762083649635315,-0.015155653469264507,0.683617889881134,0.3181309401988983,-0.01706131361424923,0.6826274394989014,0.27854493260383606,-0.016858123242855072,0.6855621337890625,0.24619807302951813,-0.01611366495490074,palm
0.7593100666999817,0.5244022607803345,3.589867674236302e-07,0.8078063726425171,0.47562941908836365,-0.006651113275438547,0.8307961821556091,0.4150550365447998,-0.010876239277422428,0.8222572803497314,0.3495718240737915,-0.012381264008581638,0.8018223643302917,0.31046104431152344,-0.013550021685659885,0.7788408398628235,0.3414985239505768,-0.01776154711842537,0.759290874004364,0.24575699865818024,-0.023620730265975,0.7491782307624817,0.1962912529706955,-0.02557886764407158,0.7416785955429077,0.15874822437763214,-0.02583976462483406,0.7438848614692688,0.34756895899772644,-0.016847388818860054,0.7270660400390625,0.24386411905288696,-0.02317509986460209,0.7189027667045593,0.18691426515579224,-0.025737719610333443,0.715225100517273,0.1466389298439026,-0.026816532015800476,0.7149645090103149,0.363803505897522,-0.015132107771933079,0.7008767127990723,0.2723163366317749,-0.018761491402983665,0.6971467733383179,0.217954620718956,-0.022168433293700218,0.6976040601730347,0.17977121472358704,-0.024604402482509613,0.6911158561706543,0.3878628611564636,-0.013286206871271133,0.6830629110336304,0.3178170323371887,-0.014103119261562824,0.6822816729545593,0.2793749272823334,-0.013237192295491695,0.6852038502693176,0.24863749742507935,-0.012125045992434025,palm
0.7591585516929626,0.5255207419395447,3.54698244109386e-07,0.8072894811630249,0.4764713943004608,-0.0060781692154705524,0.8297863006591797,0.4161026179790497,-0.010111108422279358,0.8218903541564941,0.35114187002182007,-0.011521744541823864,0.80294269323349,0.3095334768295288,-0.012533467262983322,0.7784013748168945,0.34248510003089905,-0.01744147017598152,0.7587670087814331,0.24717211723327637,-0.0235747117549181,0.7485304474830627,0.19771035015583038,-0.02570403926074505,0.740799069404602,0.16017670929431915,-0.026003522798419,0.7439218163490295,0.3483104705810547,-0.016787972301244736,0.7268034815788269,0.24436083436012268,-0.023688610643148422,0.7180561423301697,0.1871505081653595,-0.026560457423329353,0.7139192819595337,0.14646032452583313,-0.027741849422454834,0.7150134444236755,0.36419886350631714,-0.015255743637681007,0.7008627653121948,0.27200978994369507,-0.01908038556575775,0.6963717341423035,0.21725554764270782,-0.0223154965788126,0.6962374448776245,0.17855946719646454,-0.0245589017868042,0.69090336561203,0.3883293867111206,-0.013532311655580997,0.6822081208229065,0.3182973563671112,-0.014350767247378826,0.6810472011566162,0.2790682315826416,-0.013322792015969753,0.6838366389274597,0.24740546941757202,-0.012008505873382092,palm
0.20309413969516754,0.5706163644790649,3.2708473440834496e-07,0.2554331421852112,0.5432220101356506,-0.02571416087448597,0.28869566321372986,0.4818788170814514,-0.03204040601849556,0.29782140254974365,0.41846808791160583,-0.03570057824254036,0.3077561855316162,0.3682497441768646,-0.03806854039430618,0.26143452525138855,0.38418352603912354,-0.009915442205965519,0.2699262499809265,0.3093441128730774,-0.021816536784172058,0.27230823040008545,0.2623295783996582,-0.03265168517827988,0.27374836802482605,0.22135953605175018,-0.04060906544327736,0.231434628367424,0.3756217360496521,-0.00642436882480979,0.24065226316452026,0.2933908700942993,-0.015847189351916313,0.24556900560855865,0.24132341146469116,-0.025436896830797195,0.2507666051387787,0.19800932705402374,-0.032388150691986084,0.20365603268146515,0.38275521993637085,-0.006926213391125202,0.21056334674358368,0.3067285418510437,-0.017542773857712746,0.2190961241722107,0.26068395376205444,-0.02517060935497284,0.2285546511411667,0.22139638662338257,-0.030338464304804802,0.1752035915851593,0.40212225914001465,-0.010356292128562927,0.17800861597061157,0.34740814566612244,-0.02141597867012024,0.18555818498134613,0.31219589710235596,-0.026257991790771484,0.1952323317527771,0.27926599979400635,-0.02887546643614769,palm
0.20567868649959564,0.5686726570129395,3.281458589299291e-07,0.2573198974132538,0.5412782430648804,-0.026162181049585342,0.2906317412853241,0.481161892414093,-0.0332886204123497,0.3001776933670044,0.41839292645454407,-0.037825364619493484,0.3100421130657196,0.3677414655685425,-0.04109153151512146,0.2654198408126831,0.38278836011886597,-0.010519846342504025,0.2740318179130554,0.3087473213672638,-0.023100530728697777,0.2765706181526184,0.26243871450424194,-0.03461701050400734,0.27829214930534363,0.22141607105731964,-0.043088383972644806,0.23556222021579742,0.37345534563064575,-0.00716748321428895,0.24541056156158447,0.2917517125606537,-0.017239434644579887,0.25061842799186707,0.24024765193462372,-0.027428824454545975,0.25609150528907776,0.19697697460651398,-0.034903619438409805,0.20750929415225983,0.37993529438972473,-0.007853647693991661,0.21488246321678162,0.30441662669181824,-0.018955785781145096,0.2235129028558731,0.25857704877853394,-0.026954732835292816,0.2329561859369278,0.2193962037563324,-0.032437779009342194,0.178366556763649,0.39867454767227173,-0.011507343500852585,0.18235470354557037,0.34357351064682007,-0.022836560383439064,0.19054348766803741,0.30863627791404724,-0.027833927422761917,0.20049366354942322,0.2760963439941406,-0.030637554824352264,palm
0.2042732834815979,0.5696550607681274,3.3176610259033623e-07,0.25621071457862854,0.541492223739624,-0.02580946683883667,0.2895756959915161,0.48126885294914246,-0.032853107899427414,0.2983478307723999,0.4184771180152893,-0.0374126099050045,0.30793148279190063,0.3676435947418213,-0.0407775454223156,0.2636880576610565,0.3828551173210144,-0.01040311623364687,0.27261000871658325,0.30816736817359924,-0.023415710777044296,0.2753346264362335,0.2613433003425598,-0.03531389310956001,0.2770737409591675,0.21979016065597534,-0.04398033395409584,0.23382820188999176,0.37346628308296204,-0.007354716770350933,0.2438848912715912,0.291510671377182,-0.017896639183163643,0.24925339221954346,0.23926188051700592,-0.028557417914271355,0.25462856888771057,0.19541235268115997,-0.03631553426384926,0.20584151148796082,0.37985759973526,-0.008295170962810516,0.2128184586763382,0.30452316999435425,-0.019639885053038597,0.2216569036245346,0.2584449052810669,-0.027760202065110207,0.23113468289375305,0.21942782402038574,-0.033268965780735016,0.1765686273574829,0.3986864984035492,-0.012161276303231716,0.18026773631572723,0.3432968556880951,-0.023477936163544655,0.18830567598342896,0.30828607082366943,-0.028289206326007843,0.19792678952217102,0.27587658166885376,-0.030928833410143852,palm
0.20394323766231537,0.5700126886367798,3.3159102486024494e-07,0.2557631731033325,0.5417356491088867,-0.02590438723564148,0.288547158241272,0.4803476929664612,-0.03268175944685936,0.2971948981285095,0.4166816174983978,-0.036874424666166306,0.30684229731559753,0.3657703697681427,-0.03983179107308388,0.2626144289970398,0.3818221688270569,-0.010194757953286171,0.27142590284347534,0.3067665994167328,-0.02290852554142475,0.27411311864852905,0.2598916292190552,-0.03461918234825134,0.27572911977767944,0.2183919996023178,-0.04316769167780876,0.23268470168113708,0.37263721227645874,-0.00691940588876605,0.24267159402370453,0.29055315256118774,-0.01717209443449974,0.24818983674049377,0.23819716274738312,-0.027610020712018013,0.2536134719848633,0.19428816437721252,-0.03519995138049126,0.20472106337547302,0.379253089427948,-0.0076672788709402084,0.2115580439567566,0.30373769998550415,-0.01887633092701435,0.22052457928657532,0.25743505358695984,-0.027013830840587616,0.2300160676240921,0.21810992062091827,-0.032521843910217285,0.17559881508350372,0.398308128118515,-0.011341172270476818,0.17941024899482727,0.3427659571170807,-0.022674182429909706,0.1872882843017578,0.30778276920318604,-0.027540137991309166,0.1966031789779663,0.27532047033309937,-0.030195849016308784,palm
0.2034483551979065,0.5703802108764648,3.2690579132577113e-07,0.25529253482818604,0.5420593619346619,-0.025260044261813164,0.2880156636238098,0.4800202250480652,-0.03152869641780853,0.2969241142272949,0.4165342152118683,-0.03534788638353348,0.30655092000961304,0.36613860726356506,-0.03790467232465744,0.26208895444869995,0.38148969411849976,-0.009065420366823673,0.2705641984939575,0.3066290616989136,-0.02115548774600029,0.27307289838790894,0.2600775957107544,-0.03247171267867088,0.2745518982410431,0.21895970404148102,-0.040808647871017456,0.2320851981639862,0.37243831157684326,-0.005956230219453573,0.2416650950908661,0.28995558619499207,-0.015612868592143059,0.24689781665802002,0.23810377717018127,-0.025629308074712753,0.2521645724773407,0.19485259056091309,-0.03294600173830986,0.2040732353925705,0.37922403216362,-0.006855627987533808,0.2106374055147171,0.30313414335250854,-0.01758747734129429,0.2193971425294876,0.25704294443130493,-0.02540525235235691,0.22886455059051514,0.21800202131271362,-0.030740972608327866,0.174922376871109,0.3983873724937439,-0.010671325027942657,0.178421750664711,0.34252628684043884,-0.0216454416513443,0.18627700209617615,0.30719268321990967,-0.026364928111433983,0.1958816945552826,0.2743965983390808,-0.028962647542357445,palm
0.2029190957546234,0.5703059434890747,3.218142694549897e-07,0.25480741262435913,0.5417258739471436,-0.024976853281259537,0.2872043550014496,0.479682981967926,-0.031212173402309418,0.2964947819709778,0.4163816571235657,-0.03507981076836586,0.30625706911087036,0.36609789729118347,-0.03772055357694626,0.26135769486427307,0.38134700059890747,-0.009107283316552639,0.26966553926467896,0.3062918484210968,-0.02122354507446289,0.2720375061035156,0.25965967774391174,-0.032509639859199524,0.27344241738319397,0.2184482216835022,-0.04085560515522957,0.2314768135547638,0.3724544644355774,-0.006160493940114975,0.2408444732427597,0.28990498185157776,-0.01583929918706417,0.2459246963262558,0.23801563680171967,-0.025828348472714424,0.2509482204914093,0.19471418857574463,-0.0331747829914093,0.20357832312583923,0.37952712178230286,-0.007194952107965946,0.20990076661109924,0.3032691180706024,-0.017927898094058037,0.2182990312576294,0.25705486536026,-0.025740740820765495,0.22727961838245392,0.2178173065185547,-0.031130358576774597,0.17464938759803772,0.3989309072494507,-0.011121509596705437,0.17791840434074402,0.3430745303630829,-0.022165406495332718,0.18549984693527222,0.3073537349700928,-0.026999562978744507,0.19467850029468536,0.2741320729255676,-0.029725221917033195,palm
0.20298238098621368,0.5701054930686951,3.1936886557559774e-07,0.25528180599212646,0.5414927005767822,-0.025103550404310226,0.2878134846687317,0.47947293519973755,-0.031466513872146606,0.2965339124202728,0.41602519154548645,-0.0354030467569828,0.3064352869987488,0.36569663882255554,-0.0381237268447876,0.26143184304237366,0.3810139000415802,-0.009596667252480984,0.2694608271121979,0.3059452176094055,-0.02184285782277584,0.2716200053691864,0.2591736316680908,-0.03312663361430168,0.2727736830711365,0.2178095132112503,-0.04145964980125427,0.2313678115606308,0.37230154871940613,-0.006620450410991907,0.24056881666183472,0.2897268831729889,-0.01639402285218239,0.2454327940940857,0.23779693245887756,-0.026300786063075066,0.2502775490283966,0.19424916803836823,-0.03355947881937027,0.20342111587524414,0.37952283024787903,-0.007606368977576494,0.20960497856140137,0.3032480478286743,-0.018385397270321846,0.21789468824863434,0.25694549083709717,-0.026086993515491486,0.2269074022769928,0.21739326417446136,-0.031381797045469284,0.17446547746658325,0.39910492300987244,-0.011493302881717682,0.17727874219417572,0.34315091371536255,-0.022604120895266533,0.18496060371398926,0.3073205351829529,-0.02741827443242073,0.19444413483142853,0.27389585971832275,-0.030092870816588402,palm
0.20285926759243011,0.5698457956314087,3.220847872853483e-07,0.25515562295913696,0.5409791469573975,-0.02534525841474533,0.28762781620025635,0.479084849357605,-0.031779419630765915,0.29646405577659607,0.41565409302711487,-0.03571810945868492,0.30596405267715454,0.36521971225738525,-0.03844902664422989,0.2612166702747345,0.3807494640350342,-0.01004830189049244,0.269269198179245,0.3054792284965515,-0.0223765317350626,0.2713283896446228,0.2585739493370056,-0.03375401347875595,0.2722930908203125,0.21703483164310455,-0.04213035851716995,0.23119117319583893,0.37203478813171387,-0.0068970490247011185,0.24059516191482544,0.2894797921180725,-0.016722511500120163,0.24532181024551392,0.23736177384853363,-0.026725145056843758,0.24988733232021332,0.1936928629875183,-0.03404315933585167,0.203240305185318,0.3792801797389984,-0.007686945144087076,0.20966756343841553,0.30328452587127686,-0.018432091921567917,0.2178744226694107,0.2569909691810608,-0.026186909526586533,0.226594015955925,0.21749679744243622,-0.03151712566614151,0.17418847978115082,0.39890584349632263,-0.011387510225176811,0.1774332970380783,0.34324586391448975,-0.022417418658733368,0.18498602509498596,0.30760443210601807,-0.027169888839125633,0.19406649470329285,0.2743856906890869,-0.029790401458740234,palm
0.20293298363685608,0.5701168775558472,3.227902141134109e-07,0.2552790343761444,0.5410631895065308,-0.02528609335422516,0.2876376211643219,0.47906529903411865,-0.03169116750359535,0.29645270109176636,0.4155123829841614,-0.035637807101011276,0.3058403730392456,0.3647134304046631,-0.03839658573269844,0.2611948251724243,0.3809119760990143,-0.009788271971046925,0.2692585289478302,0.3058556318283081,-0.022070232778787613,0.27135494351387024,0.2590603530406952,-0.03339464217424393,0.2723855972290039,0.21766811609268188,-0.041730139404535294,0.23125112056732178,0.37227994203567505,-0.006730279419571161,0.24068225920200348,0.28960973024368286,-0.01651945896446705,0.24532590806484222,0.23743027448654175,-0.026489004492759705,0.24985672533512115,0.1937120258808136,-0.0337790884077549,0.20328974723815918,0.379582017660141,-0.007638022303581238,0.209782212972641,0.3035071790218353,-0.01840132102370262,0.21793827414512634,0.25718289613723755,-0.02614983730018139,0.22672972083091736,0.21761804819107056,-0.031473927199840546,0.17410555481910706,0.39917460083961487,-0.011456425301730633,0.1772172898054123,0.34346216917037964,-0.02251620776951313,0.1850026398897171,0.30783042311668396,-0.02728204056620598,0.19453755021095276,0.27460384368896484,-0.02992120198905468,palm
0.20294791460037231,0.5701818466186523,3.161358392844704e-07,0.25530844926834106,0.5414369106292725,-0.024731788784265518,0.28761371970176697,0.47924816608428955,-0.03082585148513317,0.296370267868042,0.41551855206489563,-0.034533750265836716,0.30609971284866333,0.36513736844062805,-0.0370834544301033,0.2611500322818756,0.3811120390892029,-0.009281218983232975,0.2691975235939026,0.306291788816452,-0.021354805678129196,0.2713354229927063,0.25969845056533813,-0.032498762011528015,0.2725330591201782,0.21851059794425964,-0.0407506600022316,0.23121342062950134,0.3722752630710602,-0.006411499343812466,0.2405308187007904,0.2896043062210083,-0.0160476453602314,0.24537798762321472,0.23765841126441956,-0.02589370124042034,0.25026845932006836,0.19412457942962646,-0.03312043100595474,0.20335227251052856,0.37947535514831543,-0.007454493548721075,0.20975840091705322,0.30330970883369446,-0.018144523724913597,0.21800126135349274,0.25698626041412354,-0.02587389014661312,0.22701634466648102,0.2174079567193985,-0.031225044280290604,0.17437078058719635,0.3991290330886841,-0.011346249841153622,0.17725129425525665,0.3433975577354431,-0.022380616515874863,0.1850847452878952,0.30776146054267883,-0.02716505341231823,0.1947794109582901,0.2744906544685364,-0.029849248006939888,palm
0.2028973251581192,0.5703685879707336,3.150444456423429e-07,0.2551547884941101,0.5416803359985352,-0.024333905428647995,0.28745150566101074,0.47923213243484497,-0.030101843178272247,0.2963584065437317,0.4152815639972687,-0.033545494079589844,0.3062761723995209,0.36505600810050964,-0.03582153841853142,0.2610008716583252,0.3813098967075348,-0.00849970057606697,0.2692936658859253,0.3063732385635376,-0.020198402926325798,0.27150246500968933,0.2596997618675232,-0.031049704179167747,0.27272409200668335,0.2186914086341858,-0.039084769785404205,0.23119942843914032,0.37258854508399963,-0.005733097903430462,0.2406238168478012,0.2898739278316498,-0.014976541511714458,0.2454383224248886,0.2377687692642212,-0.02454129233956337,0.2502899169921875,0.19420744478702545,-0.03155628591775894,0.20342598855495453,0.3797290027141571,-0.00688010873273015,0.21005843579769135,0.3032483458518982,-0.017236141487956047,0.2183029055595398,0.2566710412502289,-0.024765638634562492,0.22731676697731018,0.21695862710475922,-0.03000090830028057,0.1744864583015442,0.39927902817726135,-0.010862009599804878,0.17722061276435852,0.34355980157852173,-0.021669065579771996,0.18511192500591278,0.3078334331512451,-0.026317203417420387,0.19499941170215607,0.27457869052886963,-0.028898019343614578,palm
0.20282571017742157,0.5704252123832703,3.1395376254295115e-07,0.2550688087940216,0.5417872071266174,-0.024319568648934364,0.28728029131889343,0.4792969524860382,-0.03000194951891899,0.29623663425445557,0.41525593400001526,-0.03336171433329582,0.3063245117664337,0.3652184307575226,-0.035502564162015915,0.260966956615448,0.38139110803604126,-0.008017199113965034,0.26922962069511414,0.30656832456588745,-0.019432207569479942,0.2713744044303894,0.2600764036178589,-0.030137138441205025,0.2725371718406677,0.21924099326133728,-0.038086824119091034,0.23112328350543976,0.37266629934310913,-0.005122905131429434,0.24045076966285706,0.29011663794517517,-0.014084058813750744,0.24534061551094055,0.23835325241088867,-0.023465989157557487,0.2502954602241516,0.1950855851173401,-0.030356725677847862,0.20340928435325623,0.3796635568141937,-0.006167703308165073,0.20998242497444153,0.30338335037231445,-0.016249576583504677,0.21838591992855072,0.25704336166381836,-0.023611048236489296,0.22761350870132446,0.21752755343914032,-0.028740497305989265,0.1746027171611786,0.3990233242511749,-0.010071497410535812,0.1772853285074234,0.34335845708847046,-0.020606841892004013,0.18511278927326202,0.3078013062477112,-0.02510283887386322,0.19497165083885193,0.2747024893760681,-0.027586281299591064,palm
0.20274479687213898,0.5703722834587097,3.13999976242485e-07,0.2549557685852051,0.5417582988739014,-0.024420231580734253,0.28698551654815674,0.47912275791168213,-0.030076708644628525,0.29598283767700195,0.41502460837364197,-0.03337106481194496,0.30624377727508545,0.3649129569530487,-0.035447947680950165,0.2607749402523041,0.38137540221214294,-0.008142959326505661,0.26906901597976685,0.30654042959213257,-0.019584210589528084,0.2712239623069763,0.2600680887699127,-0.030303318053483963,0.2723841667175293,0.21919988095760345,-0.038265034556388855,0.23104943335056305,0.3727796971797943,-0.005154968239367008,0.24040283262729645,0.2903163433074951,-0.014135695062577724,0.24528127908706665,0.2385461926460266,-0.023530876263976097,0.25013700127601624,0.19542314112186432,-0.03043823502957821,0.20338839292526245,0.37991493940353394,-0.0061134896241128445,0.20990851521492004,0.3037908673286438,-0.016274288296699524,0.21819528937339783,0.25756263732910156,-0.023687181994318962,0.22723685204982758,0.21822567284107208,-0.02882656827569008,0.17462623119354248,0.3992789387702942,-0.009926202706992626,0.17737415432929993,0.34367167949676514,-0.02056264504790306,0.18514956533908844,0.30811071395874023,-0.025138378143310547,0.19488640129566193,0.2749883532524109,-0.027666382491588593,palm
0.20276542007923126,0.5705429911613464,3.147145548609842e-07,0.25463226437568665,0.5415811538696289,-0.024304592981934547,0.2863963842391968,0.4790412485599518,-0.03016558103263378,0.2955363690853119,0.4152737259864807,-0.033717695623636246,0.30584821105003357,0.3651975095272064,-0.03608490526676178,0.26065415143966675,0.381320059299469,-0.008437864482402802,0.2687566876411438,0.3065088093280792,-0.020087534561753273,0.27085232734680176,0.2599709630012512,-0.03097338229417801,0.27186864614486694,0.21891136467456818,-0.03905439004302025,0.2311229109764099,0.3727237284183502,-0.005643853917717934,0.24053232371807098,0.2903566360473633,-0.01479689497500658,0.24527014791965485,0.23866748809814453,-0.024332663044333458,0.24986428022384644,0.19548095762729645,-0.03137626498937607,0.20347242057323456,0.37989863753318787,-0.006761759985238314,0.20992185175418854,0.3040449321269989,-0.017003389075398445,0.21801424026489258,0.2578811049461365,-0.024466292932629585,0.2267540693283081,0.21860648691654205,-0.02967562898993492,0.17459461092948914,0.39926934242248535,-0.010721052996814251,0.17752882838249207,0.34348347783088684,-0.02138376794755459,0.18537089228630066,0.3078685402870178,-0.025962332263588905,0.19508768618106842,0.27476897835731506,-0.028520964086055756,palm
0.20283173024654388,0.5703648924827576,3.150701672893774e-07,0.25464993715286255,0.5416011810302734,-0.024570997804403305,0.28635266423225403,0.4791685938835144,-0.030508097261190414,0.2952762544155121,0.41533800959587097,-0.03406670317053795,0.30513447523117065,0.3652152419090271,-0.0364198200404644,0.26052218675613403,0.381344735622406,-0.008945491164922714,0.2683087885379791,0.30602461099624634,-0.0206539835780859,0.2702109217643738,0.25915712118148804,-0.03153112903237343,0.2710866332054138,0.21803390979766846,-0.03955315425992012,0.23079043626785278,0.37289389967918396,-0.005948764272034168,0.23981760442256927,0.29023250937461853,-0.015052744187414646,0.244417205452919,0.23832881450653076,-0.024460922926664352,0.2489786446094513,0.19522124528884888,-0.031381405889987946,0.20306284725666046,0.3800756633281708,-0.006863713264465332,0.20916202664375305,0.3040096163749695,-0.01689711958169937,0.2172512412071228,0.25782662630081177,-0.024159716442227364,0.2260720133781433,0.21858257055282593,-0.0292606633156538,0.17411182820796967,0.399395614862442,-0.01066255010664463,0.17685867846012115,0.3438643515110016,-0.021097570657730103,0.18459346890449524,0.30838286876678467,-0.025523968040943146,0.19422070682048798,0.2753489315509796,-0.02798601984977722,palm
0.20263156294822693,0.5703452229499817,3.213031902760122e-07,0.2540673017501831,0.5418500900268555,-0.024958962574601173,0.2856803238391876,0.47942379117012024,-0.03103218600153923,0.29479867219924927,0.4155117869377136,-0.03467610478401184,0.3046000301837921,0.3653159737586975,-0.03710849583148956,0.2599271833896637,0.3818723261356354,-0.00918666459619999,0.2680818736553192,0.3066677451133728,-0.02091011218726635,0.2702353000640869,0.2600210905075073,-0.03177524358034134,0.2713296413421631,0.21903011202812195,-0.03980791196227074,0.2303982377052307,0.3732130527496338,-0.006088738329708576,0.23974622786045074,0.29031169414520264,-0.015281174331903458,0.24434740841388702,0.23816512525081635,-0.024790391325950623,0.24888071417808533,0.19477008283138275,-0.03178907185792923,0.20272204279899597,0.3803005516529083,-0.006946302950382233,0.20917898416519165,0.3038434684276581,-0.01723211258649826,0.21719923615455627,0.2574661374092102,-0.02473943866789341,0.225904643535614,0.21807244420051575,-0.02997983619570732,0.1737005114555359,0.3995581567287445,-0.010697822086513042,0.17662853002548218,0.34400442242622375,-0.02143266052007675,0.18441082537174225,0.30842211842536926,-0.026092344895005226,0.19411596655845642,0.27530694007873535,-0.028716903179883957,palm
0.20187336206436157,0.570584774017334,3.2003325145524286e-07,0.2536408603191376,0.5419260263442993,-0.024851812049746513,0.28550171852111816,0.4793122410774231,-0.030757451429963112,0.2948809266090393,0.4155462682247162,-0.03425699844956398,0.30434322357177734,0.36518967151641846,-0.03656601533293724,0.2593153715133667,0.38147616386413574,-0.008971810340881348,0.267559677362442,0.3066701591014862,-0.020635193213820457,0.2697329521179199,0.2600950300693512,-0.031547002494335175,0.27079203724861145,0.21900874376296997,-0.039667461067438126,0.22982297837734222,0.3727489113807678,-0.005916295573115349,0.23915952444076538,0.29007288813591003,-0.015093033201992512,0.24375402927398682,0.23793937265872955,-0.02465170994400978,0.2481776773929596,0.19438108801841736,-0.031705133616924286,0.20216548442840576,0.37996238470077515,-0.006815589033067226,0.20866216719150543,0.303600013256073,-0.017150074243545532,0.21663174033164978,0.2574009895324707,-0.02473374642431736,0.22510917484760284,0.21793663501739502,-0.030017739161849022,0.17318111658096313,0.3995228111743927,-0.010601053945720196,0.1761694997549057,0.344175785779953,-0.021461663767695427,0.18383297324180603,0.30864307284355164,-0.026228167116642,0.19321545958518982,0.2754003703594208,-0.02891707606613636,palm
0.20167100429534912,0.5706846714019775,3.172280571561714e-07,0.2536057233810425,0.5419926643371582,-0.024815460667014122,0.2853173017501831,0.47915416955947876,-0.03071308322250843,0.29467642307281494,0.4152843654155731,-0.03419665992259979,0.3044852018356323,0.36508429050445557,-0.03647352010011673,0.2590992748737335,0.381207138299942,-0.009050899185240269,0.2671324908733368,0.3060154318809509,-0.020761795341968536,0.26920413970947266,0.2593233287334442,-0.03167421743273735,0.2701078951358795,0.21815355122089386,-0.039762984961271286,0.2295072078704834,0.3727027475833893,-0.005944103468209505,0.2387700378894806,0.29000169038772583,-0.015134238637983799,0.24330702424049377,0.23785066604614258,-0.024646617472171783,0.24758903682231903,0.1943305879831314,-0.031633198261260986,0.2018187791109085,0.3800509572029114,-0.006774296518415213,0.2082461416721344,0.3038274049758911,-0.017010821029543877,0.21619075536727905,0.25753718614578247,-0.0244718249887228,0.22463315725326538,0.21795496344566345,-0.029659222811460495,0.17288526892662048,0.39969402551651,-0.010492688044905663,0.17588172852993011,0.3443344533443451,-0.021173125132918358,0.18344435095787048,0.3087393045425415,-0.02578885480761528,0.19268867373466492,0.2754279375076294,-0.028363866731524467,palm
0.20146171748638153,0.5709375143051147,3.1735655170450627e-07,0.25347769260406494,0.5422248244285583,-0.02480882778763771,0.2851886451244354,0.47950655221939087,-0.030707504600286484,0.2948206663131714,0.4156573414802551,-0.03423527628183365,0.30471086502075195,0.3653489649295807,-0.03658268600702286,0.25885576009750366,0.38158586621284485,-0.008886703290045261,0.26691365242004395,0.3063902258872986,-0.020617425441741943,0.268927663564682,0.2596747577190399,-0.031570736318826675,0.26983001828193665,0.21847978234291077,-0.039711032062768936,0.2293979376554489,0.3730209171772003,-0.005877251271158457,0.23855575919151306,0.29011645913124084,-0.01511029526591301,0.24312567710876465,0.23785220086574554,-0.024733958765864372,0.2475297451019287,0.1942611038684845,-0.031836625188589096,0.20176023244857788,0.3803737163543701,-0.006830689962953329,0.20807695388793945,0.30412280559539795,-0.01715635508298874,0.21601825952529907,0.2575947046279907,-0.024779755622148514,0.2245161235332489,0.21781589090824127,-0.030109306797385216,0.17290811240673065,0.39992275834083557,-0.010677272453904152,0.17570257186889648,0.3444424271583557,-0.021500738337635994,0.18328623473644257,0.30871495604515076,-0.026262547820806503,0.19259139895439148,0.2753491699695587,-0.02896774746477604,palm
0.20149029791355133,0.5709657669067383,3.147290499327937e-07,0.2536943554878235,0.5423829555511475,-0.024814220145344734,0.28557315468788147,0.47953957319259644,-0.03064504638314247,0.29485461115837097,0.41550517082214355,-0.034063756465911865,0.3048986792564392,0.3653075695037842,-0.036267053335905075,0.25904232263565063,0.38138049840927124,-0.008655105717480183,0.2670517563819885,0.30631744861602783,-0.02028963714838028,0.26907992362976074,0.2597501277923584,-0.031187592074275017,0.2700122594833374,0.21864844858646393,-0.03928382694721222,0.22945457696914673,0.3727857768535614,-0.0055442736484110355,0.2386024296283722,0.28999656438827515,-0.01467145700007677,0.24318264424800873,0.23795731365680695,-0.024184677749872208,0.24757860600948334,0.19452831149101257,-0.031174305826425552,0.20185938477516174,0.38007304072380066,-0.006402541417628527,0.20818942785263062,0.30383411049842834,-0.016627920791506767,0.2160790115594864,0.25742363929748535,-0.02413664385676384,0.22450438141822815,0.21770668029785156,-0.029352527111768723,0.1731506586074829,0.3996432423591614,-0.010152323171496391,0.17590738832950592,0.3442328870296478,-0.02085636556148529,0.18343184888362885,0.3086506724357605,-0.025495508685708046,0.1926431953907013,0.2753792405128479,-0.028076695278286934,palm
0.20179383456707,0.5707089900970459,3.117241931249737e-07,0.25398051738739014,0.5420527458190918,-0.02467992529273033,0.28603610396385193,0.4793083369731903,-0.030529558658599854,0.2950926125049591,0.41569533944129944,-0.03400583937764168,0.30503326654434204,0.3658794164657593,-0.03632692992687225,0.2592625617980957,0.3815684914588928,-0.009125514887273312,0.2672880291938782,0.30661898851394653,-0.020968856289982796,0.26929134130477905,0.2600431442260742,-0.03193940967321396,0.27019351720809937,0.21897000074386597,-0.04007682576775551,0.22956492006778717,0.3731103539466858,-0.006193793844431639,0.23868757486343384,0.29021352529525757,-0.015609349124133587,0.243238627910614,0.2380458116531372,-0.025270171463489532,0.24765104055404663,0.1944102644920349,-0.03236948698759079,0.2019677460193634,0.3805098533630371,-0.007183874025940895,0.20830993354320526,0.30418482422828674,-0.017643481492996216,0.21628053486347198,0.25767433643341064,-0.025288723409175873,0.2248179316520691,0.21782849729061127,-0.030605072155594826,0.17322084307670593,0.40023940801620483,-0.011040270328521729,0.17588505148887634,0.3446064591407776,-0.021922774612903595,0.18349279463291168,0.30879759788513184,-0.026696961373090744,0.19289255142211914,0.2752450704574585,-0.029399212449789047,palm
0.2023489773273468,0.5708624720573425,3.151174610138696e-07,0.25459158420562744,0.542358934879303,-0.02515478990972042,0.28687068819999695,0.47993987798690796,-0.03134634718298912,0.29574349522590637,0.41603824496269226,-0.03510238230228424,0.3062041699886322,0.36581775546073914,-0.03764405474066734,0.2595553994178772,0.3813937306404114,-0.009117883630096912,0.26768937706947327,0.30674412846565247,-0.021149778738617897,0.26969167590141296,0.2601475119590759,-0.032309163361787796,0.2707563042640686,0.21902994811534882,-0.04064183682203293,0.22978948056697845,0.37293484807014465,-0.006117796991020441,0.23880097270011902,0.2903418242931366,-0.01583140343427658,0.24350331723690033,0.2381754219532013,-0.025752656161785126,0.24818165600299835,0.19464783370494843,-0.03303290158510208,0.2021809220314026,0.38043463230133057,-0.007115779910236597,0.20828238129615784,0.3039892315864563,-0.01805182173848152,0.21634240448474884,0.2575666308403015,-0.0258929543197155,0.2251846045255661,0.21781828999519348,-0.03127866983413696,0.17360198497772217,0.4003801941871643,-0.011005067266523838,0.17599037289619446,0.34481728076934814,-0.022388774901628494,0.1837225705385208,0.30911096930503845,-0.02740837261080742,0.1934562623500824,0.27567559480667114,-0.030225833877921104,palm
0.20217490196228027,0.5703673362731934,3.1652166398998816e-07,0.2543852627277374,0.542310357093811,-0.02495393343269825,0.28635209798812866,0.4798709452152252,-0.030929381027817726,0.295486718416214,0.41594335436820984,-0.034467145800590515,0.30563488602638245,0.36590003967285156,-0.03680654615163803,0.2595095634460449,0.38196587562561035,-0.00919849332422018,0.2676832377910614,0.30684685707092285,-0.020973999053239822,0.26972582936286926,0.2601260244846344,-0.031861044466495514,0.2707289457321167,0.21899521350860596,-0.0399385504424572,0.22992998361587524,0.37333405017852783,-0.006036677863448858,0.2390868216753006,0.29054850339889526,-0.015323219820857048,0.24366408586502075,0.23839275538921356,-0.02484864927828312,0.2481243908405304,0.1948762834072113,-0.031842026859521866,0.2023850977420807,0.3805111050605774,-0.006819603033363819,0.20860324800014496,0.30422738194465637,-0.01720636896789074,0.2165251523256302,0.25790929794311523,-0.02465616539120674,0.22506238520145416,0.2183409482240677,-0.02981739304959774,0.17378519475460052,0.3999641537666321,-0.010494359768927097,0.17655476927757263,0.34472447633743286,-0.021261567249894142,0.18417683243751526,0.30932050943374634,-0.025863047689199448,0.1935274600982666,0.27629411220550537,-0.02842516452074051,palm
0.20267169177532196,0.5701156854629517,3.169082276599511e-07,0.2546384036540985,0.5419661998748779,-0.025305023416876793,0.2867489755153656,0.4797954857349396,-0.031576868146657944,0.2957307696342468,0.41608285903930664,-0.03534340113401413,0.30595317482948303,0.36611396074295044,-0.037898946553468704,0.25980767607688904,0.3817477226257324,-0.009808657690882683,0.2677728533744812,0.30669111013412476,-0.02188561111688614,0.2697129249572754,0.2600002884864807,-0.03302329406142235,0.2705993354320526,0.2188022881746292,-0.04127548635005951,0.2300896942615509,0.3731784522533417,-0.006588387303054333,0.23917871713638306,0.2904531955718994,-0.016230985522270203,0.2436748445034027,0.2382325679063797,-0.02602355368435383,0.2480105757713318,0.19472870230674744,-0.03319476544857025,0.20249278843402863,0.38049569725990295,-0.007313845679163933,0.2085898518562317,0.3042065501213074,-0.017994659021496773,0.21643629670143127,0.2580792307853699,-0.025610264390707016,0.22487615048885345,0.21862052381038666,-0.030855519697070122,0.17386549711227417,0.4000554382801056,-0.010939892381429672,0.17675048112869263,0.3446250259876251,-0.02194485440850258,0.1843995749950409,0.30916547775268555,-0.02669292502105236,0.19375692307949066,0.27597397565841675,-0.029341120272874832,palm
0.2027575671672821,0.5702505707740784,3.1778503739587904e-07,0.25458022952079773,0.5417357683181763,-0.02537810616195202,0.2864728271961212,0.4795219302177429,-0.03180210664868355,0.29556402564048767,0.41595888137817383,-0.03572852164506912,0.3059011399745941,0.3659147024154663,-0.038449618965387344,0.2600570619106293,0.3816521167755127,-0.010050460696220398,0.26783642172813416,0.3063179552555084,-0.022251898422837257,0.26951977610588074,0.2593989372253418,-0.03350040689110756,0.27002468705177307,0.21794261038303375,-0.04183437302708626,0.23034566640853882,0.3730473518371582,-0.006878125015646219,0.23951798677444458,0.290362685918808,-0.016599353402853012,0.2436998188495636,0.23796239495277405,-0.02649090625345707,0.24749363958835602,0.19434648752212524,-0.03374988213181496,0.20265723764896393,0.3803673982620239,-0.007652977015823126,0.2087865173816681,0.3040628135204315,-0.018340978771448135,0.21636800467967987,0.257976233959198,-0.026021815836429596,0.22433696687221527,0.21858693659305573,-0.03133857622742653,0.17387163639068604,0.39996981620788574,-0.01133628562092781,0.17680475115776062,0.344478577375412,-0.022373830899596214,0.1842624843120575,0.30898016691207886,-0.027181873098015785,0.19332370162010193,0.27574729919433594,-0.02988317608833313,palm
0.20275361835956573,0.5703890323638916,3.157466608172399e-07,0.25449156761169434,0.541754961013794,-0.02547517977654934,0.286488801240921,0.4797731637954712,-0.03196977078914642,0.2955537736415863,0.4162759780883789,-0.03597317263484001,0.3057616949081421,0.3660452961921692,-0.038778502494096756,0.25992143154144287,0.3817763030529022,-0.009932221844792366,0.2677355706691742,0.3065783977508545,-0.022117754444479942,0.26932522654533386,0.25972414016723633,-0.033423565328121185,0.2697362005710602,0.2183062583208084,-0.041822999715805054,0.23023933172225952,0.37338078022003174,-0.006779409013688564,0.23934681713581085,0.29069995880126953,-0.01653202623128891,0.24344772100448608,0.23835577070713043,-0.026597725227475166,0.24718080461025238,0.19484078884124756,-0.034025639295578,0.2025490552186966,0.3808436393737793,-0.0075979288667440414,0.20865143835544586,0.3047234117984772,-0.01835509017109871,0.21620462834835052,0.25851985812187195,-0.026266612112522125,0.22412005066871643,0.21892233192920685,-0.03178209811449051,0.17369051277637482,0.4004506468772888,-0.011328880675137043,0.17667488753795624,0.3448953628540039,-0.022493064403533936,0.1841844618320465,0.309242308139801,-0.027498282492160797,0.19334256649017334,0.27576467394828796,-0.03037470579147339,palm
0.20799922943115234,0.5335220098495483,2.573147241946572e-07,0.1613008826971054,0.48604312539100647,-0.008584902621805668,0.1405182182788849,0.429418683052063,-0.01682126335799694,0.14531050622463226,0.3690826892852783,-0.023204965516924858,0.1482487916946411,0.3201046288013458,-0.028616197407245636,0.18660062551498413,0.3680449426174164,-0.01972975581884384,0.19844387471675873,0.28382617235183716,-0.03038136102259159,0.20684100687503815,0.23852777481079102,-0.036268267780542374,0.2142554521560669,0.2013341337442398,-0.03920850530266762,0.2198486626148224,0.37180712819099426,-0.020695269107818604,0.22839900851249695,0.28185227513313293,-0.02760111354291439,0.23371392488479614,0.2313227653503418,-0.030454233288764954,0.23844340443611145,0.19230452179908752,-0.03234127163887024,0.2464156150817871,0.3852493464946747,-0.021799642592668533,0.2513527274131775,0.3053421378135681,-0.026623478159308434,0.2546071708202362,0.25668078660964966,-0.028088444843888283,0.2561461329460144,0.22000455856323242,-0.029470345005393028,0.26839736104011536,0.4044747054576874,-0.023561032488942146,0.2740175426006317,0.3459535837173462,-0.026586951687932014,0.27452102303504944,0.31106141209602356,-0.025686252862215042,0.27352356910705566,0.2818020284175873,-0.02434941940009594,palm
0.20907819271087646,0.5359001755714417,2.5906803102770937e-07,0.1644907295703888,0.48740342259407043,-0.008428594097495079,0.14542511105537415,0.4313217103481293,-0.01662060059607029,0.15100771188735962,0.37286338210105896,-0.023307980969548225,0.15299132466316223,0.3244897127151489,-0.0291228536516428,0.19039563834667206,0.37217381596565247,-0.018410753458738327,0.20487603545188904,0.28956255316734314,-0.029705984517931938,0.214260533452034,0.2445075809955597,-0.036389030516147614,0.22199517488479614,0.20773060619831085,-0.039890896528959274,0.22232045233249664,0.3765426278114319,-0.020363930612802505,0.23384052515029907,0.2882155179977417,-0.027707397937774658,0.24028262495994568,0.23761604726314545,-0.03151053935289383,0.24519675970077515,0.19859977066516876,-0.034162890166044235,0.24833668768405914,0.3902873992919922,-0.02269051782786846,0.25585049390792847,0.31171926856040955,-0.028214724734425545,0.2605956792831421,0.2634105682373047,-0.03063867799937725,0.2627200782299042,0.2268683910369873,-0.03272407874464989,0.2706131935119629,0.410086989402771,-0.025734033435583115,0.27788081765174866,0.3526005446910858,-0.029714660719037056,0.2792586088180542,0.31812161207199097,-0.02945902943611145,0.27823787927627563,0.2893184423446655,-0.028585052117705345,palm
0.20864976942539215,0.535274863243103,2.6049843881992274e-07,0.16385160386562347,0.4868178367614746,-0.008541359566152096,0.1449538618326187,0.431150883436203,-0.01675756834447384,0.15064138174057007,0.37338265776634216,-0.023547224700450897,0.15317286550998688,0.3257673680782318,-0.029598496854305267,0.19006364047527313,0.3720592260360718,-0.018702097237110138,0.20426993072032928,0.2899511754512787,-0.03053087182343006,0.213796466588974,0.24466432631015778,-0.03773604333400726,0.2219323217868805,0.2073758989572525,-0.04164659231901169,0.2218194156885147,0.37638673186302185,-0.02085573785007,0.2331075519323349,0.2884284257888794,-0.02849961444735527,0.2395593225955963,0.23765215277671814,-0.032690420746803284,0.2448042333126068,0.19815471768379211,-0.03566300496459007,0.24795940518379211,0.39036086201667786,-0.023399244993925095,0.25545525550842285,0.3116399645805359,-0.029283784329891205,0.26009780168533325,0.26327604055404663,-0.03185569867491722,0.262376606464386,0.2265600562095642,-0.03402022272348404,0.2705053687095642,0.4107389450073242,-0.026687316596508026,0.27759918570518494,0.3532730042934418,-0.031092720106244087,0.27907684445381165,0.31862157583236694,-0.030986309051513672,0.27835145592689514,0.2894672155380249,-0.030176375061273575,palm
0.20819997787475586,0.5351030230522156,2.623830539505434e-07,0.16359980404376984,0.48661449551582336,-0.007895897142589092,0.14507606625556946,0.4312203526496887,-0.015960663557052612,0.15091653168201447,0.3737231194972992,-0.02263624221086502,0.15370957553386688,0.32648995518684387,-0.028647515922784805,0.19031064212322235,0.3721050024032593,-0.01881629228591919,0.20457330346107483,0.28973665833473206,-0.030539194121956825,0.21416278183460236,0.24449914693832397,-0.03746207803487778,0.22229287028312683,0.20737625658512115,-0.04108541086316109,0.22216469049453735,0.3768811821937561,-0.021068664267659187,0.23367801308631897,0.2887144386768341,-0.028698068112134933,0.24009743332862854,0.23776713013648987,-0.03257126733660698,0.24538296461105347,0.19836267828941345,-0.03519536182284355,0.24829329550266266,0.39116111397743225,-0.023589706048369408,0.25577813386917114,0.3122118413448334,-0.02924160286784172,0.26056042313575745,0.263563871383667,-0.031417366117239,0.2631846070289612,0.22649049758911133,-0.03324369713664055,0.270519495010376,0.41180068254470825,-0.026774516329169273,0.27754828333854675,0.35371604561805725,-0.030858125537633896,0.2789633870124817,0.3185638189315796,-0.030422355979681015,0.27845776081085205,0.28881368041038513,-0.029324861243367195,palm
0.20844712853431702,0.5341353416442871,2.5732788344612345e-07,0.16414791345596313,0.4855155050754547,-0.007112379651516676,0.14570657908916473,0.43039554357528687,-0.01478771585971117,0.15139822661876678,0.37295758724212646,-0.021255167201161385,0.15444611012935638,0.3260986804962158,-0.027016719803214073,0.1907462477684021,0.3718703091144562,-0.01772361807525158,0.20516690611839294,0.28952738642692566,-0.02900976501405239,0.21466445922851562,0.2446073591709137,-0.03554966673254967,0.22284261882305145,0.20786350965499878,-0.03886920213699341,0.2223658710718155,0.3766510784626007,-0.020253170281648636,0.2338782399892807,0.2879933714866638,-0.027669670060276985,0.2404031902551651,0.23714226484298706,-0.03126894310116768,0.24599811434745789,0.19794920086860657,-0.033619314432144165,0.24852028489112854,0.3908412456512451,-0.02301536500453949,0.2562585473060608,0.31133225560188293,-0.028449540957808495,0.26102569699287415,0.2628241181373596,-0.030321093276143074,0.2637048363685608,0.22597725689411163,-0.031854186207056046,0.2710837125778198,0.41149815917015076,-0.026393761858344078,0.2779753804206848,0.35281825065612793,-0.03011023811995983,0.279379665851593,0.31744304299354553,-0.0293379295617342,0.2788633704185486,0.2876754403114319,-0.027965521439909935,palm
0.20869755744934082,0.5361263155937195,2.5415798177164106e-07,0.16575507819652557,0.48790687322616577,-0.007751284167170525,0.14800772070884705,0.432657390832901,-0.015444365330040455,0.15454374253749847,0.3759090304374695,-0.022040003910660744,0.15676748752593994,0.32914793491363525,-0.028004737570881844,0.19211596250534058,0.3757117986679077,-0.017055150121450424,0.20754246413707733,0.2951429486274719,-0.028546562418341637,0.2173169106245041,0.2509653568267822,-0.035624612122774124,0.2254229635000229,0.21480439603328705,-0.03952720761299133,0.22287672758102417,0.38042470812797546,-0.019849088042974472,0.23540587723255157,0.29420894384384155,-0.027492713183164597,0.24238210916519165,0.24372276663780212,-0.03206391632556915,0.24786818027496338,0.20444712042808533,-0.03534850478172302,0.24863465130329132,0.39472800493240356,-0.02310672588646412,0.257209837436676,0.31741201877593994,-0.029170844703912735,0.2623400092124939,0.2690219283103943,-0.032444823533296585,0.26502567529678345,0.23179303109645844,-0.03513351455330849,0.27169471979141235,0.41555631160736084,-0.027049820870161057,0.2798835337162018,0.3588431477546692,-0.03201697766780853,0.2813683748245239,0.3234577775001526,-0.0327032096683979,0.2805129587650299,0.29317912459373474,-0.03249339014291763,palm
0.2106482833623886,0.5354205369949341,2.504866074559686e-07,0.16880370676517487,0.4888331890106201,-0.006801586598157883,0.15176838636398315,0.4345027804374695,-0.01386888325214386,0.15846127271652222,0.3789384365081787,-0.01988515444099903,0.15997952222824097,0.33285996317863464,-0.0253169983625412,0.19578005373477936,0.3776358962059021,-0.016889663413167,0.2120552361011505,0.29765236377716064,-0.02767770364880562,0.2225601077079773,0.2547106146812439,-0.03390231728553772,0.23150762915611267,0.21972833573818207,-0.03704092279076576,0.22562642395496368,0.3830949664115906,-0.01947743445634842,0.23866264522075653,0.297503799200058,-0.026580894365906715,0.24592149257659912,0.24788038432598114,-0.030429737642407417,0.25213122367858887,0.20976796746253967,-0.03304829075932503,0.2508149743080139,0.397941529750824,-0.022374290972948074,0.26016682386398315,0.321149080991745,-0.02797376736998558,0.26562798023223877,0.27315592765808105,-0.031046459451317787,0.2688002586364746,0.23675581812858582,-0.03340199217200279,0.27359020709991455,0.4189550280570984,-0.025818506255745888,0.2825499176979065,0.3620545268058777,-0.030272381380200386,0.2842648923397064,0.32646745443344116,-0.03087763488292694,0.28373074531555176,0.2962750196456909,-0.0305157657712698,palm
0.20988820493221283,0.5358911752700806,2.484113110767794e-07,0.16772648692131042,0.4890832304954529,-0.007097025867551565,0.15169213712215424,0.43455544114112854,-0.01408437080681324,0.1588471680879593,0.37896963953971863,-0.019964125007390976,0.15958371758460999,0.3330956697463989,-0.025328662246465683,0.19520647823810577,0.37758663296699524,-0.016770614311099052,0.21156258881092072,0.2982993721961975,-0.027358679100871086,0.2219618409872055,0.2553589344024658,-0.03371456637978554,0.23074902594089508,0.22019681334495544,-0.03699513524770737,0.22611424326896667,0.38326939940452576,-0.01924838311970234,0.23910945653915405,0.298190712928772,-0.02602458745241165,0.24628999829292297,0.24859565496444702,-0.03022557869553566,0.2521309554576874,0.21022062003612518,-0.03320446237921715,0.2516857385635376,0.39810001850128174,-0.022000297904014587,0.26065587997436523,0.32169604301452637,-0.027346450835466385,0.26591962575912476,0.27419155836105347,-0.03060484677553177,0.26863688230514526,0.2379390299320221,-0.033192869275808334,0.27401190996170044,0.4184619188308716,-0.02531610056757927,0.28224295377731323,0.3612900674343109,-0.029471734538674355,0.28407731652259827,0.3263346254825592,-0.02990489825606346,0.2837572693824768,0.2964934706687927,-0.02948799356818199,palm
0.2099207043647766,0.5345664620399475,2.479370948549331e-07,0.1683976799249649,0.48743370175361633,-0.006719525903463364,0.15194863080978394,0.4334426522254944,-0.013574207201600075,0.1585301160812378,0.37797626852989197,-0.019340695813298225,0.15974748134613037,0.3326742649078369,-0.024461815133690834,0.1957751363515854,0.37701213359832764,-0.016150368377566338,0.21239930391311646,0.2976788878440857,-0.026326708495616913,0.22285906970500946,0.2552821934223175,-0.032123200595378876,0.23153580725193024,0.220952570438385,-0.03493523597717285,0.22601430118083954,0.38297563791275024,-0.0184414554387331,0.23908251523971558,0.297757089138031,-0.024982407689094543,0.24631726741790771,0.2489669919013977,-0.028394021093845367,0.2522943615913391,0.21182772517204285,-0.030652232468128204,0.2513691782951355,0.3978283405303955,-0.021031569689512253,0.26038888096809387,0.3215677738189697,-0.026074500754475594,0.26580750942230225,0.27428561449050903,-0.028710026293992996,0.2688230276107788,0.23859474062919617,-0.030752310529351234,0.27395129203796387,0.41849932074546814,-0.02417493425309658,0.28250062465667725,0.36219826340675354,-0.027931872755289078,0.2842993140220642,0.3274812698364258,-0.028018783777952194,0.28384751081466675,0.2981572151184082,-0.02729203924536705,palm
0.20982572436332703,0.5348926782608032,2.4648102225910407e-07,0.16803495585918427,0.48780184984207153,-0.007063048891723156,0.15171638131141663,0.43335017561912537,-0.014126867987215519,0.15878690779209137,0.3776503801345825,-0.02011248841881752,0.15963424742221832,0.33153003454208374,-0.0255636814981699,0.1948547065258026,0.37760815024375916,-0.017080876976251602,0.21150712668895721,0.29765307903289795,-0.027914172038435936,0.22211790084838867,0.25460678339004517,-0.03416559472680092,0.23092414438724518,0.21964988112449646,-0.0372607558965683,0.22554759681224823,0.38304296135902405,-0.01949869468808174,0.23898473381996155,0.2971818447113037,-0.026533611118793488,0.2464611977338791,0.2476188987493515,-0.030505551025271416,0.25246715545654297,0.20964138209819794,-0.03320801258087158,0.2512742280960083,0.39757418632507324,-0.022206781432032585,0.2604745626449585,0.32066112756729126,-0.027598371729254723,0.26604732871055603,0.2730332612991333,-0.030601942911744118,0.26903584599494934,0.2370309829711914,-0.032929740846157074,0.27398765087127686,0.41789957880973816,-0.025490768253803253,0.2821570336818695,0.3603931963443756,-0.029558755457401276,0.2838565707206726,0.32528823614120483,-0.02985767461359501,0.2832908630371094,0.2956615686416626,-0.02930045686662197,palm
0.21005751192569733,0.5351563692092896,2.441103106320952e-07,0.1690749228000641,0.4866872727870941,-0.005766310729086399,0.1531384289264679,0.43214258551597595,-0.01209838967770338,0.15941917896270752,0.3771248161792755,-0.017598027363419533,0.16076022386550903,0.33249369263648987,-0.022471772506833076,0.19726338982582092,0.3759689927101135,-0.014307092875242233,0.2132687121629715,0.29752814769744873,-0.024303700774908066,0.22369389235973358,0.2552032470703125,-0.030201381072402,0.2325180172920227,0.22085988521575928,-0.03313681483268738,0.22713710367679596,0.38209468126296997,-0.017103375867009163,0.2402791827917099,0.2976638674736023,-0.023784896358847618,0.24777516722679138,0.24875926971435547,-0.027455834671854973,0.25405606627464294,0.21116530895233154,-0.0297935102134943,0.2523368299007416,0.3972713351249695,-0.02019682340323925,0.26157134771347046,0.32129424810409546,-0.02535821497440338,0.2672376334667206,0.2738974988460541,-0.028104698285460472,0.2704508602619171,0.2376537173986435,-0.030107496306300163,0.27475011348724365,0.41844624280929565,-0.023774461820721626,0.2833571434020996,0.361653208732605,-0.027598023414611816,0.2849266827106476,0.32643693685531616,-0.0276765339076519,0.28425323963165283,0.2964814603328705,-0.026872994378209114,palm
0.21035902202129364,0.5358086824417114,2.4380588570238615e-07,0.1685146689414978,0.48829352855682373,-0.0062226057052612305,0.1522722840309143,0.43339085578918457,-0.012707404792308807,0.1595752239227295,0.37726306915283203,-0.01821918413043022,0.16043315827846527,0.33148425817489624,-0.023192787542939186,0.19615007936954498,0.3778167963027954,-0.01580730266869068,0.2126905769109726,0.29801109433174133,-0.02605469711124897,0.2233835756778717,0.2551310360431671,-0.03197396546602249,0.232314333319664,0.2202088087797165,-0.0348847471177578,0.22675880789756775,0.383382111787796,-0.01831902004778385,0.2403019666671753,0.29794493317604065,-0.02494797669351101,0.24782520532608032,0.24848754703998566,-0.02860272116959095,0.2539292275905609,0.21073009073734283,-0.031058456748723984,0.2522428631782532,0.3979763090610504,-0.021058766171336174,0.26163142919540405,0.3215990662574768,-0.02606610767543316,0.2671378552913666,0.27403974533081055,-0.028891194611787796,0.270026296377182,0.2381371408700943,-0.0311054065823555,0.2746846079826355,0.41839399933815,-0.024304643273353577,0.2836083769798279,0.3615920841693878,-0.02795872464776039,0.28533926606178284,0.3268563151359558,-0.028092022985219955,0.28469035029411316,0.2976021468639374,-0.02744499035179615,palm
0.20971472561359406,0.5374126434326172,2.4683185984031297e-07,0.16801585257053375,0.48997342586517334,-0.00670753326267004,0.1517391800880432,0.4355379045009613,-0.013626247644424438,0.1591016948223114,0.3796258568763733,-0.01951714977622032,0.160097137093544,0.3333996534347534,-0.02482365258038044,0.19517476856708527,0.37910735607147217,-0.016160136088728905,0.21217109262943268,0.29960471391677856,-0.026701487600803375,0.22311942279338837,0.25693243741989136,-0.03281685337424278,0.2323000580072403,0.22232258319854736,-0.03587709739804268,0.22573095560073853,0.384389191865921,-0.01869664527475834,0.23950707912445068,0.2993011176586151,-0.02541496232151985,0.2472573220729828,0.2504042387008667,-0.029018323868513107,0.2536146640777588,0.21342895925045013,-0.031497299671173096,0.2512805163860321,0.39893838763237,-0.021580422297120094,0.2607263922691345,0.3226758539676666,-0.026665613055229187,0.26638633012771606,0.27562177181243896,-0.029311830177903175,0.26960355043411255,0.24036642909049988,-0.031460199505090714,0.2740175426006317,0.4196622967720032,-0.02505752258002758,0.2825394868850708,0.36257606744766235,-0.028970610350370407,0.2841605544090271,0.3278033137321472,-0.029135672375559807,0.2835264205932617,0.2986319065093994,-0.028503194451332092,palm
0.20965661108493805,0.537517786026001,2.502503377854737e-07,0.16765883564949036,0.49072903394699097,-0.006642017979174852,0.15095290541648865,0.4360491931438446,-0.013397072441875935,0.15817157924175262,0.3802160918712616,-0.019129863008856773,0.15922243893146515,0.33390429615974426,-0.024269260466098785,0.19418905675411224,0.37937813997268677,-0.015857648104429245,0.21113091707229614,0.29959937930107117,-0.026078231632709503,0.22204284369945526,0.25708162784576416,-0.03201151266694069,0.2311725616455078,0.22250676155090332,-0.034963808953762054,0.22454163432121277,0.3848884403705597,-0.018346095457673073,0.23812317848205566,0.29985353350639343,-0.024650901556015015,0.2457866221666336,0.2507701516151428,-0.028246965259313583,0.252255380153656,0.2133638560771942,-0.03080764412879944,0.2501812279224396,0.3996993601322174,-0.021187370643019676,0.25960367918014526,0.32317858934402466,-0.02618754841387272,0.26529085636138916,0.2756810486316681,-0.029194511473178864,0.2686929404735565,0.23984919488430023,-0.03163444995880127,0.2732585370540619,0.4203934073448181,-0.024579182267189026,0.2819330096244812,0.36356309056282043,-0.02862991951406002,0.2836114466190338,0.3284408450126648,-0.029159804806113243,0.283123254776001,0.2986079454421997,-0.02883036434650421,palm
0.11894792318344116,0.5447360277175903,9.507052922685943e-09,0.1551814079284668,0.5071914196014404,-0.021263793110847473,0.18168412148952484,0.44235125184059143,-0.03156154602766037,0.17093300819396973,0.38162320852279663,-0.042356181889772415,0.14299660921096802,0.34475773572921753,-0.053095582872629166,0.1609884649515152,0.36967843770980835,-0.013648574240505695,0.1675495207309723,0.28834983706474304,-0.03281921148300171,0.16997404396533966,0.23974399268627167,-0.043377432972192764,0.16938570141792297,0.1966247409582138,-0.05008532106876373,0.1294282078742981,0.37758868932724,-0.015459321439266205,0.13368290662765503,0.3312373459339142,-0.05271286889910698,0.1414598524570465,0.3920055627822876,-0.06219696253538132,0.14406625926494598,0.4352470338344574,-0.05809812247753143,0.10083233565092087,0.3931918740272522,-0.01963849551975727,0.10466699302196503,0.35979992151260376,-0.058394648134708405,0.1180330142378807,0.4237312078475952,-0.052151765674352646,0.12294278293848038,0.4632543623447418,-0.03579096496105194,0.07193942368030548,0.4140467941761017,-0.025177890434861183,0.07888640463352203,0.3768440783023834,-0.04996483400464058,0.09331904351711273,0.4183262586593628,-0.041396547108888626,0.0986422598361969,0.4491189122200012,-0.027470378205180168,one
0.12357696890830994,0.5461649298667908,1.8267117596337812e-08,0.16043831408023834,0.5069621801376343,-0.022961871698498726,0.18793968856334686,0.4440111815929413,-0.034344300627708435,0.17633575201034546,0.3841409981250763,-0.046091143041849136,0.14840100705623627,0.3468649387359619,-0.057678353041410446,0.16724762320518494,0.3703633248806,-0.013924967497587204,0.1741652488708496,0.289630264043808,-0.03409438580274582,0.17676997184753418,0.2406187206506729,-0.04576066508889198,0.1765781044960022,0.19756393134593964,-0.053022418171167374,0.13527075946331024,0.3779691457748413,-0.015078720636665821,0.14021238684654236,0.3336004316806793,-0.05392584204673767,0.14734600484371185,0.39466890692710876,-0.06451001763343811,0.14978408813476562,0.44002777338027954,-0.06073189899325371,0.10653385519981384,0.3928692638874054,-0.018890380859375,0.11103226989507675,0.36002349853515625,-0.05858093127608299,0.12339138984680176,0.4234621822834015,-0.05305849015712738,0.12832452356815338,0.4647940397262573,-0.03679753094911575,0.07737261801958084,0.41325196623802185,-0.024267472326755524,0.0853796899318695,0.37715575098991394,-0.04975635185837746,0.09926727414131165,0.41869425773620605,-0.04183957353234291,0.10455624759197235,0.4504758417606354,-0.02803855389356613,one
0.12341776490211487,0.5462735891342163,1.3945848031937658e-08,0.16064736247062683,0.5078203678131104,-0.023242872208356857,0.18864168226718903,0.44417110085487366,-0.034452084451913834,0.17653758823871613,0.38393986225128174,-0.04594138637185097,0.14796295762062073,0.3469427824020386,-0.0572163350880146,0.16745486855506897,0.370013564825058,-0.013880632817745209,0.17435701191425323,0.289090633392334,-0.033726807683706284,0.1766304224729538,0.24051736295223236,-0.04504089429974556,0.17643865942955017,0.19807130098342896,-0.052035361528396606,0.1352711170911789,0.3778758943080902,-0.01482902280986309,0.14006049931049347,0.3335898816585541,-0.05348259583115578,0.14715929329395294,0.3945063650608063,-0.06408805400133133,0.14992177486419678,0.44004732370376587,-0.06029463931918144,0.10644637793302536,0.3929801285266876,-0.018431346863508224,0.11109642684459686,0.3604949414730072,-0.05814226716756821,0.12349048256874084,0.42404261231422424,-0.05294886976480484,0.12853312492370605,0.46542346477508545,-0.036849167197942734,0.07729893922805786,0.4134906530380249,-0.023581961169838905,0.08548477292060852,0.3769141137599945,-0.04914197698235512,0.09936293959617615,0.4184502065181732,-0.04142555594444275,0.10471686720848083,0.45047786831855774,-0.027736032381653786,one
0.12311788648366928,0.5456027984619141,1.0223968338607392e-08,0.16068090498447418,0.5071378946304321,-0.022941812872886658,0.18891067802906036,0.44310685992240906,-0.03401852399110794,0.17615921795368195,0.38301384449005127,-0.04542423039674759,0.14739738404750824,0.3465580940246582,-0.056629255414009094,0.16750191152095795,0.36960625648498535,-0.013687359169125557,0.17427784204483032,0.2888433635234833,-0.03345484659075737,0.17673265933990479,0.24040478467941284,-0.0446217879652977,0.1764892041683197,0.19830384850502014,-0.05151461064815521,0.1351287066936493,0.3777110278606415,-0.014789765700697899,0.14030741155147552,0.33349668979644775,-0.05329907685518265,0.14773394167423248,0.3950125575065613,-0.06366194784641266,0.15024448931217194,0.44035080075263977,-0.05972481518983841,0.10629446804523468,0.3928977847099304,-0.01853608340024948,0.11136593669652939,0.3602811098098755,-0.05820402503013611,0.12382484972476959,0.424132376909256,-0.05277283117175102,0.1284227818250656,0.4650731682777405,-0.03655111417174339,0.07706120610237122,0.4133337736129761,-0.023795561864972115,0.08557389676570892,0.376460462808609,-0.04922689124941826,0.09926192462444305,0.41822385787963867,-0.04122982546687126,0.10407286137342453,0.44996342062950134,-0.027408724650740623,one
0.12321972846984863,0.54523766040802,1.550764316959885e-08,0.16084378957748413,0.5066670179367065,-0.023463072255253792,0.1887630671262741,0.44293758273124695,-0.03485163301229477,0.17619237303733826,0.38293567299842834,-0.0465117022395134,0.14733904600143433,0.3469589352607727,-0.057975344359874725,0.1674286127090454,0.3694634437561035,-0.013958679512143135,0.174125075340271,0.2890048921108246,-0.03384120389819145,0.17637652158737183,0.24057134985923767,-0.04515610635280609,0.17587651312351227,0.19843541085720062,-0.05216948315501213,0.13510125875473022,0.3776029050350189,-0.014897179789841175,0.1401321291923523,0.33335429430007935,-0.05355168133974075,0.14775845408439636,0.394609272480011,-0.06395775079727173,0.15048664808273315,0.43975913524627686,-0.060012850910425186,0.10626595467329025,0.39271554350852966,-0.018547827377915382,0.11134914308786392,0.3601667582988739,-0.058441661298274994,0.12363218516111374,0.42409950494766235,-0.05303380265831947,0.1281605362892151,0.4651413559913635,-0.03675563633441925,0.07702772319316864,0.41298171877861023,-0.02377384714782238,0.08570604026317596,0.37635985016822815,-0.04946634918451309,0.09915439784526825,0.41850024461746216,-0.041569434106349945,0.10380041599273682,0.4504401981830597,-0.02777525968849659,one
0.12330013513565063,0.5468775033950806,2.340545712797848e-08,0.16036254167556763,0.5081772804260254,-0.02419786900281906,0.18790635466575623,0.44477322697639465,-0.03591245785355568,0.17641781270503998,0.3847113251686096,-0.047914907336235046,0.14803065359592438,0.3478614091873169,-0.05964647978544235,0.16698086261749268,0.37074705958366394,-0.013658581301569939,0.1739846169948578,0.29004618525505066,-0.033825743943452835,0.1761500984430313,0.24125918745994568,-0.04533254727721214,0.17562496662139893,0.19891045987606049,-0.05236709117889404,0.13514485955238342,0.3788212835788727,-0.014329842291772366,0.1399255096912384,0.33371347188949585,-0.05355032905936241,0.14741507172584534,0.39473187923431396,-0.06431091576814651,0.15044665336608887,0.44026893377304077,-0.06036635860800743,0.10636294633150101,0.3935405910015106,-0.017875593155622482,0.11135325580835342,0.3601645529270172,-0.05834675580263138,0.12333344668149948,0.4242147207260132,-0.053238607943058014,0.12807874381542206,0.4662434458732605,-0.03685382381081581,0.07700900733470917,0.4132278561592102,-0.02307957410812378,0.0856226235628128,0.3762431740760803,-0.04915301129221916,0.09894853830337524,0.4180432856082916,-0.04156837612390518,0.1037433072924614,0.4504898488521576,-0.027809621766209602,one
0.12285435199737549,0.5465769171714783,1.2580994024347092e-08,0.1600714474916458,0.5082156658172607,-0.02345440723001957,0.18830004334449768,0.4448798596858978,-0.034974340349435806,0.17626607418060303,0.3848726749420166,-0.046705905348062515,0.14788423478603363,0.3476778268814087,-0.05820131301879883,0.1673659384250641,0.3704439401626587,-0.014217162504792213,0.17406952381134033,0.2897907495498657,-0.034176141023635864,0.17651519179344177,0.2411055564880371,-0.045616451650857925,0.17613574862480164,0.1986151933670044,-0.05271628126502037,0.1350579708814621,0.3781963884830475,-0.015078887343406677,0.1402055323123932,0.33431774377822876,-0.053696196526288986,0.14728567004203796,0.3961904048919678,-0.06409049034118652,0.14946411550045013,0.44158732891082764,-0.06017554923892021,0.10625116527080536,0.393161416053772,-0.01862603798508644,0.1110607385635376,0.36067265272140503,-0.058248575776815414,0.12326942384243011,0.42476293444633484,-0.052705686539411545,0.12781529128551483,0.4658527970314026,-0.036449216306209564,0.07712447643280029,0.4133511781692505,-0.02375180646777153,0.0853002667427063,0.37717416882514954,-0.04923649877309799,0.09896816313266754,0.41919487714767456,-0.04127213731408119,0.10390268266201019,0.4509051442146301,-0.027453791350126266,one
0.12335794419050217,0.5463796257972717,1.3126424391884939e-08,0.16033518314361572,0.5071868300437927,-0.022868726402521133,0.18779748678207397,0.44382110238075256,-0.03385613486170769,0.1758216917514801,0.38419899344444275,-0.045228686183691025,0.14757636189460754,0.34754085540771484,-0.056442368775606155,0.16686171293258667,0.37094846367836,-0.013275179080665112,0.17378878593444824,0.2903236150741577,-0.033107515424489975,0.17619739472866058,0.24173802137374878,-0.044573988765478134,0.17597895860671997,0.1990623027086258,-0.05166267603635788,0.13493229448795319,0.37885838747024536,-0.014371635392308235,0.13976924121379852,0.3342863917350769,-0.05301322788000107,0.14708194136619568,0.39517584443092346,-0.06369351595640182,0.14990490674972534,0.441008061170578,-0.05996236205101013,0.10625457763671875,0.3937872648239136,-0.01813536509871483,0.1110864132642746,0.36087796092033386,-0.05772262066602707,0.12306374311447144,0.42440134286880493,-0.052504587918519974,0.1278180330991745,0.46631762385368347,-0.0364004448056221,0.07721349596977234,0.41389000415802,-0.023446224629878998,0.08525922894477844,0.376906156539917,-0.04876541718840599,0.09859579801559448,0.41814473271369934,-0.04092339426279068,0.10354472696781158,0.45042523741722107,-0.027209632098674774,one
0.12349483370780945,0.5467333197593689,1.3591431091697359e-08,0.16072508692741394,0.5083285570144653,-0.023149976506829262,0.18861088156700134,0.4449095129966736,-0.034474506974220276,0.17658156156539917,0.3841252624988556,-0.04606064781546593,0.14836466312408447,0.34733954071998596,-0.05745941400527954,0.16743087768554688,0.3713282644748688,-0.014054674655199051,0.1743660867214203,0.290647953748703,-0.03383447974920273,0.17697247862815857,0.24211382865905762,-0.045119091868400574,0.17690163850784302,0.19943009316921234,-0.05217647925019264,0.13539741933345795,0.3788614273071289,-0.015105531550943851,0.1399533450603485,0.33375298976898193,-0.053511299192905426,0.1472122073173523,0.39470329880714417,-0.06397943198680878,0.14981330931186676,0.4398391544818878,-0.06019241362810135,0.10681437700986862,0.39376598596572876,-0.01876288652420044,0.1111299991607666,0.360830694437027,-0.05828361585736275,0.12366544455289841,0.4242069125175476,-0.0529651902616024,0.12857243418693542,0.4654234051704407,-0.03685951977968216,0.07797656953334808,0.41411980986595154,-0.023965984582901,0.08538177609443665,0.37692296504974365,-0.049420684576034546,0.09943399578332901,0.41825371980667114,-0.041577327996492386,0.10488671809434891,0.45047539472579956,-0.02785612642765045,one
0.12359042465686798,0.5469496250152588,8.123584471775303e-09,0.16079792380332947,0.5082941651344299,-0.022283775731921196,0.18850097060203552,0.4443751871585846,-0.03299218416213989,0.1764158010482788,0.384205162525177,-0.044104501605033875,0.14851853251457214,0.34718558192253113,-0.05508342385292053,0.16809536516666412,0.3709653913974762,-0.01312636025249958,0.17502617835998535,0.29036688804626465,-0.03243377432227135,0.17764686048030853,0.24221228063106537,-0.043386079370975494,0.17746448516845703,0.19991786777973175,-0.05020222067832947,0.13602498173713684,0.37867069244384766,-0.014433538541197777,0.14035768806934357,0.33351466059684753,-0.05222167447209358,0.1476045399904251,0.39437195658683777,-0.06258537620306015,0.1499706655740738,0.43918779492378235,-0.05884380266070366,0.10738369077444077,0.3938204050064087,-0.01826661080121994,0.11132270097732544,0.36091578006744385,-0.057457491755485535,0.1241183951497078,0.4246312081813812,-0.052188120782375336,0.12897728383541107,0.46571266651153564,-0.03617687150835991,0.07854922860860825,0.4142908751964569,-0.02353888563811779,0.08562768995761871,0.37652167677879333,-0.04875640571117401,0.0997537150979042,0.41786032915115356,-0.04076375439763069,0.10514438152313232,0.45006561279296875,-0.026981832459568977,one
0.12393885105848312,0.5471202731132507,7.867237528103033e-09,0.16143515706062317,0.508908748626709,-0.023304415866732597,0.18936175107955933,0.44528061151504517,-0.03449995443224907,0.17653730511665344,0.38493412733078003,-0.04586128890514374,0.14905773103237152,0.3467906415462494,-0.056947916746139526,0.1686730682849884,0.3702694773674011,-0.013568072579801083,0.17516478896141052,0.29046183824539185,-0.033206790685653687,0.17754772305488586,0.24216799437999725,-0.04432538151741028,0.1769675612449646,0.20030462741851807,-0.051236316561698914,0.13635049760341644,0.37824201583862305,-0.014446756802499294,0.14096538722515106,0.33316195011138916,-0.052361298352479935,0.14828166365623474,0.3947366178035736,-0.06254249066114426,0.15040723979473114,0.4393030107021332,-0.05863001570105553,0.10767475515604019,0.3937095105648041,-0.018022339791059494,0.11190340667963028,0.36065250635147095,-0.05759161710739136,0.12447930127382278,0.4250122308731079,-0.05207086354494095,0.128874734044075,0.4653211236000061,-0.03583596646785736,0.0786084532737732,0.4145849347114563,-0.02310899645090103,0.08628666400909424,0.3772859573364258,-0.048698022961616516,0.10015130043029785,0.41953569650650024,-0.04068613797426224,0.10490923374891281,0.45092150568962097,-0.02686380222439766,one
0.1242782324552536,0.5463448762893677,7.500464249687866e-09,0.16156317293643951,0.5077642798423767,-0.022888580337166786,0.1893095076084137,0.4442576766014099,-0.03398759290575981,0.17646661400794983,0.3840680718421936,-0.04532874375581741,0.14830832183361053,0.3469385504722595,-0.0564565435051918,0.16905950009822845,0.3701685070991516,-0.013520135544240475,0.17527532577514648,0.29021894931793213,-0.03300919383764267,0.17759957909584045,0.24224062263965607,-0.044127386063337326,0.17694640159606934,0.20039810240268707,-0.051079120486974716,0.13674679398536682,0.3780016601085663,-0.014562094584107399,0.14095520973205566,0.3332042396068573,-0.05227287486195564,0.14863747358322144,0.3944470286369324,-0.06252022832632065,0.150884747505188,0.43916967511177063,-0.05876505374908447,0.10805896669626236,0.3932776153087616,-0.018222525715827942,0.11183182895183563,0.36067840456962585,-0.05740109086036682,0.12469352036714554,0.4244232475757599,-0.05203423276543617,0.12920880317687988,0.4648723900318146,-0.03605753183364868,0.07906271517276764,0.4138319790363312,-0.023371869698166847,0.08639996498823166,0.37699463963508606,-0.048686783760786057,0.10015776753425598,0.4188377857208252,-0.0407339408993721,0.10480694472789764,0.45041871070861816,-0.027043547481298447,one
0.12430693209171295,0.5463144779205322,4.193513536421278e-09,0.1615918129682541,0.5076984763145447,-0.022748632356524467,0.1893324851989746,0.44370391964912415,-0.03348710387945175,0.176276296377182,0.38372287154197693,-0.04449828714132309,0.1483423113822937,0.3465723395347595,-0.05533096566796303,0.16927652060985565,0.3698405623435974,-0.012827752158045769,0.17530390620231628,0.2899148762226105,-0.03213272988796234,0.17757262289524078,0.24188993871212006,-0.043251343071460724,0.17713238298892975,0.1999255269765854,-0.05019581317901611,0.13698729872703552,0.3776779770851135,-0.013819177635014057,0.1408214271068573,0.332863450050354,-0.05152968317270279,0.14851140975952148,0.39399972558021545,-0.06201651692390442,0.15107586979866028,0.43936753273010254,-0.05836964398622513,0.10826307535171509,0.3929242789745331,-0.017436839640140533,0.11171828210353851,0.3600523769855499,-0.056681349873542786,0.12457197904586792,0.42386239767074585,-0.05157969146966934,0.12936660647392273,0.4650026559829712,-0.035693760961294174,0.07922087609767914,0.4134577214717865,-0.0225201603025198,0.08635720610618591,0.37572598457336426,-0.047859545797109604,0.10004565119743347,0.41748762130737305,-0.039989154785871506,0.10487397015094757,0.449585884809494,-0.02631605975329876,one
0.12443456053733826,0.5458354353904724,2.663242737455107e-09,0.16202743351459503,0.5070846676826477,-0.022695312276482582,0.18965058028697968,0.4433874189853668,-0.03343316540122032,0.17660149931907654,0.3834545612335205,-0.04449184238910675,0.1486116498708725,0.3463335633277893,-0.05539697781205177,0.16914182901382446,0.36987534165382385,-0.012684457935392857,0.1752532571554184,0.2900855243206024,-0.03215746581554413,0.17765174806118011,0.24224922060966492,-0.04345386102795601,0.17732003331184387,0.20064541697502136,-0.05047912523150444,0.13688449561595917,0.37771886587142944,-0.013704627752304077,0.1409299671649933,0.332867294549942,-0.05149263143539429,0.14844325184822083,0.3938513994216919,-0.06207599118351936,0.15078750252723694,0.43952497839927673,-0.058532364666461945,0.10810030251741409,0.3930487036705017,-0.017382128164172173,0.11199216544628143,0.35986000299453735,-0.05671012029051781,0.12457318603992462,0.4236759543418884,-0.05164790153503418,0.12911611795425415,0.4651965796947479,-0.0357942171394825,0.07896295189857483,0.413770467042923,-0.022523725405335426,0.08646991848945618,0.37588798999786377,-0.04794510081410408,0.10006996989250183,0.41763395071029663,-0.040145497769117355,0.10475727915763855,0.44990912079811096,-0.0265353973954916,one
0.12427638471126556,0.5456125140190125,4.4422150402567695e-09,0.1618460714817047,0.5069279074668884,-0.02277247980237007,0.18927118182182312,0.44343653321266174,-0.03349916636943817,0.17638060450553894,0.3838697671890259,-0.04452017322182655,0.14844055473804474,0.3469488322734833,-0.05536692589521408,0.16922502219676971,0.37016749382019043,-0.012768946588039398,0.17535725235939026,0.2904062867164612,-0.03227810934185982,0.17760834097862244,0.2422555685043335,-0.04362691193819046,0.17727133631706238,0.20032517611980438,-0.05066681280732155,0.137095108628273,0.3778493404388428,-0.013724341988563538,0.1406562775373459,0.33323168754577637,-0.051721785217523575,0.147902712225914,0.3936401605606079,-0.062452174723148346,0.1505911499261856,0.43953683972358704,-0.058902837336063385,0.10835424065589905,0.3929349482059479,-0.01733054220676422,0.11183539777994156,0.3602064847946167,-0.05664258077740669,0.12405520677566528,0.42359086871147156,-0.051695480942726135,0.12890979647636414,0.46518245339393616,-0.03585907444357872,0.079447440803051,0.4133452773094177,-0.02242593839764595,0.0865212231874466,0.3761613667011261,-0.04775761440396309,0.09978693723678589,0.4176042973995209,-0.040058452636003494,0.10467791557312012,0.4496774673461914,-0.0264778733253479,one
0.12471272051334381,0.5455453991889954,7.044024030733453e-09,0.16237285733222961,0.5070294141769409,-0.022610489279031754,0.18962395191192627,0.4432068169116974,-0.03319399058818817,0.17653846740722656,0.38364988565444946,-0.04406719654798508,0.14899402856826782,0.34625929594039917,-0.054740920662879944,0.16941185295581818,0.3700864613056183,-0.012729616835713387,0.17546221613883972,0.29053354263305664,-0.03220584988594055,0.1778058260679245,0.2424686849117279,-0.043456245213747025,0.17749719321727753,0.2007341831922531,-0.0504077710211277,0.1371655911207199,0.3776918947696686,-0.013693742454051971,0.14084435999393463,0.33289867639541626,-0.05160367116332054,0.14839158952236176,0.39309266209602356,-0.06228234991431236,0.1510808914899826,0.4386594295501709,-0.0587000697851181,0.10835731029510498,0.392599493265152,-0.017296338453888893,0.1119873896241188,0.3599385917186737,-0.05659027025103569,0.12451441586017609,0.4232994019985199,-0.0516948327422142,0.12931251525878906,0.4645046591758728,-0.03589175269007683,0.07932935655117035,0.41277599334716797,-0.022361626848578453,0.08667817711830139,0.37572571635246277,-0.04766938090324402,0.1002366691827774,0.4171919524669647,-0.04003003612160683,0.10515354573726654,0.44894111156463623,-0.026503371074795723,one
0.125240296125412,0.5452378988265991,1.0041482312317385e-08,0.16220779716968536,0.5063413381576538,-0.02238813228905201,0.18904384970664978,0.4427125155925751,-0.033166445791721344,0.1763320118188858,0.3835003077983856,-0.04430511221289635,0.14908914268016815,0.34576961398124695,-0.055255260318517685,0.16931258141994476,0.36995866894721985,-0.013073925860226154,0.17554208636283875,0.290033757686615,-0.032671574503183365,0.17819255590438843,0.2418285310268402,-0.043881312012672424,0.17799217998981476,0.19986629486083984,-0.05079391226172447,0.13708335161209106,0.3776370584964752,-0.014231327921152115,0.1411033570766449,0.3330201208591461,-0.05213767662644386,0.14874368906021118,0.39394837617874146,-0.062460873275995255,0.1512603461742401,0.4390665590763092,-0.05866365507245064,0.10833617299795151,0.3925541639328003,-0.018006671220064163,0.11224037408828735,0.3601180911064148,-0.05725722759962082,0.12477203458547592,0.42380666732788086,-0.051922451704740524,0.12935122847557068,0.4645356833934784,-0.03587935119867325,0.0793796181678772,0.41272228956222534,-0.023236149922013283,0.0866684541106224,0.37593841552734375,-0.04836130142211914,0.10017786175012589,0.41729459166526794,-0.04035608097910881,0.1048164963722229,0.44857412576675415,-0.026619799435138702,one
0.12545546889305115,0.5461740493774414,1.3324470415909673e-08,0.16234511137008667,0.5072200298309326,-0.022450188174843788,0.18866200745105743,0.44364961981773376,-0.03340448811650276,0.17675265669822693,0.383669912815094,-0.04478134587407112,0.14963242411613464,0.34584033489227295,-0.05599101632833481,0.16935059428215027,0.3704010546207428,-0.012953763827681541,0.17636944353580475,0.29021406173706055,-0.03259231150150299,0.1790885627269745,0.24173565208911896,-0.04383594170212746,0.17895086109638214,0.1996985226869583,-0.05077478662133217,0.13742023706436157,0.3780200183391571,-0.0141762001439929,0.14159336686134338,0.3327644467353821,-0.052247561514377594,0.14851881563663483,0.39330464601516724,-0.06257358938455582,0.1509641855955124,0.4383483827114105,-0.05872195586562157,0.10871132463216782,0.39298734068870544,-0.018047116696834564,0.1124742403626442,0.3596031665802002,-0.05723277106881142,0.12487256526947021,0.4227558672428131,-0.051800455898046494,0.12975279986858368,0.4640335738658905,-0.03567475453019142,0.07988627254962921,0.4134783148765564,-0.023414600640535355,0.08683614432811737,0.37624871730804443,-0.04855318367481232,0.10065624862909317,0.4170190691947937,-0.04063968360424042,0.10598447918891907,0.4487551152706146,-0.026925621554255486,one
0.12498317658901215,0.5447627305984497,1.597590504331947e-08,0.16260191798210144,0.5065409541130066,-0.02307617850601673,0.18975690007209778,0.44279414415359497,-0.03406184911727905,0.1774551272392273,0.38209250569343567,-0.04537590593099594,0.14982517063617706,0.34481486678123474,-0.056516993790864944,0.16998830437660217,0.3692971467971802,-0.012875353917479515,0.1769455522298813,0.2888752818107605,-0.03257003054022789,0.17956025898456573,0.2405327707529068,-0.043857648968696594,0.17957359552383423,0.1987743377685547,-0.05080177262425423,0.1381039321422577,0.37698060274124146,-0.01375794317573309,0.14182347059249878,0.3316911458969116,-0.05213421955704689,0.1488358974456787,0.3917807340621948,-0.06280447542667389,0.1518995314836502,0.43701326847076416,-0.0590585358440876,0.10948282480239868,0.3919214904308319,-0.017356155440211296,0.11306759715080261,0.35900819301605225,-0.05696265399456024,0.12522006034851074,0.4219971299171448,-0.05194972828030586,0.13046900928020477,0.4633634090423584,-0.03593139722943306,0.08066792786121368,0.4121262729167938,-0.02248227596282959,0.08758208155632019,0.37547242641448975,-0.047957103699445724,0.10108277201652527,0.41634082794189453,-0.04036963731050491,0.10663548111915588,0.4481663107872009,-0.02678227610886097,one
0.12457506358623505,0.5461010932922363,5.749287712575324e-09,0.16265210509300232,0.5078364610671997,-0.02309262380003929,0.19000652432441711,0.44351956248283386,-0.03382696211338043,0.1776614487171173,0.3822498321533203,-0.04483970254659653,0.150191068649292,0.34442347288131714,-0.05564718693494797,0.1704680323600769,0.3697741627693176,-0.0124059384688735,0.17690694332122803,0.2898349463939667,-0.03188147768378258,0.17944496870040894,0.24150888621807098,-0.043017685413360596,0.17921613156795502,0.19995422661304474,-0.049914512783288956,0.1384589970111847,0.3773564100265503,-0.013171235099434853,0.14220774173736572,0.3319608271121979,-0.05107010900974274,0.14934098720550537,0.3926651179790497,-0.061603400856256485,0.1518825739622116,0.43757304549217224,-0.057868339121341705,0.10981091856956482,0.39229848980903625,-0.016687529161572456,0.1132904440164566,0.3590512275695801,-0.056187842041254044,0.12548699975013733,0.422686368227005,-0.0511455200612545,0.1301003247499466,0.46344709396362305,-0.035172536969184875,0.08080413937568665,0.41254666447639465,-0.02171301655471325,0.08771298825740814,0.37512457370758057,-0.04725688695907593,0.10125509649515152,0.4166140556335449,-0.039652854204177856,0.10645247995853424,0.4480646848678589,-0.026109637692570686,one
0.12593090534210205,0.5454007387161255,1.199503074644781e-08,0.1629868894815445,0.506824791431427,-0.02240668423473835,0.19016972184181213,0.44351425766944885,-0.033265434205532074,0.17827005684375763,0.3835500478744507,-0.044533949345350266,0.15136860311031342,0.34536027908325195,-0.05554749071598053,0.171120747923851,0.3687294125556946,-0.012794751673936844,0.17744794487953186,0.2893047034740448,-0.03237364813685417,0.1796630620956421,0.2410757690668106,-0.04344356805086136,0.17915378510951996,0.19951915740966797,-0.05029965192079544,0.13898243010044098,0.37628859281539917,-0.014035648666322231,0.1423526257276535,0.33087804913520813,-0.05175621062517166,0.15005481243133545,0.3914123475551605,-0.06203948333859444,0.15294401347637177,0.43623819947242737,-0.05825731158256531,0.11013930290937424,0.39135879278182983,-0.01793678291141987,0.11332084983587265,0.3589854836463928,-0.05719522386789322,0.12621866166591644,0.42218077182769775,-0.05202872306108475,0.13116995990276337,0.46254926919937134,-0.03613414987921715,0.08098720759153366,0.4118703603744507,-0.023299753665924072,0.0880882516503334,0.37520086765289307,-0.0487365759909153,0.10199818760156631,0.416618287563324,-0.04107358306646347,0.10714399069547653,0.4479530453681946,-0.027552766725420952,one
0.12569811940193176,0.5446878671646118,1.4236442247295145e-08,0.16299407184123993,0.5058934092521667,-0.02239159122109413,0.1901564598083496,0.4430418014526367,-0.033152785152196884,0.17879687249660492,0.3833812475204468,-0.04436453431844711,0.15184254944324493,0.34540969133377075,-0.055385395884513855,0.1705281287431717,0.3692217767238617,-0.012760793790221214,0.17744867503643036,0.28944432735443115,-0.03255350887775421,0.18009227514266968,0.24129456281661987,-0.04392893984913826,0.18018776178359985,0.19939909875392914,-0.05093567445874214,0.13873739540576935,0.37667497992515564,-0.014006766490638256,0.14273032546043396,0.3308200240135193,-0.05217587947845459,0.1500873863697052,0.39066293835639954,-0.06296522170305252,0.15299460291862488,0.4362887144088745,-0.0594756156206131,0.10999507457017899,0.39159953594207764,-0.01790059544146061,0.11384054273366928,0.35866349935531616,-0.057289719581604004,0.12630513310432434,0.4214032292366028,-0.05242268741130829,0.131318598985672,0.462825208902359,-0.03664226084947586,0.08102426677942276,0.41181454062461853,-0.02326216734945774,0.08824598044157028,0.3746318817138672,-0.04857628419995308,0.10193928331136703,0.4152964949607849,-0.04101736471056938,0.10706961154937744,0.4471736550331116,-0.027561984956264496,one
0.1259649693965912,0.544563889503479,9.6203223165503e-09,0.16317854821681976,0.506257176399231,-0.02248111553490162,0.19010819494724274,0.4434918761253357,-0.033265724778175354,0.17856647074222565,0.3832245469093323,-0.04445493966341019,0.15173321962356567,0.3446245789527893,-0.05548780784010887,0.1708163619041443,0.3700394332408905,-0.013089975342154503,0.17793913185596466,0.28988099098205566,-0.03272303566336632,0.18073435127735138,0.24163873493671417,-0.043969668447971344,0.18072590231895447,0.19951100647449493,-0.050944022834300995,0.13904976844787598,0.377267450094223,-0.014234635978937149,0.14290542900562286,0.3317750096321106,-0.05214935168623924,0.15002895891666412,0.39196646213531494,-0.0627484992146492,0.1526145040988922,0.437131404876709,-0.05924181267619133,0.11049036681652069,0.39204534888267517,-0.01797693409025669,0.11396116763353348,0.3587689697742462,-0.057085029780864716,0.12624108791351318,0.42167192697525024,-0.05190766975283623,0.13106539845466614,0.4628606140613556,-0.0360545888543129,0.08167305588722229,0.4121330678462982,-0.02319178730249405,0.08859210461378098,0.374652236700058,-0.04830148443579674,0.10208551585674286,0.41539233922958374,-0.040478866547346115,0.10705726593732834,0.4472121298313141,-0.026898106560111046,one
0.12629079818725586,0.5443702340126038,1.475056965460908e-08,0.16356900334358215,0.5066973567008972,-0.02310076728463173,0.19054968655109406,0.44389259815216064,-0.034325990825891495,0.17862087488174438,0.3836444318294525,-0.04583723843097687,0.1519906371831894,0.344369113445282,-0.057119134813547134,0.17123737931251526,0.3696618676185608,-0.01368342712521553,0.1781395822763443,0.28967010974884033,-0.03348188474774361,0.1810988187789917,0.24140752851963043,-0.04474934563040733,0.1811990588903427,0.19952046871185303,-0.051701467484235764,0.1393265277147293,0.37700319290161133,-0.014569410122931004,0.1436329334974289,0.3320464789867401,-0.052473124116659164,0.1508709341287613,0.39273107051849365,-0.06283321231603622,0.15325969457626343,0.4374687373638153,-0.05915204808115959,0.11078464239835739,0.39181455969810486,-0.01812729611992836,0.1147356927394867,0.35911938548088074,-0.057397693395614624,0.1270287185907364,0.4223632514476776,-0.0520186685025692,0.13153891265392303,0.4630470275878906,-0.03602059185504913,0.08194348216056824,0.4118480086326599,-0.0231929924339056,0.0892537534236908,0.3747996687889099,-0.04850505292415619,0.1027681827545166,0.41609448194503784,-0.04055444151163101,0.10744388401508331,0.44775262475013733,-0.026849674060940742,one
0.12635043263435364,0.5441080331802368,1.01743617975103e-08,0.16377800703048706,0.5060697793960571,-0.02259519323706627,0.19047138094902039,0.44335129857063293,-0.03351907804608345,0.178658127784729,0.38306817412376404,-0.044823553413152695,0.1524706482887268,0.3437632918357849,-0.05592727288603783,0.17143359780311584,0.3696783185005188,-0.01328623853623867,0.17830651998519897,0.28953075408935547,-0.03297319635748863,0.1812583953142166,0.24137789011001587,-0.044132743030786514,0.18116967380046844,0.199503093957901,-0.051001422107219696,0.13957619667053223,0.3772207200527191,-0.014365224167704582,0.14357885718345642,0.3317122161388397,-0.05222359299659729,0.15089957416057587,0.3924943208694458,-0.06254556775093079,0.1532013714313507,0.4372763931751251,-0.05880055949091911,0.11102825403213501,0.39208340644836426,-0.01806875504553318,0.11479958146810532,0.3592018485069275,-0.05728256702423096,0.12712474167346954,0.42250317335128784,-0.05188317596912384,0.13152627646923065,0.46300792694091797,-0.03583511710166931,0.08215178549289703,0.41206589341163635,-0.02323731780052185,0.08919559419155121,0.3748222887516022,-0.04843425378203392,0.10284751653671265,0.41596710681915283,-0.040440116077661514,0.10762230306863785,0.44728994369506836,-0.02670620009303093,one
0.12619328498840332,0.5451904535293579,1.0419880958068006e-08,0.16368867456912994,0.5067028999328613,-0.02293640375137329,0.19059965014457703,0.4437064528465271,-0.03427620604634285,0.17874717712402344,0.3833494484424591,-0.04594079405069351,0.15213629603385925,0.34408557415008545,-0.05741638317704201,0.17160843312740326,0.36974456906318665,-0.013961824588477612,0.1783749908208847,0.28986769914627075,-0.03386309742927551,0.18150080740451813,0.24157018959522247,-0.04526561498641968,0.18144461512565613,0.19945189356803894,-0.052348677068948746,0.13946884870529175,0.37714001536369324,-0.014976972714066505,0.14396966993808746,0.33250370621681213,-0.05290793627500534,0.15124040842056274,0.39397716522216797,-0.06327570229768753,0.15302500128746033,0.4385828971862793,-0.05964164063334465,0.11087357997894287,0.39204004406929016,-0.018613867461681366,0.11487318575382233,0.3593529462814331,-0.05776475742459297,0.1273007094860077,0.42286908626556396,-0.05220828950405121,0.13136902451515198,0.4633544087409973,-0.03615541383624077,0.08196400105953217,0.41225194931030273,-0.023757679387927055,0.08911962807178497,0.37461334466934204,-0.048916708678007126,0.10295291990041733,0.41554588079452515,-0.040788136422634125,0.10758006572723389,0.4467707574367523,-0.02699880115687847,one
0.1270342618227005,0.5454927086830139,1.6273823177925806e-08,0.16408681869506836,0.5072530508041382,-0.022707024589180946,0.19065356254577637,0.44358184933662415,-0.03345479816198349,0.17848750948905945,0.3834328055381775,-0.04458354786038399,0.15192577242851257,0.3446499705314636,-0.05549493432044983,0.17187924683094025,0.368893563747406,-0.01234429981559515,0.17885132133960724,0.2897263169288635,-0.0319490060210228,0.18162578344345093,0.24165865778923035,-0.043296460062265396,0.18163610994815826,0.20000354945659637,-0.050269078463315964,0.13995355367660522,0.3765522837638855,-0.013390998356044292,0.14356401562690735,0.33091503381729126,-0.051275718957185745,0.1513327807188034,0.39059174060821533,-0.06210223585367203,0.1543292999267578,0.43560129404067993,-0.05863277241587639,0.11126704514026642,0.3917534351348877,-0.01712019555270672,0.11489257961511612,0.3592267334461212,-0.05653413012623787,0.12758015096187592,0.42206674814224243,-0.05173473432660103,0.13242246210575104,0.46301206946372986,-0.03594043850898743,0.08243219554424286,0.4121842086315155,-0.02230316586792469,0.08948221802711487,0.37476521730422974,-0.04764870926737785,0.10319025814533234,0.41567152738571167,-0.03990570455789566,0.1080702692270279,0.44748514890670776,-0.02625870518386364,one
0.12726156413555145,0.5452057123184204,1.692079010240377e-08,0.16458207368850708,0.5069988369941711,-0.023521240800619125,0.1913299560546875,0.44429805874824524,-0.0347520112991333,0.17894157767295837,0.3839838206768036,-0.046211328357458115,0.1525883972644806,0.34444811940193176,-0.05740794539451599,0.17203253507614136,0.36949336528778076,-0.013319244608283043,0.17885062098503113,0.29013675451278687,-0.03313883766531944,0.18147076666355133,0.24200163781642914,-0.04457756504416466,0.18141481280326843,0.2000974416732788,-0.051633983850479126,0.14015816152095795,0.3769294023513794,-0.01404829416424036,0.14378409087657928,0.331241250038147,-0.052079182118177414,0.151315838098526,0.39088115096092224,-0.06285972893238068,0.15414518117904663,0.43606412410736084,-0.05939878150820732,0.11147698760032654,0.391958624124527,-0.01751899905502796,0.11511784046888351,0.3589116930961609,-0.05706968903541565,0.1275823712348938,0.4221045970916748,-0.052142318338155746,0.13230805099010468,0.463498055934906,-0.03627760335803032,0.0825662612915039,0.4123424291610718,-0.022525956854224205,0.08958592265844345,0.37486550211906433,-0.048120174556970596,0.10328696668148041,0.4161328971385956,-0.040484774857759476,0.108213409781456,0.4482739567756653,-0.02689577266573906,one
0.1764131784439087,0.6403234601020813,-1.2826215822769882e-07,0.1486625373363495,0.5711784958839417,0.016201259568333626,0.14854495227336884,0.50564044713974,0.014739439822733402,0.1691419929265976,0.46445244550704956,0.009203658439218998,0.19663265347480774,0.44734400510787964,0.002530838130041957,0.14363598823547363,0.4588277339935303,-0.009520397521555424,0.15069952607154846,0.3648955523967743,-0.01650559902191162,0.15259799361228943,0.3093041181564331,-0.019125981256365776,0.15198245644569397,0.2659672200679779,-0.0214634258300066,0.17470167577266693,0.46318820118904114,-0.021846439689397812,0.20642615854740143,0.4160107970237732,-0.026508189737796783,0.20628510415554047,0.4474506676197052,-0.020150262862443924,0.1960657685995102,0.47384604811668396,-0.015722226351499557,0.20792518556118011,0.4785224199295044,-0.031232677400112152,0.22922411561012268,0.4439578950405121,-0.028225189074873924,0.22758939862251282,0.4697696268558502,-0.01270608976483345,0.21905553340911865,0.4917107820510864,-0.004514276050031185,0.23695482313632965,0.4971863329410553,-0.03995328024029732,0.24824374914169312,0.4688635468482971,-0.02884269505739212,0.2451820969581604,0.4922421872615814,-0.01104513369500637,0.23909500241279602,0.5118832588195801,0.000507471093442291,one
0.17824162542819977,0.6429864168167114,-1.250274408448604e-07,0.15226784348487854,0.5726305246353149,0.015713578090071678,0.15371590852737427,0.5066436529159546,0.014677928760647774,0.17503543198108673,0.4662587642669678,0.009587608277797699,0.20256547629833221,0.4498848021030426,0.0034681984689086676,0.14888614416122437,0.4593203067779541,-0.0076453047804534435,0.15777911245822906,0.36661866307258606,-0.014147891663014889,0.16120022535324097,0.31155794858932495,-0.016664596274495125,0.16189217567443848,0.2686275541782379,-0.018956569954752922,0.179916113615036,0.4637356102466583,-0.019950417801737785,0.21192365884780884,0.4162358045578003,-0.024867748841643333,0.21175843477249146,0.4474153518676758,-0.01910559833049774,0.2017144411802292,0.4742790162563324,-0.01468424778431654,0.21297945082187653,0.47975337505340576,-0.02945525571703911,0.23379197716712952,0.4448947012424469,-0.02683653123676777,0.23162315785884857,0.4703836739063263,-0.012057746760547161,0.22286710143089294,0.4924461245536804,-0.004043914377689362,0.24201317131519318,0.4997090995311737,-0.038337767124176025,0.252366304397583,0.4717654883861542,-0.027768945321440697,0.2486683577299118,0.4951266646385193,-0.010491403751075268,0.24247869849205017,0.5149253010749817,0.000895777833648026,one
0.1769753247499466,0.6422481536865234,-1.3275817423163971e-07,0.1510665863752365,0.5721777677536011,0.016894344240427017,0.15255902707576752,0.50574791431427,0.016068657860159874,0.1733601838350296,0.4641808569431305,0.011209892109036446,0.20052291452884674,0.44644787907600403,0.005207417998462915,0.14755181968212128,0.4595000147819519,-0.008882694877684116,0.15529969334602356,0.3664010465145111,-0.015575958415865898,0.1585165113210678,0.3108363747596741,-0.018059972673654556,0.15928660333156586,0.26765042543411255,-0.020162736997008324,0.1784042865037918,0.4638119339942932,-0.02119382843375206,0.21070249378681183,0.41589340567588806,-0.02499152533710003,0.2106485366821289,0.4468918740749359,-0.01798802800476551,0.2005433291196823,0.47373223304748535,-0.013041325844824314,0.21131621301174164,0.4798916280269623,-0.030498111620545387,0.23287644982337952,0.4447825849056244,-0.026606598868966103,0.23059336841106415,0.46975958347320557,-0.010935654863715172,0.22160251438617706,0.4918226897716522,-0.002728726714849472,0.2399182766675949,0.4997706413269043,-0.0390557236969471,0.2512044310569763,0.47151628136634827,-0.02713959477841854,0.24743108451366425,0.49452129006385803,-0.00912510696798563,0.2409576028585434,0.5141343474388123,0.002459149109199643,one
0.17627041041851044,0.6426308155059814,-1.3079127825221804e-07,0.14916229248046875,0.5731183290481567,0.016565032303333282,0.15043997764587402,0.50703364610672,0.015646565705537796,0.17127475142478943,0.4654650092124939,0.01090130303055048,0.19871731102466583,0.4482944905757904,0.005022116005420685,0.14614710211753845,0.4600144028663635,-0.00943475216627121,0.15393272042274475,0.36689019203186035,-0.016254132613539696,0.157027468085289,0.3111499547958374,-0.018928490579128265,0.1575685441493988,0.2680216431617737,-0.021151283755898476,0.17768779397010803,0.4640750586986542,-0.02120593748986721,0.20896108448505402,0.41629207134246826,-0.024596955627202988,0.20886681973934174,0.44711124897003174,-0.01741584949195385,0.19903339445590973,0.473862886428833,-0.012478629127144814,0.21086077392101288,0.47991371154785156,-0.029969599097967148,0.2315598428249359,0.4449913501739502,-0.02574409916996956,0.22937414050102234,0.4696442484855652,-0.010029920376837254,0.2206089049577713,0.49188676476478577,-0.001841872581280768,0.23936255276203156,0.49945685267448425,-0.03799621760845184,0.25018075108528137,0.47143349051475525,-0.025924211367964745,0.24655994772911072,0.4941851496696472,-0.007962041534483433,0.24026110768318176,0.5136994123458862,0.0036102489102631807,one
0.17587155103683472,0.643775224685669,-1.2866230747476948e-07,0.1486607789993286,0.5749143362045288,0.016955461353063583,0.1498640924692154,0.5087155699729919,0.016185717657208443,0.17054249346256256,0.4663904309272766,0.01129387877881527,0.1975245475769043,0.448334276676178,0.00526598421856761,0.14512404799461365,0.46039068698883057,-0.00784817524254322,0.1536562144756317,0.3669127821922302,-0.014073707163333893,0.15689948201179504,0.31108325719833374,-0.01628197357058525,0.1574784219264984,0.26767826080322266,-0.018308931961655617,0.1762339174747467,0.46394234895706177,-0.020226409658789635,0.20897220075130463,0.4165077805519104,-0.02392672933638096,0.20915855467319489,0.447559654712677,-0.01710517145693302,0.19925780594348907,0.4742898941040039,-0.012264896184206009,0.20932158827781677,0.4795016050338745,-0.029638435691595078,0.23083843290805817,0.44515669345855713,-0.02575650066137314,0.22914834320545197,0.47048529982566833,-0.010234300047159195,0.22067348659038544,0.4926515519618988,-0.002103561768308282,0.23801414668560028,0.49882909655570984,-0.038332708179950714,0.24954503774642944,0.4713030457496643,-0.026699986308813095,0.2463696151971817,0.49478158354759216,-0.009017863310873508,0.2401786744594574,0.5147067308425903,0.00243742810562253,one
0.17530392110347748,0.6418694257736206,-1.220861776118909e-07,0.14823752641677856,0.5731325745582581,0.016957156360149384,0.148858442902565,0.5069565176963806,0.016428707167506218,0.16993142664432526,0.4651007652282715,0.01168187614530325,0.19674672186374664,0.44707441329956055,0.0058566550724208355,0.14478358626365662,0.45826655626296997,-0.0069647133350372314,0.15429702401161194,0.36441630125045776,-0.01169823668897152,0.15756219625473022,0.30935513973236084,-0.012474560178816319,0.15798300504684448,0.26673442125320435,-0.01366959698498249,0.1753304898738861,0.46273505687713623,-0.019498417153954506,0.2093099057674408,0.4165029525756836,-0.022843537852168083,0.20890021324157715,0.447697252035141,-0.01601194590330124,0.1986144781112671,0.4736720621585846,-0.011229367926716805,0.2080119550228119,0.4786134362220764,-0.029034128412604332,0.23108021914958954,0.44510167837142944,-0.024900078773498535,0.22911123931407928,0.47061944007873535,-0.009512379765510559,0.2203170210123062,0.492105096578598,-0.0016187247820198536,0.23657602071762085,0.49809229373931885,-0.037888966500759125,0.24948132038116455,0.4713790714740753,-0.026059353724122047,0.2464669644832611,0.494355171918869,-0.008612490259110928,0.23999157547950745,0.5136756896972656,0.002580717671662569,one
0.17418378591537476,0.6426342129707336,-1.2800126114598243e-07,0.14728406071662903,0.5726328492164612,0.01707678847014904,0.1486307978630066,0.506077229976654,0.016757681965827942,0.1699594110250473,0.4646684229373932,0.012365153059363365,0.1969369500875473,0.44725674390792847,0.006893750745803118,0.14490337669849396,0.4581875801086426,-0.007666377816349268,0.15483197569847107,0.3657688796520233,-0.01247534342110157,0.15800327062606812,0.31116771697998047,-0.0133200129494071,0.15847566723823547,0.26876235008239746,-0.01454183179885149,0.17628246545791626,0.46307238936424255,-0.01996130496263504,0.20945121347904205,0.4167279005050659,-0.02242119610309601,0.20889852941036224,0.4470866620540619,-0.014708883129060268,0.19901181757450104,0.47284996509552,-0.009587482549250126,0.20898663997650146,0.4796716570854187,-0.029218360781669617,0.2312532365322113,0.44713085889816284,-0.024148939177393913,0.22869986295700073,0.4713969826698303,-0.008410466834902763,0.2197105437517166,0.49273622035980225,-0.0005781157524324954,0.23691442608833313,0.4999014139175415,-0.037792425602674484,0.24851080775260925,0.474249005317688,-0.024973908439278603,0.24477292597293854,0.49607476592063904,-0.007172239478677511,0.23816746473312378,0.514897882938385,0.003952331840991974,one
0.17449168860912323,0.6421231627464294,-1.2855291231517185e-07,0.14706122875213623,0.5723223686218262,0.016758251935243607,0.14812088012695312,0.5061778426170349,0.016394397243857384,0.16935855150222778,0.46443697810173035,0.012016075663268566,0.19640260934829712,0.4466595947742462,0.006626023445278406,0.14443057775497437,0.45819032192230225,-0.00696574104949832,0.15481427311897278,0.3659510016441345,-0.011651596054434776,0.15808214247226715,0.3114900588989258,-0.012484030798077583,0.1584826409816742,0.2690841257572174,-0.013691048137843609,0.1757693737745285,0.46254095435142517,-0.019007062539458275,0.20815116167068481,0.41645699739456177,-0.02175036258995533,0.207369863986969,0.44708654284477234,-0.0147318160161376,0.19738683104515076,0.4733375608921051,-0.009901969693601131,0.20860707759857178,0.47853294014930725,-0.028054095804691315,0.2299918830394745,0.4455128312110901,-0.02342360094189644,0.2275470644235611,0.4704825282096863,-0.008227583952248096,0.21876490116119385,0.49229925870895386,-0.0004991124733351171,0.23691017925739288,0.4980466961860657,-0.03641682118177414,0.24825051426887512,0.47222381830215454,-0.024247564375400543,0.24489250779151917,0.494724839925766,-0.006970871705561876,0.23850537836551666,0.5140545964241028,0.00407920079305768,one
0.17362652719020844,0.641529381275177,-1.3026735246057797e-07,0.14779207110404968,0.5707824230194092,0.01835288107395172,0.14921042323112488,0.5039495229721069,0.018775569275021553,0.17028270661830902,0.4630454182624817,0.014807933010160923,0.1970444917678833,0.44521966576576233,0.009746303781867027,0.1441650092601776,0.4564647972583771,-0.004958139732480049,0.1550627499818802,0.3646658658981323,-0.008415835909545422,0.15864084661006927,0.310880571603775,-0.008350963704288006,0.1592707633972168,0.2689204812049866,-0.009029781445860863,0.174576997756958,0.4614802300930023,-0.017857976257801056,0.2098117172718048,0.4167453944683075,-0.019396578893065453,0.2096618115901947,0.4481273293495178,-0.011982537806034088,0.19923728704452515,0.4736326038837433,-0.007132754661142826,0.20716920495033264,0.4780760407447815,-0.027644364163279533,0.23142719268798828,0.44630128145217896,-0.02198481559753418,0.22937454283237457,0.47194668650627136,-0.006601874716579914,0.22009749710559845,0.4931260943412781,0.0009138787863776088,0.2354038506746292,0.4982300400733948,-0.03662668168544769,0.24869361519813538,0.4724575877189636,-0.023528805002570152,0.24576285481452942,0.4953182637691498,-0.005813214927911758,0.23896032571792603,0.5145647525787354,0.0052771493792533875,one
0.1731223464012146,0.6420400142669678,-1.3709581025977968e-07,0.14749158918857574,0.5708174705505371,0.019192004576325417,0.14923939108848572,0.5037021040916443,0.019942335784435272,0.17039287090301514,0.4625229239463806,0.016164537519216537,0.197051540017128,0.4445572793483734,0.011218278668820858,0.14387722313404083,0.45625486969947815,-0.004579168278723955,0.15500864386558533,0.3648017942905426,-0.007795906625688076,0.15864025056362152,0.311011403799057,-0.007616604212671518,0.1593826860189438,0.2691144347190857,-0.008242003619670868,0.17440807819366455,0.4609544277191162,-0.017801642417907715,0.20953243970870972,0.4170222878456116,-0.018473250791430473,0.2096184641122818,0.4481992721557617,-0.010423763655126095,0.19960743188858032,0.47366541624069214,-0.005384612828493118,0.2069445699453354,0.4779905676841736,-0.027828216552734375,0.23100826144218445,0.4469820559024811,-0.02124503068625927,0.22885148227214813,0.472404420375824,-0.005377881228923798,0.21957650780677795,0.49365147948265076,0.0021317393984645605,0.23502792418003082,0.49893227219581604,-0.03702200576663017,0.24801886081695557,0.47421059012413025,-0.023058736696839333,0.2447924017906189,0.4968239665031433,-0.004899531602859497,0.23789791762828827,0.515885055065155,0.006250828504562378,one
0.1729370802640915,0.6419187784194946,-1.3424779865545133e-07,0.14787361025810242,0.570676863193512,0.01864943839609623,0.1496470719575882,0.5040354132652283,0.019150353968143463,0.17074625194072723,0.4635429382324219,0.015070528723299503,0.19715075194835663,0.4460413157939911,0.009853415191173553,0.14398503303527832,0.4563635587692261,-0.004374109208583832,0.15526756644248962,0.3653753697872162,-0.007994730025529861,0.1588183343410492,0.3117249608039856,-0.00815665815025568,0.1593502014875412,0.2696811556816101,-0.009031601250171661,0.17430345714092255,0.46153074502944946,-0.01762516237795353,0.20954589545726776,0.41739052534103394,-0.01927650161087513,0.20966893434524536,0.44868203997612,-0.011894323863089085,0.19938915967941284,0.47410088777542114,-0.007104778662323952,0.206655815243721,0.4785723090171814,-0.027796436101198196,0.23129580914974213,0.44711029529571533,-0.02213345468044281,0.22930429875850677,0.4726833701133728,-0.006544965784996748,0.21987873315811157,0.49375826120376587,0.00103670300450176,0.23458661139011383,0.49934208393096924,-0.0372038297355175,0.2482650727033615,0.47382038831710815,-0.023924602195620537,0.2451961487531662,0.49645787477493286,-0.006030370946973562,0.2382040023803711,0.5154285430908203,0.005055200774222612,one
0.17154666781425476,0.6435966491699219,-1.3186875946757937e-07,0.1459442377090454,0.5723597407341003,0.018900778144598007,0.1474810540676117,0.505607545375824,0.019443102180957794,0.16895663738250732,0.4650094509124756,0.015333622694015503,0.1958668977022171,0.4481877088546753,0.009970235638320446,0.142872616648674,0.45739835500717163,-0.004155660979449749,0.15380889177322388,0.36600300669670105,-0.007398414425551891,0.15763989090919495,0.3121723532676697,-0.007447215262800455,0.1582876443862915,0.2701418399810791,-0.00829149130731821,0.17338620126247406,0.46180209517478943,-0.017521005123853683,0.2078760266304016,0.41760656237602234,-0.018852325156331062,0.20773132145404816,0.4487806260585785,-0.011567329056560993,0.1971524953842163,0.4745563268661499,-0.006853846367448568,0.20593895018100739,0.4786820709705353,-0.027729179710149765,0.23025216162204742,0.44645994901657104,-0.02192840166389942,0.22808827459812164,0.47211432456970215,-0.006498723290860653,0.21838022768497467,0.493806391954422,0.001006346195936203,0.2340853214263916,0.49969905614852905,-0.03711102530360222,0.24799662828445435,0.4735221266746521,-0.023810414597392082,0.24496415257453918,0.4960152804851532,-0.005901395343244076,0.23778513073921204,0.5153307318687439,0.005271727219223976,one
0.1722785085439682,0.6427428126335144,-1.334485233428495e-07,0.14564305543899536,0.5727810859680176,0.018713636323809624,0.1466125249862671,0.5068578124046326,0.019100891426205635,0.16737113893032074,0.46591636538505554,0.014861678704619408,0.1942044049501419,0.4487445056438446,0.009426522068679333,0.14258578419685364,0.4570678770542145,-0.004213178530335426,0.15343019366264343,0.3658190369606018,-0.00783918984234333,0.15720109641551971,0.3118840754032135,-0.008175686933100224,0.1576976776123047,0.269710898399353,-0.009157084859907627,0.17276827991008759,0.4615846276283264,-0.017326921224594116,0.20791636407375336,0.417972594499588,-0.01883498579263687,0.20753079652786255,0.44910529255867004,-0.011755122803151608,0.19648581743240356,0.47434091567993164,-0.007205815985798836,0.20528748631477356,0.47844478487968445,-0.02732384018599987,0.230109304189682,0.4466719329357147,-0.021851355209946632,0.22810053825378418,0.4724658131599426,-0.006667066365480423,0.21860477328300476,0.49381223320961,0.0007683308213017881,0.23351210355758667,0.4990065097808838,-0.036477960646152496,0.24823737144470215,0.4729927182197571,-0.02356039732694626,0.24534860253334045,0.4959576427936554,-0.005903607700020075,0.23820754885673523,0.5153550505638123,0.005235574673861265,one
0.17176823318004608,0.6416624784469604,-1.2417748962434416e-07,0.14631186425685883,0.5709828734397888,0.01851450838148594,0.14785239100456238,0.5049460530281067,0.018537497147917747,0.16857801377773285,0.46473145484924316,0.013952754437923431,0.19508115947246552,0.4473039507865906,0.008196392096579075,0.14263367652893066,0.4573839604854584,-0.005366443190723658,0.15300361812114716,0.36527568101882935,-0.009614084847271442,0.15675748884677887,0.3112225830554962,-0.010231002233922482,0.15760613977909088,0.26913022994995117,-0.011298086494207382,0.17270562052726746,0.46218302845954895,-0.01852232962846756,0.2078753560781479,0.41773954033851624,-0.02059917524456978,0.20781245827674866,0.44870859384536743,-0.013427411206066608,0.19709891080856323,0.47368255257606506,-0.00873232539743185,0.20511235296726227,0.47872453927993774,-0.028559936210513115,0.22987061738967896,0.446772962808609,-0.02327975071966648,0.22790493071079254,0.47229158878326416,-0.007882907055318356,0.21834808588027954,0.4934028089046478,-0.00031813394161872566,0.23328694701194763,0.4988929331302643,-0.037793684750795364,0.24749307334423065,0.473626971244812,-0.024875164031982422,0.24451352655887604,0.49628472328186035,-0.007120179478079081,0.23743514716625214,0.5153059959411621,0.004039761610329151,one
0.17156435549259186,0.640651285648346,-1.2564944995574479e-07,0.14668643474578857,0.5699187517166138,0.018261421471834183,0.14835789799690247,0.5041276812553406,0.018115215003490448,0.169193834066391,0.46448686718940735,0.013388796709477901,0.19582776725292206,0.4473106861114502,0.0075133186765015125,0.1428244262933731,0.45670953392982483,-0.0054639712907373905,0.15338128805160522,0.3651192784309387,-0.009619301185011864,0.1568400263786316,0.3112444281578064,-0.010112314485013485,0.15742015838623047,0.26939570903778076,-0.011106891557574272,0.17284463346004486,0.46167901158332825,-0.018650537356734276,0.2080358862876892,0.41777464747428894,-0.02082330361008644,0.20803283154964447,0.4487874507904053,-0.01372069027274847,0.19756284356117249,0.4738260507583618,-0.00904344767332077,0.20513854920864105,0.4784282147884369,-0.02874395251274109,0.22975113987922668,0.4473481774330139,-0.02352871745824814,0.22770404815673828,0.47286808490753174,-0.008240854367613792,0.21821977198123932,0.4940129518508911,-0.0007442791247740388,0.23319704830646515,0.49866849184036255,-0.03806960955262184,0.24687647819519043,0.47423818707466125,-0.025133751332759857,0.24382063746452332,0.496857225894928,-0.007434188388288021,0.23678244650363922,0.5159035325050354,0.003646002383902669,one
0.1709241271018982,0.6401824951171875,-1.2899394619125815e-07,0.14594459533691406,0.5700194835662842,0.018564051017165184,0.14717991650104523,0.5050320029258728,0.0183295588940382,0.16803096234798431,0.4655766189098358,0.013423054479062557,0.1947171837091446,0.4487878978252411,0.007295833434909582,0.14234188199043274,0.45711228251457214,-0.00569839496165514,0.153360977768898,0.36570724844932556,-0.010371926240622997,0.15715132653713226,0.31170618534088135,-0.011264976114034653,0.15780889987945557,0.26965779066085815,-0.012496382929384708,0.17234164476394653,0.46177926659584045,-0.019084246829152107,0.20810812711715698,0.4179225564002991,-0.02146841771900654,0.2082206755876541,0.44924893975257874,-0.014167200773954391,0.19760145246982574,0.47463497519493103,-0.009362108074128628,0.204668328166008,0.4784182906150818,-0.02939525805413723,0.2295328825712204,0.44739967584609985,-0.024565603584051132,0.22771580517292023,0.47342607378959656,-0.00899351667612791,0.21837618947029114,0.49483737349510193,-0.0012337587540969253,0.23291157186031342,0.4985502064228058,-0.038883235305547714,0.24714869260787964,0.4735763370990753,-0.026241855695843697,0.24404923617839813,0.49681219458580017,-0.008267014287412167,0.2368554174900055,0.5161699652671814,0.00305065861903131,one
0.17060889303684235,0.6396028995513916,-1.2525791248663154e-07,0.1458415985107422,0.5702472925186157,0.0189057607203722,0.1466391384601593,0.5052183270454407,0.01881786622107029,0.16749803721904755,0.4655649960041046,0.01407282892614603,0.19410476088523865,0.4491063058376312,0.00809988658875227,0.14192016422748566,0.45657697319984436,-0.006002906244248152,0.15340295433998108,0.3648837208747864,-0.010839326307177544,0.15741369128227234,0.3105079233646393,-0.012000901624560356,0.15794825553894043,0.268191933631897,-0.013463362120091915,0.17135988175868988,0.4609772861003876,-0.01941049098968506,0.20864449441432953,0.4172828495502472,-0.02176658995449543,0.20915162563323975,0.4489867091178894,-0.01458651851862669,0.198151096701622,0.4742662310600281,-0.009961476549506187,0.20371665060520172,0.477505624294281,-0.029673783108592033,0.23031851649284363,0.4463803470134735,-0.02508794516324997,0.22866806387901306,0.4728386700153351,-0.009709778241813183,0.21908366680145264,0.4943968951702118,-0.002084270352497697,0.23230041563510895,0.49746838212013245,-0.03902266174554825,0.24826696515083313,0.472611665725708,-0.026802172884345055,0.2453135997056961,0.496664822101593,-0.009057375602424145,0.23789316415786743,0.5164056420326233,0.0021641168277710676,one
0.1711347997188568,0.6398053765296936,-1.259242878859368e-07,0.1453736573457718,0.5706461071968079,0.018482277169823647,0.1461120843887329,0.5056948065757751,0.01822253316640854,0.16711874306201935,0.466476172208786,0.013469550758600235,0.19428379833698273,0.4507003724575043,0.007409269455820322,0.14229440689086914,0.45696771144866943,-0.007034627720713615,0.15421967208385468,0.3653407692909241,-0.011750636622309685,0.15814539790153503,0.310788094997406,-0.012855544686317444,0.15883934497833252,0.2682316303253174,-0.014407924376428127,0.17293468117713928,0.46127066016197205,-0.020026784390211105,0.20884214341640472,0.4175560474395752,-0.02178213559091091,0.20892725884914398,0.44878414273262024,-0.014083512127399445,0.1982327699661255,0.47418534755706787,-0.009340252727270126,0.205710306763649,0.4779389500617981,-0.029846319928765297,0.23038512468338013,0.4475124478340149,-0.02425740286707878,0.2284691035747528,0.47331365942955017,-0.008495709858834743,0.2190435230731964,0.49506282806396484,-0.0009719686931930482,0.2339375913143158,0.49812498688697815,-0.03884761035442352,0.24760784208774567,0.4742986559867859,-0.02596665360033512,0.24431592226028442,0.49765557050704956,-0.008092794567346573,0.23714348673820496,0.5173069834709167,0.002993927337229252,one
0.17081792652606964,0.6407451033592224,-1.3214123839588865e-07,0.1461043506860733,0.5699575543403625,0.018973182886838913,0.1477983593940735,0.5044137239456177,0.019070854410529137,0.16924113035202026,0.46527940034866333,0.01456777285784483,0.19585378468036652,0.44875049591064453,0.008794713765382767,0.142641082406044,0.4565056562423706,-0.005919034592807293,0.15464985370635986,0.36558693647384644,-0.01008421927690506,0.1584119200706482,0.31182771921157837,-0.010729189962148666,0.15874098241329193,0.26960352063179016,-0.01191561296582222,0.17281880974769592,0.4613611102104187,-0.019406791776418686,0.2093646228313446,0.41800975799560547,-0.020941469818353653,0.20963405072689056,0.4495728611946106,-0.013398708775639534,0.1988271176815033,0.4750332534313202,-0.008689120411872864,0.20533911883831024,0.4785233736038208,-0.029701536521315575,0.23111668229103088,0.4475749135017395,-0.024281643331050873,0.2292812615633011,0.4739838242530823,-0.008772840723395348,0.21971923112869263,0.4956016540527344,-0.001283706515096128,0.23373404145240784,0.49933135509490967,-0.039090435951948166,0.24865904450416565,0.47389355301856995,-0.02622843347489834,0.245553657412529,0.4976445436477661,-0.008232643827795982,0.23819680511951447,0.5175368189811707,0.002980009652674198,one
0.17122754454612732,0.6415168046951294,-1.314038229338621e-07,0.14591467380523682,0.5716466903686523,0.01983030140399933,0.14712706208229065,0.506388783454895,0.020245110616087914,0.16829249262809753,0.46681785583496094,0.015958886593580246,0.19464319944381714,0.4508797228336334,0.010369380004703999,0.14210662245750427,0.456904798746109,-0.005146284122020006,0.15371954441070557,0.3649262487888336,-0.008963475935161114,0.15783989429473877,0.3104862868785858,-0.009475428611040115,0.15875834226608276,0.26825302839279175,-0.010549939237535,0.17238588631153107,0.4609156847000122,-0.018653839826583862,0.20951083302497864,0.41758522391319275,-0.019790176302194595,0.2098773866891861,0.44979795813560486,-0.012033774517476559,0.19920438528060913,0.47559288144111633,-0.007125816773623228,0.20512662827968597,0.47740110754966736,-0.028873063623905182,0.23120640218257904,0.446999192237854,-0.02300219051539898,0.2292814552783966,0.4734073877334595,-0.007535048760473728,0.21967250108718872,0.4952601194381714,-0.00011436415661592036,0.2337888777256012,0.4972953200340271,-0.03809799998998642,0.24877341091632843,0.47336968779563904,-0.02490372397005558,0.24594612419605255,0.4971480369567871,-0.0070254127494990826,0.23858603835105896,0.5168302655220032,0.004140554927289486,one
0.17191697657108307,0.6418336629867554,-1.2923273118303769e-07,0.14597895741462708,0.5714089870452881,0.018955370411276817,0.1472637951374054,0.5059335231781006,0.0188882015645504,0.16844442486763,0.4663468301296234,0.014208325184881687,0.19538547098636627,0.44972193241119385,0.008215994574129581,0.1429445594549179,0.45741185545921326,-0.0062556080520153046,0.15457889437675476,0.3661203980445862,-0.011033283546566963,0.1583181619644165,0.3115331530570984,-0.012262340635061264,0.15899553894996643,0.2686839997768402,-0.013811178505420685,0.17339253425598145,0.4620029330253601,-0.019545424729585648,0.20951996743679047,0.418124794960022,-0.021330570802092552,0.20982015132904053,0.4494340419769287,-0.013718903996050358,0.19949544966220856,0.4751117527484894,-0.008930198848247528,0.20590214431285858,0.4788399636745453,-0.029654771089553833,0.23125985264778137,0.4477826952934265,-0.024103159084916115,0.22936159372329712,0.4735991060733795,-0.008341780863702297,0.22002291679382324,0.49538663029670715,-0.000699952244758606,0.2340291142463684,0.49925538897514343,-0.03891559690237045,0.24868695437908173,0.4743187129497528,-0.02579391375184059,0.24546578526496887,0.4975808560848236,-0.007708981167525053,0.23822996020317078,0.517307698726654,0.0035514922346919775,one
0.17189548909664154,0.6411789655685425,-1.2301299534556165e-07,0.1468057930469513,0.5715997815132141,0.01878797449171543,0.1477285772562027,0.505585789680481,0.018761062994599342,0.16906708478927612,0.4654885530471802,0.014189568348228931,0.19590476155281067,0.44926318526268005,0.008474482223391533,0.14214493334293365,0.45672693848609924,-0.006205821875482798,0.1543406844139099,0.36538055539131165,-0.010642739944159985,0.15857020020484924,0.3113294839859009,-0.011405215598642826,0.15958571434020996,0.26932492852211,-0.012581980787217617,0.17183244228363037,0.4613837003707886,-0.019500205293297768,0.21020513772964478,0.4185188114643097,-0.02172757498919964,0.21076585352420807,0.4504086673259735,-0.014394957572221756,0.20012404024600983,0.4755258858203888,-0.009593603201210499,0.20444142818450928,0.47792309522628784,-0.029602523893117905,0.23185113072395325,0.44773468375205994,-0.024809004738926888,0.2300395369529724,0.47409167885780334,-0.00952963624149561,0.2203899323940277,0.4954448640346527,-0.0019576491322368383,0.23324057459831238,0.49763715267181396,-0.038801051676273346,0.2493598610162735,0.4739563465118408,-0.026116836816072464,0.24640387296676636,0.4979068338871002,-0.008337554521858692,0.2389087826013565,0.5172864198684692,0.0028475483413785696,one
0.17142333090305328,0.6406658887863159,-1.1672081967617487e-07,0.14679878950119019,0.5702515244483948,0.017815476283431053,0.14853104948997498,0.5043624043464661,0.016974780708551407,0.17030620574951172,0.46449601650238037,0.011740471236407757,0.19747258722782135,0.4474952816963196,0.005334013607352972,0.14296159148216248,0.45730867981910706,-0.008232971653342247,0.15524081885814667,0.3658784031867981,-0.013849831186234951,0.1592773050069809,0.3110833168029785,-0.01541218627244234,0.15998709201812744,0.26816174387931824,-0.017185784876346588,0.17288245260715485,0.462013304233551,-0.021349919959902763,0.2104007750749588,0.4180910289287567,-0.02412482164800167,0.2111528366804123,0.4495294392108917,-0.016477813944220543,0.20064803957939148,0.4745129644870758,-0.011555972509086132,0.20534886419773102,0.4788549840450287,-0.031376950442790985,0.23197288811206818,0.44833648204803467,-0.02665497176349163,0.23018786311149597,0.47395622730255127,-0.01061940286308527,0.2204519808292389,0.49522286653518677,-0.0026792699936777353,0.23365533351898193,0.4992705285549164,-0.0406780019402504,0.24883706867694855,0.4754387438297272,-0.028169332072138786,0.24547362327575684,0.49870625138282776,-0.010125022381544113,0.23799024522304535,0.51798415184021,0.0011555642122402787,one
0.7756825089454651,0.5888699293136597,6.211865866134758e-08,0.8164429664611816,0.5175602436065674,0.015229771845042706,0.8274884819984436,0.4458940625190735,0.01825588569045067,0.8043136596679688,0.39921870827674866,0.019588051363825798,0.7707473039627075,0.3903670310974121,0.018078060820698738,0.8036304712295532,0.3957706391811371,-0.011439898051321507,0.7919303774833679,0.28859418630599976,-0.012385855428874493,0.786382794380188,0.22794535756111145,-0.010608104057610035,0.7802173495292664,0.1808018684387207,-0.009948891587555408,0.7592355608940125,0.4012487530708313,-0.018191153183579445,0.7479584813117981,0.3376031517982483,-0.01433605793863535,0.7541337609291077,0.3693733215332031,-0.0032528394367545843,0.7617790102958679,0.4014119505882263,0.002907579531893134,0.7233719825744629,0.4212239682674408,-0.021236905828118324,0.7188109159469604,0.37327754497528076,-0.010462852194905281,0.726381778717041,0.3992571234703064,0.005722387228161097,0.7318634390830994,0.42641305923461914,0.011986754834651947,0.6927192807197571,0.44643765687942505,-0.023203153163194656,0.6939452886581421,0.40936726331710815,-0.009263837710022926,0.7029634118080139,0.43380823731422424,0.007637056056410074,0.7072515487670898,0.45575395226478577,0.017775027081370354,one
0.7666100263595581,0.584073543548584,1.8578573346417215e-08,0.805390477180481,0.5147854089736938,0.017541397362947464,0.8139979839324951,0.4431242346763611,0.020998133346438408,0.7903355956077576,0.3950843811035156,0.022461220622062683,0.7600181698799133,0.3815666437149048,0.020811062306165695,0.7934257984161377,0.3959209620952606,-0.012852417305111885,0.7787235379219055,0.28970086574554443,-0.016448814421892166,0.7723157405853271,0.2294158935546875,-0.017308726906776428,0.7668559551239014,0.18265888094902039,-0.018164196982979774,0.7512718439102173,0.4022269546985626,-0.020235542207956314,0.7354212999343872,0.3418344557285309,-0.01685602031648159,0.7395280003547668,0.3738652765750885,-0.005287763196974993,0.7472760081291199,0.40478456020355225,0.0009833468357101083,0.7163326740264893,0.42218995094299316,-0.023788023740053177,0.7061423063278198,0.3745580315589905,-0.01261809654533863,0.7124626636505127,0.40056219696998596,0.0051382966339588165,0.718951940536499,0.42664647102355957,0.01229908224195242,0.6860148906707764,0.4484039843082428,-0.026143744587898254,0.6843737959861755,0.40992382168769836,-0.012064930982887745,0.6922116279602051,0.4344096779823303,0.005771192722022533,0.6971035003662109,0.4559154510498047,0.016576820984482765,one
0.7665817141532898,0.5831301212310791,2.2841893709824035e-08,0.8051957488059998,0.5134935975074768,0.017173755913972855,0.813249945640564,0.44249314069747925,0.020552458241581917,0.7890688180923462,0.39677807688713074,0.021795790642499924,0.7583913803100586,0.3856956362724304,0.01989218033850193,0.7928344011306763,0.39523226022720337,-0.011525392532348633,0.7786413431167603,0.29084402322769165,-0.014115686528384686,0.7726555466651917,0.23137158155441284,-0.014168709516525269,0.7671189904212952,0.18566344678401947,-0.014598097652196884,0.7506945133209229,0.4013245105743408,-0.01908051036298275,0.7359527349472046,0.34209346771240234,-0.015582697466015816,0.7406507730484009,0.37318044900894165,-0.0044883848167955875,0.7482131123542786,0.40401723980903625,0.0014620163710787892,0.7159054279327393,0.42146775126457214,-0.022867297753691673,0.7067920565605164,0.3746665120124817,-0.011976674199104309,0.7134771943092346,0.39998072385787964,0.004929424729198217,0.7196294665336609,0.4261181652545929,0.011574010364711285,0.6858412623405457,0.44773751497268677,-0.025467170402407646,0.6842946410179138,0.4107787013053894,-0.011565811932086945,0.6925363540649414,0.4344254434108734,0.005776344798505306,0.6972901821136475,0.4555712044239044,0.016179706901311874,one
0.7667234539985657,0.5826829075813293,3.0156016350701975e-08,0.8050528764724731,0.513764500617981,0.015488789416849613,0.8137176036834717,0.44198712706565857,0.01805281639099121,0.7891938090324402,0.3964610695838928,0.018770581111311913,0.7579203844070435,0.38614192605018616,0.016376545652747154,0.7929425835609436,0.3941611349582672,-0.013236431404948235,0.778803825378418,0.2905402183532715,-0.017125559970736504,0.7723747491836548,0.2305629700422287,-0.018085317686200142,0.7663792371749878,0.1845214068889618,-0.019103724509477615,0.7514726519584656,0.4005351662635803,-0.020488165318965912,0.7353560328483582,0.3422025740146637,-0.01856335811316967,0.7396546602249146,0.3735659718513489,-0.00798314530402422,0.7473915219306946,0.40435296297073364,-0.002119428711012006,0.7166804075241089,0.4209944009780884,-0.024174874648451805,0.7064246535301208,0.3754013180732727,-0.015057753771543503,0.7128101587295532,0.40052565932273865,0.001637055422179401,0.7193288207054138,0.4264320731163025,0.008580373600125313,0.68632972240448,0.4476665258407593,-0.026790086179971695,0.68397456407547,0.41136935353279114,-0.01444394700229168,0.6920737624168396,0.43506914377212524,0.0025260928086936474,0.6969773173332214,0.4561692476272583,0.012969279661774635,one
0.7663820385932922,0.5813608169555664,2.3151725869752227e-08,0.8048250675201416,0.5129275321960449,0.01615346409380436,0.8137628436088562,0.44154977798461914,0.018959570676088333,0.7894964814186096,0.39421069622039795,0.020071731880307198,0.7578534483909607,0.38208553194999695,0.01808236725628376,0.7931351065635681,0.39423954486846924,-0.014171969145536423,0.7774905562400818,0.28845903277397156,-0.017895277589559555,0.7706121206283569,0.22819580137729645,-0.018839390948414803,0.7644468545913696,0.18138954043388367,-0.019820531830191612,0.7513777613639832,0.40101680159568787,-0.021138207986950874,0.7341612577438354,0.3414824903011322,-0.018343498930335045,0.7384709119796753,0.3738635182380676,-0.007092474028468132,0.7465958595275879,0.4050213396549225,-0.0009639838826842606,0.716552197933197,0.4214482307434082,-0.024359144270420074,0.7052977085113525,0.37432861328125,-0.01418559905141592,0.7117271423339844,0.4004560112953186,0.0031483543571084738,0.7186359167098999,0.4267362058162689,0.010220912285149097,0.6861691474914551,0.4477391541004181,-0.026422565802931786,0.6838294863700867,0.40967798233032227,-0.013362502679228783,0.6917722225189209,0.4343230128288269,0.004013049881905317,0.6967902183532715,0.45587611198425293,0.014606473967432976,one
0.766140878200531,0.5818753242492676,9.987572546776846e-09,0.804469108581543,0.5139157176017761,0.017703045159578323,0.8136284351348877,0.4431149661540985,0.021824732422828674,0.7910258173942566,0.3960829973220825,0.023930028080940247,0.7606704235076904,0.38440176844596863,0.02299000509083271,0.7930514216423035,0.39481377601623535,-0.010684414766728878,0.7780280113220215,0.29029381275177,-0.013171795755624771,0.7714992761611938,0.2306126207113266,-0.013271772302687168,0.765594482421875,0.18445320427417755,-0.01368493027985096,0.7508963942527771,0.401210218667984,-0.018080994486808777,0.7344970703125,0.34002935886383057,-0.014673801138997078,0.7391946911811829,0.3716477155685425,-0.003572906367480755,0.7469989061355591,0.4032982289791107,0.0026059895753860474,0.7162646055221558,0.42139047384262085,-0.021670734509825706,0.7058144807815552,0.37303704023361206,-0.010926644317805767,0.7127053737640381,0.39864423871040344,0.005956458859145641,0.7192730903625488,0.42514362931251526,0.012818695977330208,0.6865060329437256,0.44735658168792725,-0.023978358134627342,0.6846850514411926,0.4088013172149658,-0.009780166670680046,0.6926450133323669,0.43286779522895813,0.007742900867015123,0.6974186897277832,0.45454639196395874,0.018280016258358955,one
0.7664803862571716,0.5815290212631226,1.93796143577174e-08,0.8046522736549377,0.513929009437561,0.016705311834812164,0.8139527440071106,0.4426735043525696,0.019991092383861542,0.7905116677284241,0.39518943428993225,0.021456431597471237,0.759226381778717,0.38346898555755615,0.01981930062174797,0.7931571006774902,0.3945225477218628,-0.012557100504636765,0.7782344222068787,0.28901737928390503,-0.015520126558840275,0.7718072533607483,0.22904101014137268,-0.015881452709436417,0.7660052180290222,0.18263448774814606,-0.016437888145446777,0.7513993382453918,0.4009624123573303,-0.019654307514429092,0.7340219020843506,0.34061744809150696,-0.016473492607474327,0.7381680011749268,0.372948557138443,-0.005294753238558769,0.7460457682609558,0.4044857919216156,0.0008933049975894392,0.7166515588760376,0.4210488796234131,-0.02298339456319809,0.705091118812561,0.37343859672546387,-0.012625481933355331,0.711552083492279,0.3998495042324066,0.004380554426461458,0.7184231281280518,0.4262120723724365,0.011336596682667732,0.6865074038505554,0.44709739089012146,-0.025081589818000793,0.6837214231491089,0.4087698757648468,-0.011572808027267456,0.6915766000747681,0.4335932433605194,0.005850058980286121,0.6965517997741699,0.455390989780426,0.016447963193058968,one
0.766148567199707,0.5812591314315796,2.078785321657506e-08,0.8044772148132324,0.5140490531921387,0.01609923504292965,0.8141207695007324,0.4429856538772583,0.019272131845355034,0.790573239326477,0.3972317576408386,0.020630773156881332,0.7588740587234497,0.3873465657234192,0.01894606649875641,0.7926533222198486,0.39470532536506653,-0.011961338110268116,0.7780347466468811,0.29004955291748047,-0.014644738286733627,0.7720380425453186,0.23043617606163025,-0.014746662229299545,0.7666901350021362,0.18427902460098267,-0.015165832825005054,0.7506052851676941,0.401135116815567,-0.01910354383289814,0.7343100309371948,0.3404684066772461,-0.016495635733008385,0.7387914657592773,0.3724639117717743,-0.0058196429163217545,0.7465097904205322,0.4043096601963043,0.00022804128821007907,0.7160944938659668,0.4211311340332031,-0.022551337257027626,0.7055672407150269,0.37285634875297546,-0.012848327867686749,0.7124245762825012,0.3989861309528351,0.003718265565112233,0.7190852165222168,0.42562684416770935,0.010605388320982456,0.6866484880447388,0.44680777192115784,-0.024820871651172638,0.6846609711647034,0.4082193672657013,-0.01149347610771656,0.6927162408828735,0.43244099617004395,0.005826795008033514,0.6974160075187683,0.45420917868614197,0.01635708473622799,one
0.7665308713912964,0.580670177936554,2.345690397476119e-08,0.8047559261322021,0.5137830972671509,0.015581215731799603,0.8145447373390198,0.4429364502429962,0.018391955643892288,0.790198564529419,0.39803892374038696,0.019373705610632896,0.7587917447090149,0.38785168528556824,0.017254114151000977,0.7933870553970337,0.3942926824092865,-0.01213480718433857,0.7792523503303528,0.2904430031776428,-0.01540530938655138,0.7729328870773315,0.2308201789855957,-0.015963101759552956,0.7670676112174988,0.18483588099479675,-0.016707172617316246,0.7518697381019592,0.40059125423431396,-0.019279764965176582,0.7347169518470764,0.34100720286369324,-0.017101099714636803,0.739077627658844,0.3731234073638916,-0.0065096295438706875,0.7469682693481445,0.4044050872325897,-0.0005230997339822352,0.7173120379447937,0.42079034447669983,-0.02287288010120392,0.7056614756584167,0.37318265438079834,-0.013816176913678646,0.7123099565505981,0.39936405420303345,0.002894891193136573,0.7192671895027161,0.4256246089935303,0.01000119186937809,0.6876032948493958,0.4471353590488434,-0.025332819670438766,0.6845216155052185,0.4087684154510498,-0.012860343791544437,0.6926695704460144,0.43307042121887207,0.004376248922199011,0.6976717114448547,0.4547666311264038,0.015018598176538944,one
0.7672668099403381,0.583664059638977,3.03680742774759e-08,0.8050857186317444,0.5154820084571838,0.01661289669573307,0.8138255476951599,0.4437410831451416,0.019847353920340538,0.7893564701080322,0.3978135287761688,0.021142566576600075,0.7578170895576477,0.386206716299057,0.01942966692149639,0.7939045429229736,0.3957105875015259,-0.01156366802752018,0.7792048454284668,0.29016298055648804,-0.014752359129488468,0.7731565237045288,0.23000550270080566,-0.015440667979419231,0.7680409550666809,0.18311135470867157,-0.016207978129386902,0.7517703771591187,0.4020203948020935,-0.018828395754098892,0.7350101470947266,0.34161901473999023,-0.016104411333799362,0.7392935156822205,0.3740624785423279,-0.005148798227310181,0.7473697066307068,0.40556207299232483,0.001100935973227024,0.7169620990753174,0.4220380187034607,-0.022432411089539528,0.7058417201042175,0.3735344707965851,-0.012251125648617744,0.7123328447341919,0.4001500606536865,0.005022877361625433,0.7191655039787292,0.4266313910484314,0.01231696642935276,0.6870217323303223,0.44829434156417847,-0.024898823350667953,0.6849220991134644,0.4098341763019562,-0.01140145119279623,0.6928396821022034,0.4346495568752289,0.006238508969545364,0.6978818774223328,0.45619529485702515,0.017094165086746216,one
0.7672638893127441,0.5834259986877441,1.5658509155969114e-08,0.8057324886322021,0.5139610767364502,0.0177084282040596,0.814679741859436,0.4430541396141052,0.021429019048810005,0.7910109162330627,0.39696159958839417,0.02293989434838295,0.7601106762886047,0.38542458415031433,0.021262841299176216,0.7946118712425232,0.39644819498062134,-0.010214055888354778,0.7807409763336182,0.29257363080978394,-0.012592514976859093,0.7742980718612671,0.2334945648908615,-0.012567540630698204,0.7682095170021057,0.1878795176744461,-0.012943227775394917,0.7529260516166687,0.4023069441318512,-0.01795761100947857,0.736693263053894,0.3416748642921448,-0.01431569829583168,0.7409548759460449,0.37271618843078613,-0.0033426498994231224,0.7484694719314575,0.40319016575813293,0.0025348379276692867,0.7180750370025635,0.42237624526023865,-0.021913034841418266,0.7072073817253113,0.37316033244132996,-0.011204163543879986,0.7138067483901978,0.3986189067363739,0.005806058179587126,0.7203795313835144,0.42485103011131287,0.012629322707653046,0.6880857944488525,0.4488716423511505,-0.024577422067523003,0.6853628158569336,0.41005218029022217,-0.010843335650861263,0.6935909390449524,0.43352726101875305,0.00675287377089262,0.6984243392944336,0.45510855317115784,0.017423951998353004,one
0.7674737572669983,0.5841159820556641,2.3693777606581534e-08,0.8060817122459412,0.5157725214958191,0.01722770743072033,0.8151706457138062,0.4442284107208252,0.020674660801887512,0.7909573912620544,0.3971899151802063,0.022300973534584045,0.7591317296028137,0.3853239119052887,0.020849652588367462,0.7948188185691833,0.3969687819480896,-0.012536670081317425,0.780343770980835,0.2906942665576935,-0.01595468819141388,0.7739801406860352,0.2303829789161682,-0.016986694186925888,0.7683791518211365,0.1833440661430359,-0.017996883019804955,0.7529573440551758,0.40352892875671387,-0.019718294963240623,0.7354629635810852,0.3422020673751831,-0.01613146997988224,0.7398126721382141,0.374432235956192,-0.004781188443303108,0.7479280829429626,0.4054523706436157,0.0013254231307655573,0.7180622816085815,0.423563688993454,-0.02310054376721382,0.7063183784484863,0.37452420592308044,-0.012168459594249725,0.7129009962081909,0.40095609426498413,0.005282687954604626,0.7199348211288452,0.4272472858428955,0.012341706082224846,0.6880115866661072,0.44967955350875854,-0.025235159322619438,0.6855015754699707,0.4105677902698517,-0.011325152590870857,0.6935757994651794,0.4352964460849762,0.006444155238568783,0.698662519454956,0.4570270776748657,0.01720891147851944,one
0.7669693231582642,0.5852210521697998,1.568870366952524e-08,0.806022584438324,0.5167781710624695,0.017466135323047638,0.8153948187828064,0.4462616741657257,0.021293260157108307,0.7922050356864929,0.39966902136802673,0.023139653727412224,0.7616448402404785,0.38759759068489075,0.021973295137286186,0.7944020628929138,0.3979891240596771,-0.0106986528262496,0.7810304164886475,0.29392385482788086,-0.013307850807905197,0.7753942012786865,0.2342979460954666,-0.01381685584783554,0.7701835632324219,0.18766435980796814,-0.014630448073148727,0.7521636486053467,0.4036640524864197,-0.018063096329569817,0.7368972301483154,0.34249019622802734,-0.014342180453240871,0.7419697046279907,0.37435680627822876,-0.003283180296421051,0.74969881772995,0.40576815605163574,0.0026820977218449116,0.7176660895347595,0.42363083362579346,-0.021606603637337685,0.7076797485351562,0.37425440549850464,-0.010325739160180092,0.7149204611778259,0.3998832106590271,0.006943398620933294,0.7215183973312378,0.4267028272151947,0.01382113341242075,0.6883524656295776,0.4497435688972473,-0.023956218734383583,0.6868858337402344,0.41094663739204407,-0.00979629810899496,0.6952455043792725,0.43488749861717224,0.007787439972162247,0.7000929117202759,0.4567241966724396,0.01836223155260086,one
0.7679921984672546,0.5862451791763306,1.899726953524805e-08,0.8069732189178467,0.5176213979721069,0.01720871590077877,0.815750777721405,0.4456137418746948,0.020890606567263603,0.7922505140304565,0.39729657769203186,0.022755617275834084,0.7619376182556152,0.3837146759033203,0.02157364971935749,0.7947539687156677,0.3976803421974182,-0.012607263401150703,0.7808834314346313,0.2921012341976166,-0.016363557428121567,0.7749479413032532,0.23156511783599854,-0.01759938709437847,0.769687294960022,0.18456345796585083,-0.018697401508688927,0.7531973123550415,0.4039561152458191,-0.01972885988652706,0.7361982464790344,0.3428175151348114,-0.01647249422967434,0.7405636310577393,0.37489980459213257,-0.005141064524650574,0.7485377192497253,0.4064372181892395,0.0010998939396813512,0.718593418598175,0.42407935857772827,-0.02308807335793972,0.7071847319602966,0.3760279417037964,-0.012516164220869541,0.7137560844421387,0.4019628167152405,0.004721473436802626,0.7206392288208008,0.4283151626586914,0.011806543916463852,0.688478946685791,0.45051348209381104,-0.02520199865102768,0.68587726354599,0.4118637144565582,-0.011738196946680546,0.6939854621887207,0.43640756607055664,0.005647323559969664,0.6990801095962524,0.4582212269306183,0.016283279284834862,one
0.7688813805580139,0.586992621421814,2.0451301097068608e-08,0.8070499897003174,0.5172418355941772,0.0170656219124794,0.8152257204055786,0.4451192617416382,0.020284516736865044,0.7910622358322144,0.3986421227455139,0.021487951278686523,0.7600556015968323,0.38704708218574524,0.0195397287607193,0.7952837347984314,0.3984692096710205,-0.01213209517300129,0.782162606716156,0.29367339611053467,-0.01573033817112446,0.7761081457138062,0.2335348129272461,-0.016864348202943802,0.7703909277915955,0.18690747022628784,-0.017989682033658028,0.7536390423774719,0.4043748080730438,-0.019606776535511017,0.7371159791946411,0.34373071789741516,-0.016641801223158836,0.7415929436683655,0.37545081973075867,-0.0056488062255084515,0.7493783831596375,0.4065113663673401,0.00035544196725822985,0.7187385559082031,0.42435458302497864,-0.023320013657212257,0.7074620723724365,0.3758736550807953,-0.012877002358436584,0.7142998576164246,0.40139564871788025,0.004367060028016567,0.7211249470710754,0.4279637038707733,0.01144382357597351,0.6886900663375854,0.4506189227104187,-0.02583996020257473,0.686139702796936,0.4117605686187744,-0.012388051487505436,0.6944146752357483,0.4355875849723816,0.005217225290834904,0.6994674801826477,0.4576055705547333,0.01599114015698433,one
0.7694650292396545,0.5863576531410217,2.6254150853333158e-08,0.8075920343399048,0.5160188674926758,0.017486194148659706,0.8157524466514587,0.4440387189388275,0.020818009972572327,0.7914103269577026,0.3977948725223541,0.0220973938703537,0.7603833675384521,0.3865152895450592,0.02019883692264557,0.7949514389038086,0.3968508243560791,-0.011875815689563751,0.7816280722618103,0.29215821623802185,-0.014464537613093853,0.7755278944969177,0.23274299502372742,-0.014283541589975357,0.7699419856071472,0.1868562549352646,-0.014454974792897701,0.7531118988990784,0.4032691717147827,-0.01948203146457672,0.7366861701011658,0.34285247325897217,-0.015966057777404785,0.7409900426864624,0.37486955523490906,-0.004477684386074543,0.7488605976104736,0.40607669949531555,0.0019077550387009978,0.7184011936187744,0.423858642578125,-0.023240284994244576,0.7077056765556335,0.3761443495750427,-0.012778259813785553,0.7147069573402405,0.4022173583507538,0.004270066507160664,0.721561849117279,0.4284508526325226,0.011273831129074097,0.6885182857513428,0.450671523809433,-0.025660615414381027,0.6858483552932739,0.4123489260673523,-0.01208196859806776,0.694366455078125,0.43668854236602783,0.005491932854056358,0.6993860602378845,0.45849552750587463,0.016256919130682945,one
0.7693736553192139,0.5856356620788574,2.545148980459544e-08,0.8073002696037292,0.5159409046173096,0.016566189005970955,0.815687894821167,0.4439161419868469,0.01921585202217102,0.791480541229248,0.39719781279563904,0.0199695136398077,0.7601748704910278,0.3855694532394409,0.01753877103328705,0.7957292199134827,0.39685189723968506,-0.013598689809441566,0.7814526557922363,0.2911800742149353,-0.017021644860506058,0.7747380137443542,0.23110802471637726,-0.01729009859263897,0.7684415578842163,0.184775248169899,-0.017725158482789993,0.7540452480316162,0.4034196734428406,-0.021038785576820374,0.7366827726364136,0.3429889380931854,-0.018436426296830177,0.7408211827278137,0.3751984238624573,-0.007069002371281385,0.7487353682518005,0.4064546227455139,-0.0006681864615529776,0.7189887762069702,0.4239071011543274,-0.024692581966519356,0.7074154615402222,0.37612709403038025,-0.014925502240657806,0.7142720222473145,0.402294784784317,0.0023885949049144983,0.7212690711021423,0.42861565947532654,0.009667178615927696,0.6885987520217896,0.4505824148654938,-0.02710474655032158,0.6854802370071411,0.41228747367858887,-0.01414182037115097,0.6938177347183228,0.43663671612739563,0.0034265529830008745,0.6988390684127808,0.4584328830242157,0.01426044199615717,one
0.7688648104667664,0.5860034227371216,1.352739520399382e-08,0.8069802522659302,0.5165785551071167,0.01780935749411583,0.8154482841491699,0.4451989531517029,0.021629322320222855,0.792888343334198,0.3978782892227173,0.0233381949365139,0.7628287076950073,0.38540640473365784,0.021873071789741516,0.79520583152771,0.3976474702358246,-0.01076169591397047,0.7818353772163391,0.2937787175178528,-0.013800088316202164,0.7760045528411865,0.2344059944152832,-0.014709974639117718,0.7705779671669006,0.1880827099084854,-0.015759717673063278,0.7537308931350708,0.4036465287208557,-0.018418537452816963,0.737052321434021,0.3429161012172699,-0.014885970391333103,0.741367757320404,0.3747612237930298,-0.0038531748577952385,0.7489840388298035,0.4057823717594147,0.0020527176093310118,0.7187487483024597,0.4238590896129608,-0.022294458001852036,0.7074465751647949,0.37505853176116943,-0.011415761895477772,0.7142073512077332,0.4007028043270111,0.005792822688817978,0.7208297252655029,0.4273297190666199,0.012705112807452679,0.688523530960083,0.45039841532707214,-0.024919839575886726,0.6859256625175476,0.4118155539035797,-0.011295738629996777,0.6941296458244324,0.4358038008213043,0.006217437330633402,0.6989747881889343,0.45763832330703735,0.016856912523508072,one
0.7686478495597839,0.5859217643737793,1.5773728989643132e-08,0.8068976402282715,0.5168534517288208,0.018601326271891594,0.8153454661369324,0.44533243775367737,0.02301846444606781,0.7923304438591003,0.3968116343021393,0.02537810616195202,0.7622879147529602,0.38387373089790344,0.024599170312285423,0.794816792011261,0.39730703830718994,-0.010619692504405975,0.7808718085289001,0.29196640849113464,-0.013470809906721115,0.7747598886489868,0.23205283284187317,-0.014200249686837196,0.769348680973053,0.1854071021080017,-0.015044013038277626,0.7532961964607239,0.4035520553588867,-0.018082283437252045,0.736122190952301,0.3423602879047394,-0.013488507829606533,0.7403310537338257,0.37429940700531006,-0.0016896951710805297,0.748117983341217,0.40541765093803406,0.004577144049108028,0.7185190320014954,0.423801451921463,-0.021729908883571625,0.7073575854301453,0.37583255767822266,-0.009896693751215935,0.7140694260597229,0.40177369117736816,0.007533146999776363,0.7207353115081787,0.4279945492744446,0.014398048631846905,0.6881434917449951,0.45049554109573364,-0.02405068464577198,0.6854066848754883,0.4125427007675171,-0.009653935208916664,0.6935694813728333,0.4370895326137543,0.007926133461296558,0.6986061334609985,0.4586802124977112,0.018490692600607872,one
0.7688712477684021,0.586135983467102,1.9101806358889917e-08,0.8065655827522278,0.517272412776947,0.01784605160355568,0.8148490786552429,0.44590380787849426,0.02147914096713066,0.791505753993988,0.39926284551620483,0.02284853719174862,0.7611987590789795,0.38764071464538574,0.021008357405662537,0.7952329516410828,0.3975955545902252,-0.010775553062558174,0.7816763520240784,0.2930411696434021,-0.014305164106190205,0.7756642699241638,0.23297348618507385,-0.015459188260138035,0.7701916694641113,0.18631428480148315,-0.01662483811378479,0.7536183595657349,0.40357598662376404,-0.01864751987159252,0.7367684245109558,0.34344929456710815,-0.01579788327217102,0.7411576509475708,0.37535685300827026,-0.0048358202911913395,0.7490178942680359,0.40659084916114807,0.0012024721363559365,0.7187246680259705,0.42385074496269226,-0.022792357951402664,0.7072789669036865,0.37577441334724426,-0.012454747222363949,0.714169979095459,0.40138182044029236,0.004902624525129795,0.7210180759429932,0.42792049050331116,0.012090852484107018,0.6885986924171448,0.45068204402923584,-0.025721879675984383,0.685966432094574,0.4127410650253296,-0.012363438494503498,0.6940799355506897,0.4367935061454773,0.00525147607550025,0.6990585923194885,0.4585039019584656,0.01605605147778988,one
0.768483579158783,0.5865844488143921,2.0967322100773345e-08,0.8065793514251709,0.5176430940628052,0.017604611814022064,0.8146489858627319,0.44560444355010986,0.021300077438354492,0.7907822728157043,0.39805111289024353,0.02293883077800274,0.7601604461669922,0.38557228446006775,0.02146604098379612,0.7951503992080688,0.3973578214645386,-0.011361273005604744,0.7812544703483582,0.29201436042785645,-0.014226877130568027,0.775120198726654,0.23213502764701843,-0.014491017907857895,0.7695329785346985,0.1856590062379837,-0.015011626295745373,0.7534128427505493,0.4034882187843323,-0.018900064751505852,0.735799252986908,0.3429670035839081,-0.015548214316368103,0.7399035096168518,0.37530162930488586,-0.004075424280017614,0.7478699088096619,0.40671059489250183,0.0023402823135256767,0.7183869481086731,0.42366668581962585,-0.022672751918435097,0.7068167328834534,0.3761676847934723,-0.012144997715950012,0.7136275768280029,0.40231961011886597,0.005144646856933832,0.7204974293708801,0.42857885360717773,0.012279459275305271,0.6879710555076599,0.4502742290496826,-0.02517862431704998,0.6854537725448608,0.4129934012889862,-0.011742138303816319,0.6935175061225891,0.43770354986190796,0.005652602296322584,0.6984420418739319,0.45928096771240234,0.016294317319989204,one
0.7680137753486633,0.5865352153778076,1.8702193571584758e-08,0.8064655661582947,0.5173289179801941,0.017031947150826454,0.8144484162330627,0.44570615887641907,0.020365426316857338,0.7912675738334656,0.39854952692985535,0.021671414375305176,0.7609949707984924,0.3864171802997589,0.019851503893733025,0.7949115037918091,0.3980720639228821,-0.01198422722518444,0.7815808653831482,0.2941456437110901,-0.015246088616549969,0.7757588028907776,0.23480431735515594,-0.015943698585033417,0.7700931429862976,0.18873560428619385,-0.01683918945491314,0.7532839775085449,0.404175341129303,-0.019609564915299416,0.7367587685585022,0.3431749939918518,-0.016871916130185127,0.7411462664604187,0.3746507167816162,-0.005870959721505642,0.7487838268280029,0.405690461397171,0.00015934596012812108,0.718205451965332,0.4242401421070099,-0.023494498804211617,0.7073459625244141,0.37542858719825745,-0.01341603510081768,0.7141924500465393,0.400644987821579,0.0038024703972041607,0.7208209037780762,0.42714059352874756,0.010873035527765751,0.688080370426178,0.45059913396835327,-0.02618892304599285,0.6859246492385864,0.4121106266975403,-0.01313106995075941,0.6940147876739502,0.4357646107673645,0.004277195781469345,0.698711097240448,0.45765143632888794,0.014894985593855381,one
0.7683351635932922,0.5877593755722046,2.110674657274103e-08,0.806307315826416,0.5185502171516418,0.017881173640489578,0.8142898678779602,0.44628939032554626,0.021714823320508003,0.7897833585739136,0.3993399739265442,0.023432226851582527,0.7585720419883728,0.38814517855644226,0.02200225368142128,0.7950636148452759,0.3982138931751251,-0.01098867692053318,0.7815164923667908,0.2930430769920349,-0.013867136090993881,0.7752416133880615,0.23308725655078888,-0.014315597712993622,0.7693865895271301,0.18664142489433289,-0.01499823946505785,0.7532011866569519,0.40432649850845337,-0.01864994689822197,0.7357519865036011,0.34373795986175537,-0.015183839946985245,0.7399376630783081,0.37590622901916504,-0.0038930820301175117,0.7477822303771973,0.40697789192199707,0.0023492963518947363,0.7183037400245667,0.4244570732116699,-0.022502539679408073,0.7067367434501648,0.37658870220184326,-0.011850045062601566,0.7135762572288513,0.40262120962142944,0.005373038817197084,0.7204453945159912,0.42880645394325256,0.012473377399146557,0.6880978345870972,0.45107871294021606,-0.025058835744857788,0.6854074001312256,0.4130212664604187,-0.011407111771404743,0.6935222744941711,0.43732187151908875,0.006153197959065437,0.6985771656036377,0.4588291049003601,0.016911540180444717,one
0.7680720686912537,0.5869012475013733,2.187599257297279e-08,0.8061196208000183,0.5184807181358337,0.017440905794501305,0.815349817276001,0.4468364119529724,0.02080596424639225,0.7922267913818359,0.3988479673862457,0.022152233868837357,0.7609230875968933,0.38703471422195435,0.02032928168773651,0.7946223616600037,0.39868295192718506,-0.01224556751549244,0.7808430194854736,0.2933335304260254,-0.015743136405944824,0.77503901720047,0.23331409692764282,-0.016745615750551224,0.7696889042854309,0.1864536851644516,-0.017777953296899796,0.7528542280197144,0.4049821197986603,-0.019847270101308823,0.7355835437774658,0.3442736864089966,-0.01679946295917034,0.7396822571754456,0.3765278160572052,-0.005527302157133818,0.7474031448364258,0.40782156586647034,0.0006490888190455735,0.7177977561950684,0.4250986576080322,-0.023660631850361824,0.7062917351722717,0.377137154340744,-0.013252086006104946,0.71287602186203,0.4031602144241333,0.004227327648550272,0.7196837067604065,0.4296550154685974,0.011414186097681522,0.6875078678131104,0.4513393044471741,-0.026245981454849243,0.6850930452346802,0.41342777013778687,-0.012761312536895275,0.6928870677947998,0.4380086064338684,0.00491637596860528,0.6977217197418213,0.4597461521625519,0.015674889087677002,one
0.768096387386322,0.5876342058181763,2.011927335843211e-08,0.8063361048698425,0.5192610621452332,0.01717752404510975,0.8155425786972046,0.4472658038139343,0.020703690126538277,0.7921392321586609,0.3999517560005188,0.022260557860136032,0.7607018351554871,0.38917261362075806,0.02070554532110691,0.7948218584060669,0.3991752564907074,-0.011515427380800247,0.7811722159385681,0.2944076657295227,-0.014630925841629505,0.7751138806343079,0.23447629809379578,-0.015414346009492874,0.769451379776001,0.1878288984298706,-0.016374707221984863,0.7529399394989014,0.40521278977394104,-0.018968917429447174,0.736264169216156,0.3444664478302002,-0.015996675938367844,0.7406360507011414,0.37668341398239136,-0.00510546937584877,0.7483746409416199,0.408233642578125,0.0008828349527902901,0.7179626822471619,0.42519086599349976,-0.02265121601521969,0.7067295908927917,0.3766489326953888,-0.012243833392858505,0.713531494140625,0.4024420380592346,0.004869482014328241,0.7203519344329834,0.42927032709121704,0.01186028029769659,0.6878693103790283,0.4513808488845825,-0.02513524889945984,0.6855928897857666,0.413819819688797,-0.01158607006072998,0.6936345100402832,0.43786001205444336,0.005840136203914881,0.6985368728637695,0.4596084952354431,0.016423702239990234,one
0.7856004238128662,0.6327085494995117,-1.5678136833230383e-07,0.7368476390838623,0.565997838973999,-0.01213046908378601,0.7143236994743347,0.4735035300254822,-0.02023681066930294,0.7429180145263672,0.39938005805015564,-0.033788543194532394,0.7876754403114319,0.3909650444984436,-0.047882504761219025,0.7436113357543945,0.3997356593608856,0.0034444299526512623,0.7389611601829529,0.2964004874229431,-0.014920229092240334,0.738644003868103,0.23713275790214539,-0.02731485851109028,0.7410957217216492,0.1846088469028473,-0.037182923406362534,0.7822200655937195,0.40973466634750366,-0.005203091539442539,0.7731167674064636,0.3552718758583069,-0.045701075345277786,0.7650486826896667,0.4166739881038666,-0.05811860412359238,0.7643149495124817,0.464995801448822,-0.05459954962134361,0.8187618851661682,0.4270312190055847,-0.016743609681725502,0.8110746741294861,0.379807710647583,-0.054499998688697815,0.7946927547454834,0.446090430021286,-0.04993732273578644,0.7904004454612732,0.49900752305984497,-0.033697523176670074,0.8531375527381897,0.4525113105773926,-0.02988654188811779,0.8456780910491943,0.3980616331100464,-0.04947713389992714,0.8269106149673462,0.43844860792160034,-0.04095674306154251,0.8197262287139893,0.48008424043655396,-0.027619734406471252,one
0.7937659025192261,0.6317028999328613,-2.2551948575255665e-07,0.7440491914749146,0.5713986754417419,-0.0118291936814785,0.7179917097091675,0.47712740302085876,-0.018841110169887543,0.7473689317703247,0.40201935172080994,-0.031159715726971626,0.7911816835403442,0.3944075405597687,-0.043815143406391144,0.7449855208396912,0.398520827293396,0.000867977854795754,0.7386118769645691,0.29335448145866394,-0.019489560276269913,0.7365161180496216,0.23311105370521545,-0.033626917749643326,0.7375080585479736,0.1792740523815155,-0.0449841134250164,0.784927487373352,0.408469021320343,-0.007912331260740757,0.7773928046226501,0.3586856424808502,-0.05034906417131424,0.7683176398277283,0.42943230271339417,-0.06209082528948784,0.7684726119041443,0.4787966310977936,-0.05822732299566269,0.8222655653953552,0.4248329699039459,-0.019617993384599686,0.8177598714828491,0.38018083572387695,-0.05686824768781662,0.799742579460144,0.44982171058654785,-0.04959595948457718,0.7960877418518066,0.5007603764533997,-0.03247203677892685,0.8570016622543335,0.44860395789146423,-0.033261217176914215,0.8540594577789307,0.3992915451526642,-0.052074190229177475,0.833936870098114,0.44217902421951294,-0.04238137602806091,0.8280919194221497,0.4809606671333313,-0.028761891648173332,one
0.7939457297325134,0.6321501731872559,-2.2248342190778203e-07,0.7440717816352844,0.5718774795532227,-0.01246172096580267,0.7179687023162842,0.4774561822414398,-0.01962038315832615,0.7468370199203491,0.4025501012802124,-0.032117810100317,0.7903892397880554,0.39470094442367554,-0.04489842802286148,0.7447916269302368,0.39821726083755493,0.001180693507194519,0.7377269268035889,0.29315638542175293,-0.01876159943640232,0.7351372838020325,0.23329377174377441,-0.032437339425086975,0.7360401153564453,0.1797155886888504,-0.04340650886297226,0.784625768661499,0.4079688787460327,-0.007359130308032036,0.7772165536880493,0.35919126868247986,-0.05016576126217842,0.7689463496208191,0.4297406077384949,-0.06231323257088661,0.769490659236908,0.4804278016090393,-0.05847875773906708,0.8219131231307983,0.42426571249961853,-0.01890302263200283,0.8170650005340576,0.38015440106391907,-0.05668812245130539,0.7995588183403015,0.4492001533508301,-0.05030045658349991,0.795685350894928,0.5009749531745911,-0.03348509967327118,0.8566825985908508,0.4479770064353943,-0.03239865601062775,0.8535876274108887,0.39835551381111145,-0.05170504376292229,0.833528995513916,0.4406595528125763,-0.04270870238542557,0.8269095420837402,0.4804190993309021,-0.029428988695144653,one
0.793644368648529,0.6325949430465698,-2.2939146049338888e-07,0.7440114617347717,0.5726764798164368,-0.012618988752365112,0.7177171111106873,0.47839489579200745,-0.019836075603961945,0.7463655471801758,0.40304651856422424,-0.03227050229907036,0.789828360080719,0.39561691880226135,-0.04493819177150726,0.7445284128189087,0.3980471193790436,0.0008819219656288624,0.7374534010887146,0.29307112097740173,-0.01916864886879921,0.7347947359085083,0.23305383324623108,-0.032948028296232224,0.7356531023979187,0.17955422401428223,-0.04395471140742302,0.7842984795570374,0.40811753273010254,-0.007515690755099058,0.777752161026001,0.3589687645435333,-0.05040265619754791,0.7693085670471191,0.4305962324142456,-0.06247895210981369,0.7699132561683655,0.4817904233932495,-0.05855441838502884,0.8214958310127258,0.42448660731315613,-0.01891651190817356,0.81752610206604,0.38003113865852356,-0.05664443597197533,0.7997657656669617,0.44950994849205017,-0.050151702016592026,0.7961065173149109,0.5009070038795471,-0.03329674154520035,0.8561662435531616,0.4481290280818939,-0.032267749309539795,0.8536130785942078,0.39815554022789,-0.05125409737229347,0.8334536552429199,0.4406946003437042,-0.04201977327466011,0.827220618724823,0.4802306294441223,-0.028636664152145386,one
0.7934442758560181,0.6319872140884399,-2.3507230650920974e-07,0.7438454627990723,0.5722664594650269,-0.012766110710799694,0.7174972295761108,0.4781530499458313,-0.02001441828906536,0.7458709478378296,0.4026219844818115,-0.03238014504313469,0.7888809442520142,0.39617863297462463,-0.04491763561964035,0.744307279586792,0.39807021617889404,0.0007096933550201356,0.7369608283042908,0.29287028312683105,-0.01937539502978325,0.7341033816337585,0.2326367199420929,-0.033422745764255524,0.7345637679100037,0.17911872267723083,-0.04470258206129074,0.784102737903595,0.40813833475112915,-0.00767090730369091,0.7777982354164124,0.35927993059158325,-0.05088004842400551,0.7695794105529785,0.4314236044883728,-0.06314312666654587,0.7699974179267883,0.4836394786834717,-0.059354107826948166,0.8212753534317017,0.4243566691875458,-0.019058924168348312,0.8171114921569824,0.3798031806945801,-0.056654591113328934,0.7996658682823181,0.4489746391773224,-0.05007893592119217,0.7960410118103027,0.5005525350570679,-0.03329391032457352,0.8561569452285767,0.44755256175994873,-0.032470379024744034,0.8532981276512146,0.39818862080574036,-0.05120917037129402,0.8332965970039368,0.4401842951774597,-0.041963499039411545,0.8271558880805969,0.47948500514030457,-0.028706993907690048,one
0.7930675148963928,0.6309051513671875,-2.2791418530232477e-07,0.7428786158561707,0.570665717124939,-0.01248090248554945,0.7166204452514648,0.4780566096305847,-0.019728319719433784,0.7448240518569946,0.40268245339393616,-0.03220556676387787,0.7875432968139648,0.393626868724823,-0.04493500292301178,0.7431647181510925,0.39810293912887573,0.001515412237495184,0.735072672367096,0.29298847913742065,-0.019226063042879105,0.7323042154312134,0.23235996067523956,-0.03381839022040367,0.7328183650970459,0.17884762585163116,-0.04530651867389679,0.7828258872032166,0.40763434767723083,-0.007072954438626766,0.777040421962738,0.3582969009876251,-0.051101140677928925,0.768847644329071,0.42887553572654724,-0.06410109251737595,0.7690924406051636,0.48096269369125366,-0.06057605892419815,0.8201023936271667,0.4229854643344879,-0.018723227083683014,0.8159724473953247,0.3800172805786133,-0.057054825127124786,0.7981374859809875,0.4492431581020355,-0.05086123198270798,0.7942329049110413,0.5007579922676086,-0.03406538441777229,0.8552559614181519,0.445841521024704,-0.03237520903348923,0.8509951829910278,0.40025120973587036,-0.0514901764690876,0.8306363821029663,0.44300222396850586,-0.04241021350026131,0.8246002793312073,0.48163819313049316,-0.02909613959491253,one
0.7928319573402405,0.6312293410301208,-2.4084323513307027e-07,0.742842435836792,0.5715688467025757,-0.012167012318968773,0.716553807258606,0.4773043692111969,-0.01881171576678753,0.745232105255127,0.4022364318370819,-0.030631164088845253,0.7879738211631775,0.3934885859489441,-0.042713455855846405,0.7436384558677673,0.3981572389602661,0.001362666836939752,0.7357059121131897,0.2931355834007263,-0.019013451412320137,0.7321515083312988,0.23284520208835602,-0.03342166170477867,0.7320480942726135,0.17913638055324554,-0.04490616172552109,0.7834205627441406,0.4081695079803467,-0.0071937586180865765,0.7772716879844666,0.3579685688018799,-0.05034337192773819,0.768275260925293,0.42961814999580383,-0.06286919862031937,0.768765389919281,0.4818156361579895,-0.05926110967993736,0.8204969167709351,0.4240587651729584,-0.018742816522717476,0.815943717956543,0.37910282611846924,-0.05643005669116974,0.7975898385047913,0.4488063156604767,-0.04986108839511871,0.7941932082176208,0.5002954602241516,-0.03303631395101547,0.8555477857589722,0.44700950384140015,-0.03224433586001396,0.8516196608543396,0.3981148600578308,-0.051184214651584625,0.8310055732727051,0.44107118248939514,-0.04182402789592743,0.8252533674240112,0.4805638790130615,-0.02840900421142578,one
0.7919859290122986,0.6304085850715637,-2.2180689995821012e-07,0.7423903942108154,0.5692616701126099,-0.012074440717697144,0.7162993550300598,0.47544223070144653,-0.01937565766274929,0.7450258135795593,0.400488018989563,-0.03206494078040123,0.7888208627700806,0.39352041482925415,-0.04515104740858078,0.7433362603187561,0.39744678139686584,0.0011722379131242633,0.7354024052619934,0.2918565273284912,-0.01913745142519474,0.7321493625640869,0.23136906325817108,-0.033256009221076965,0.7323544025421143,0.1776815950870514,-0.044544536620378494,0.7831708788871765,0.4077538847923279,-0.0076652877032756805,0.7762597799301147,0.3578456938266754,-0.05105746164917946,0.767609715461731,0.42870450019836426,-0.06347955018281937,0.7679622173309326,0.4801707863807678,-0.059700559824705124,0.8203759789466858,0.4240625500679016,-0.019469156861305237,0.8150612115859985,0.3790304362773895,-0.05758364871144295,0.7976362109184265,0.4479219615459442,-0.05130176991224289,0.7944045662879944,0.4995286166667938,-0.03445873782038689,0.8553339242935181,0.4473802447319031,-0.0331745371222496,0.8510286211967468,0.39736098051071167,-0.0524667426943779,0.8313944339752197,0.43935590982437134,-0.04337211698293686,0.8258896470069885,0.47871828079223633,-0.030029144138097763,one
0.7925289273262024,0.6288354396820068,-2.38814095609996e-07,0.7429611682891846,0.5686486959457397,-0.011795704253017902,0.7163769006729126,0.47680360078811646,-0.01904650218784809,0.7444868683815002,0.40169137716293335,-0.031599678099155426,0.7882108092308044,0.394010990858078,-0.04439597204327583,0.7435731887817383,0.3966044783592224,0.001200949540361762,0.7354208827018738,0.29082340002059937,-0.0191446952521801,0.7323120832443237,0.23029179871082306,-0.033556804060935974,0.7323449850082397,0.17721624672412872,-0.045056551694869995,0.7831771373748779,0.4070766866207123,-0.007589071523398161,0.7770465016365051,0.3587585985660553,-0.05067854002118111,0.7682182788848877,0.43162640929222107,-0.06281521916389465,0.7686598300933838,0.4833892583847046,-0.05911087617278099,0.8203240036964417,0.4232284426689148,-0.01932702586054802,0.8164295554161072,0.37816593050956726,-0.05656911060214043,0.7985657453536987,0.447527140378952,-0.04942751303315163,0.7953792214393616,0.4986305832862854,-0.032505955547094345,0.8549108505249023,0.4465549886226654,-0.03302773833274841,0.8520352840423584,0.3972652852535248,-0.05143432319164276,0.8318859338760376,0.43967556953430176,-0.041593682020902634,0.8266406059265137,0.47875943779945374,-0.027977587655186653,one
0.7929831743240356,0.6283829212188721,-2.465183399635862e-07,0.7431305646896362,0.5694193243980408,-0.011920610442757607,0.7163931727409363,0.477496474981308,-0.019155025482177734,0.7441502213478088,0.4021204710006714,-0.031546883285045624,0.7862119674682617,0.3936429023742676,-0.04421220347285271,0.7427192330360413,0.39679422974586487,0.0003773940843529999,0.7340091466903687,0.29098108410835266,-0.01997617445886135,0.7311639785766602,0.23037447035312653,-0.034519221633672714,0.7314791679382324,0.1770692616701126,-0.04609208181500435,0.7823368906974792,0.40670716762542725,-0.008275646716356277,0.7769702672958374,0.3579419255256653,-0.05156123638153076,0.7686364054679871,0.4312521517276764,-0.06381430476903915,0.7688069343566895,0.4846476912498474,-0.06012745946645737,0.8196435570716858,0.4222806990146637,-0.019794337451457977,0.8157778978347778,0.37756776809692383,-0.056801628321409225,0.7985119819641113,0.44705691933631897,-0.04956516623497009,0.7953227162361145,0.4990459084510803,-0.03265916183590889,0.85466468334198,0.44486379623413086,-0.033295970410108566,0.851607620716095,0.3956504166126251,-0.051480039954185486,0.8316885828971863,0.43811914324760437,-0.04153262823820114,0.8262481093406677,0.47771787643432617,-0.027915867045521736,one
0.7932419776916504,0.6292715072631836,-2.318760010666665e-07,0.7425546646118164,0.5705558061599731,-0.013498933054506779,0.7155247330665588,0.4771363437175751,-0.02091299556195736,0.7435714602470398,0.40155529975891113,-0.033334359526634216,0.7855822443962097,0.3925718069076538,-0.04596133530139923,0.7424222230911255,0.39629125595092773,0.0009979981696233153,0.7334874272346497,0.2916332185268402,-0.01937919668853283,0.7302737832069397,0.23124991357326508,-0.03373030573129654,0.7302585244178772,0.17775313556194305,-0.04510805010795593,0.7821260094642639,0.40543505549430847,-0.007254848722368479,0.7758316397666931,0.35607221722602844,-0.05145516246557236,0.7682963013648987,0.4283297061920166,-0.06424333155155182,0.7688126564025879,0.48233503103256226,-0.06036640331149101,0.819362461566925,0.42085886001586914,-0.018659943714737892,0.8144512176513672,0.3782902657985687,-0.05673854053020477,0.7979708313941956,0.4475095272064209,-0.050355687737464905,0.7946361899375916,0.4995291531085968,-0.033484358340501785,0.8548792600631714,0.4432002902030945,-0.03220529481768608,0.8501569628715515,0.3980429172515869,-0.05070729926228523,0.8305900692939758,0.44011297821998596,-0.04136155918240547,0.8249801397323608,0.4784955680370331,-0.02801915630698204,one
0.7967686653137207,0.6338410377502441,-2.2816925593360793e-07,0.745582103729248,0.5758557915687561,-0.014346941374242306,0.7174975275993347,0.4862995445728302,-0.022967183962464333,0.7430253624916077,0.4097185730934143,-0.03648020327091217,0.7860327363014221,0.3957270383834839,-0.049948230385780334,0.7439109683036804,0.40097981691360474,-0.0013107737759128213,0.7337914109230042,0.29382118582725525,-0.023438118398189545,0.7306951880455017,0.23249125480651855,-0.03877832740545273,0.730583906173706,0.17850857973098755,-0.05045592039823532,0.7837238311767578,0.40981945395469666,-0.00918058305978775,0.7774850130081177,0.36296898126602173,-0.05480493977665901,0.771247923374176,0.43449944257736206,-0.06833053380250931,0.7718233466148376,0.487010657787323,-0.06498229503631592,0.8212202191352844,0.424558162689209,-0.020212633535265923,0.8166711926460266,0.38408923149108887,-0.059389423578977585,0.8009297251701355,0.4531356990337372,-0.05328124016523361,0.7968264222145081,0.5044447779655457,-0.03649007901549339,0.8567325472831726,0.4465869963169098,-0.033394597470760345,0.8528046607971191,0.40266841650009155,-0.05253063514828682,0.833513617515564,0.4451878070831299,-0.04325385391712189,0.8267317414283752,0.48334193229675293,-0.0297347754240036,one
0.7956224083900452,0.6350635886192322,-2.2320452330859553e-07,0.7446902990341187,0.5761331915855408,-0.013789793476462364,0.7161823511123657,0.4889644980430603,-0.022388501092791557,0.7420673370361328,0.4122036397457123,-0.03579438477754593,0.7855728268623352,0.395378053188324,-0.04907906427979469,0.7408000826835632,0.4020688533782959,-0.0016852838452905416,0.730475127696991,0.2950451076030731,-0.023950498551130295,0.7278164625167847,0.23410029709339142,-0.03918380290269852,0.7281771302223206,0.17988881468772888,-0.05074605345726013,0.7810577154159546,0.4104667007923126,-0.009538372047245502,0.7743988037109375,0.3611661195755005,-0.05428874120116234,0.768892228603363,0.4314610958099365,-0.06740550696849823,0.7698089480400085,0.4820808470249176,-0.06407762318849564,0.819697380065918,0.4246496856212616,-0.02045690082013607,0.815597653388977,0.3839053511619568,-0.05979808419942856,0.8000332713127136,0.4550562798976898,-0.05342970788478851,0.7957679033279419,0.5070544481277466,-0.03627227991819382,0.8557493686676025,0.4470287263393402,-0.03340637683868408,0.8524705171585083,0.40210866928100586,-0.05327722802758217,0.8332628607749939,0.4459383189678192,-0.04403851181268692,0.8260306119918823,0.4844660758972168,-0.030323820188641548,one
0.7965543270111084,0.6368849277496338,-2.3173389251951448e-07,0.7461591362953186,0.5794140696525574,-0.01521622110158205,0.7174406051635742,0.4908447861671448,-0.024170463904738426,0.7420876622200012,0.41312703490257263,-0.037663716822862625,0.7851134538650513,0.3979661464691162,-0.05088718235492706,0.7418909072875977,0.40297067165374756,-0.0028100700583308935,0.7311220169067383,0.29526615142822266,-0.025062739849090576,0.727676272392273,0.23388738930225372,-0.0403599888086319,0.7271509766578674,0.179377481341362,-0.05208908021450043,0.782321572303772,0.41119101643562317,-0.009985982440412045,0.7762898802757263,0.3651173412799835,-0.055206529796123505,0.7702943086624146,0.43613511323928833,-0.068431556224823,0.77042156457901,0.4878515899181366,-0.06515558063983917,0.820461630821228,0.4257826805114746,-0.02034688927233219,0.8157082796096802,0.3870869576931,-0.05934734642505646,0.8002464175224304,0.45587387681007385,-0.05343291908502579,0.7959502339363098,0.5069103837013245,-0.03689825162291527,0.8563692569732666,0.44795772433280945,-0.03291873261332512,0.8530224561691284,0.40529298782348633,-0.05231431499123573,0.8336008787155151,0.4471820592880249,-0.04369434341788292,0.8262919187545776,0.48477864265441895,-0.030658654868602753,one
0.7968453168869019,0.6364041566848755,-2.3249064895480842e-07,0.7466139197349548,0.5798031091690063,-0.014740806072950363,0.7179703116416931,0.49136704206466675,-0.023572780191898346,0.7425326108932495,0.4135502278804779,-0.036984991282224655,0.7857381701469421,0.39636483788490295,-0.05020860210061073,0.7421912550926208,0.40285035967826843,-0.0027227068785578012,0.7313796877861023,0.2957038879394531,-0.02520972304046154,0.7282654047012329,0.2346329391002655,-0.04055042937397957,0.7283870577812195,0.1802891492843628,-0.05222419649362564,0.7825208902359009,0.41102609038352966,-0.01016296073794365,0.775926947593689,0.3630678057670593,-0.05516120418906212,0.7698524594306946,0.43384695053100586,-0.06815528869628906,0.7702971696853638,0.48424869775772095,-0.06475790590047836,0.8209003806114197,0.42532268166542053,-0.02074088342487812,0.8160133957862854,0.38524147868156433,-0.060215942561626434,0.8002467751502991,0.4561047852039337,-0.05374599248170853,0.7962374687194824,0.5071538090705872,-0.03663104027509689,0.8570427894592285,0.44750750064849854,-0.03342611342668533,0.8532922267913818,0.4031434655189514,-0.05343310534954071,0.8338969945907593,0.44695988297462463,-0.04432089254260063,0.8270175457000732,0.48502278327941895,-0.03074910305440426,one
0.797871470451355,0.6366105675697327,-2.4285753852382186e-07,0.7472327947616577,0.5782128572463989,-0.01362649630755186,0.7189539074897766,0.49018824100494385,-0.022037900984287262,0.7444806694984436,0.41326865553855896,-0.035114794969558716,0.7875903248786926,0.3970458507537842,-0.04804809391498566,0.7435938715934753,0.4044284522533417,-0.003083724295720458,0.7328296303749084,0.29665011167526245,-0.026000723242759705,0.7290007472038269,0.2353229522705078,-0.04208924621343613,0.7280551195144653,0.1805526316165924,-0.054383184760808945,0.7836406230926514,0.4132550060749054,-0.010857384651899338,0.7781837582588196,0.36467069387435913,-0.055892035365104675,0.7717246413230896,0.43610209226608276,-0.0692758783698082,0.7716681361198425,0.4874334931373596,-0.06644678115844727,0.8218116164207458,0.4275914430618286,-0.021571975201368332,0.8179457783699036,0.3861454725265503,-0.06057000160217285,0.8014501929283142,0.4566875994205475,-0.05418240651488304,0.7969565391540527,0.5083948373794556,-0.037461359053850174,0.8574386835098267,0.44955968856811523,-0.034308284521102905,0.8548793196678162,0.4038792550563812,-0.05414685606956482,0.8349317908287048,0.4476664662361145,-0.04503459483385086,0.8274682760238647,0.48674672842025757,-0.03161002695560455,one
0.7983937859535217,0.6379131078720093,-2.502250424640806e-07,0.7477706670761108,0.5798569917678833,-0.013809536583721638,0.7185584902763367,0.49245986342430115,-0.02215663157403469,0.743363082408905,0.41527485847473145,-0.0351705402135849,0.7863474488258362,0.39990735054016113,-0.04791741073131561,0.7436678409576416,0.4046722650527954,-0.002038000151515007,0.7326532006263733,0.29765748977661133,-0.024782618507742882,0.7285944223403931,0.23647284507751465,-0.04103315994143486,0.7270799875259399,0.18257811665534973,-0.05349603667855263,0.7839365601539612,0.41302797198295593,-0.00966771598905325,0.7770371437072754,0.3672369718551636,-0.05448596552014351,0.7708520293235779,0.44038209319114685,-0.06746429949998856,0.7713596224784851,0.49278369545936584,-0.06430792063474655,0.8220348358154297,0.4274173080921173,-0.020428728312253952,0.8175001740455627,0.387212336063385,-0.05837176367640495,0.8016855716705322,0.45670047402381897,-0.05134563520550728,0.797804594039917,0.508322536945343,-0.0344989113509655,0.8575014472007751,0.4496557414531708,-0.033422332257032394,0.8545727729797363,0.4060445725917816,-0.05221066251397133,0.8347025513648987,0.44839540123939514,-0.0428989976644516,0.8278014063835144,0.4862465262413025,-0.029508089646697044,one
0.7978179454803467,0.6356273293495178,-2.2063231597257982e-07,0.7464148998260498,0.5770995020866394,-0.015369688160717487,0.7185436487197876,0.48879820108413696,-0.02511158026754856,0.7429646849632263,0.41277313232421875,-0.03971293196082115,0.7855359315872192,0.39860275387763977,-0.05422511324286461,0.7425002455711365,0.40256720781326294,-0.0015778455417603254,0.7318814992904663,0.29628419876098633,-0.02457295171916485,0.7285228967666626,0.23551833629608154,-0.04023698717355728,0.7287007570266724,0.18130725622177124,-0.052022989839315414,0.7831030488014221,0.4105569124221802,-0.00940215215086937,0.7754700183868408,0.3632591664791107,-0.05550917610526085,0.769643247127533,0.43606314063072205,-0.06888673454523087,0.7711921334266663,0.48826736211776733,-0.06530217081308365,0.8214303851127625,0.42529699206352234,-0.02065320871770382,0.8158696293830872,0.3839249610900879,-0.0606851764023304,0.8004231452941895,0.4538377523422241,-0.054438818246126175,0.7970512509346008,0.5045619010925293,-0.03723543509840965,0.857520341873169,0.4479318857192993,-0.034107714891433716,0.8529642820358276,0.40223848819732666,-0.053526733070611954,0.8336912989616394,0.4451277256011963,-0.044086918234825134,0.8271617293357849,0.4830670952796936,-0.03037761151790619,one
0.7978756427764893,0.6345304846763611,-2.3338122900895542e-07,0.7458613514900208,0.5758350491523743,-0.015148404985666275,0.7181797027587891,0.48534756898880005,-0.023945260792970657,0.7430632710456848,0.4085543155670166,-0.03762898966670036,0.7848873138427734,0.39707544445991516,-0.05126357078552246,0.7429103255271912,0.40137359499931335,-1.6633948689559475e-05,0.7325412631034851,0.2960030138492584,-0.022107116878032684,0.7281267046928406,0.23552487790584564,-0.037513021379709244,0.726912796497345,0.18170948326587677,-0.049177106469869614,0.7830853462219238,0.40984758734703064,-0.007745831273496151,0.7776515483856201,0.3631146550178528,-0.05369829759001732,0.7716265916824341,0.43616580963134766,-0.06761858612298965,0.7720233798027039,0.4906295835971832,-0.06416205316781998,0.8208872675895691,0.42448773980140686,-0.01884356513619423,0.8166049122810364,0.3831690549850464,-0.058548711240291595,0.8016861081123352,0.45247015357017517,-0.05330581218004227,0.798233687877655,0.5046359896659851,-0.03672317415475845,0.8568664193153381,0.4459824860095978,-0.03211285173892975,0.8528685569763184,0.40096014738082886,-0.05137050524353981,0.8343380689620972,0.44362983107566833,-0.042412593960762024,0.8282396197319031,0.4828149974346161,-0.02899806760251522,one
0.7991632223129272,0.633692741394043,-2.1018583140630653e-07,0.7478343844413757,0.5733556747436523,-0.013179748319089413,0.7197703123092651,0.484783798456192,-0.02179439552128315,0.7461806535720825,0.4098382890224457,-0.03557753562927246,0.7883674502372742,0.3945573568344116,-0.04947281628847122,0.7426265478134155,0.4011557698249817,-0.0007930247811600566,0.7324079871177673,0.29502302408218384,-0.0239018015563488,0.7295472621917725,0.2342054843902588,-0.03986397758126259,0.7297773957252502,0.1797684133052826,-0.05185318738222122,0.7830976843833923,0.40955159068107605,-0.009323717094957829,0.7761419415473938,0.3588488698005676,-0.054930735379457474,0.7707611918449402,0.43021610379219055,-0.06834983080625534,0.7721068859100342,0.4807630479335785,-0.0648985356092453,0.8220056891441345,0.42371824383735657,-0.02099161222577095,0.8181830644607544,0.3805122375488281,-0.06093974411487579,0.8026976585388184,0.45328640937805176,-0.05411139875650406,0.799024224281311,0.5054704546928406,-0.03630494698882103,0.8582234978675842,0.44620367884635925,-0.03466689959168434,0.8548803329467773,0.3995247781276703,-0.05463038384914398,0.8358020782470703,0.4446105360984802,-0.044790491461753845,0.8292624950408936,0.48303869366645813,-0.03051924519240856,one
0.7988857626914978,0.679828941822052,4.2563456759125984e-07,0.7580211758613586,0.639754056930542,-0.013904808089137077,0.7334733009338379,0.5817994475364685,-0.02278469130396843,0.7550268173217773,0.5333559513092041,-0.034721385687589645,0.7897418737411499,0.5181666016578674,-0.04578717052936554,0.7467167377471924,0.4960371255874634,-0.007060670759528875,0.7251607179641724,0.42724284529685974,-0.02117609605193138,0.7114123702049255,0.3859705328941345,-0.03169209882616997,0.700687050819397,0.34984639286994934,-0.039112016558647156,0.7788574695587158,0.4907877743244171,-0.013523305766284466,0.7776031494140625,0.4069506824016571,-0.029259035363793373,0.7736149430274963,0.352883905172348,-0.041418951004743576,0.7728592157363892,0.3080883026123047,-0.048298370093107224,0.8086652755737305,0.5069482326507568,-0.02246449887752533,0.8096232414245605,0.4657195508480072,-0.044634658843278885,0.7962015867233276,0.506340503692627,-0.04872065782546997,0.7899623513221741,0.543714702129364,-0.044252123683691025,0.8349449634552002,0.5354219079017639,-0.03295019641518593,0.835111141204834,0.49472033977508545,-0.0461159385740757,0.8207481503486633,0.518197238445282,-0.04250658303499222,0.8122406005859375,0.5476568937301636,-0.03620082139968872,two
0.7990219593048096,0.6796343326568604,4.2856498794208164e-07,0.7584102153778076,0.6405690908432007,-0.014179054647684097,0.7338457703590393,0.5811987519264221,-0.02315697632730007,0.7561187744140625,0.5317593812942505,-0.03507576510310173,0.7914419770240784,0.5202137231826782,-0.04609823599457741,0.7468860745429993,0.4949129521846771,-0.008074353449046612,0.7255131602287292,0.42588505148887634,-0.022140929475426674,0.7121103405952454,0.38417738676071167,-0.03235182538628578,0.7017145156860352,0.3479901850223541,-0.03966625779867172,0.7794636487960815,0.4898229241371155,-0.014437302015721798,0.778343141078949,0.40594151616096497,-0.030383937060832977,0.7745758295059204,0.35221609473228455,-0.04203914850950241,0.774028480052948,0.3078712224960327,-0.04850464314222336,0.8095849752426147,0.5065039396286011,-0.023258918896317482,0.8105902671813965,0.4658888280391693,-0.04557188227772713,0.7966519594192505,0.5063912272453308,-0.049261171370744705,0.7902040481567383,0.5434790849685669,-0.044433120638132095,0.8359445333480835,0.5355193018913269,-0.03365803882479668,0.8365034461021423,0.4946500062942505,-0.04680218547582626,0.8216091990470886,0.5172446966171265,-0.0432051382958889,0.8128318786621094,0.5460978746414185,-0.036921244114637375,two
0.7989907264709473,0.6801578998565674,4.2914660980386543e-07,0.7584748864173889,0.6405124068260193,-0.014062642119824886,0.7339522838592529,0.5818874835968018,-0.023122472688555717,0.7558923363685608,0.5324550867080688,-0.03518836200237274,0.7909772396087646,0.5204258561134338,-0.04636829346418381,0.7469266057014465,0.49527686834335327,-0.00784078799188137,0.7252860069274902,0.4259891211986542,-0.02199740707874298,0.7116488218307495,0.38423389196395874,-0.03233707696199417,0.700951099395752,0.3479055166244507,-0.03972775861620903,0.7794235944747925,0.4902624189853668,-0.014363078400492668,0.7784733176231384,0.40603676438331604,-0.03040558099746704,0.7745218873023987,0.3522106409072876,-0.04229211062192917,0.7737686634063721,0.3076779842376709,-0.048935290426015854,0.809465765953064,0.5069467425346375,-0.02332775667309761,0.8106293678283691,0.46607065200805664,-0.0457468256354332,0.7964855432510376,0.5068750381469727,-0.04944790154695511,0.7900272011756897,0.5441179871559143,-0.04461556300520897,0.8356494307518005,0.5360252857208252,-0.03386193886399269,0.8360413312911987,0.49529415369033813,-0.04703737422823906,0.8211880922317505,0.518377423286438,-0.04331867769360542,0.8126474022865295,0.5474777221679688,-0.03693259879946709,two
0.7984577417373657,0.6795628666877747,4.246773812610627e-07,0.7578685283660889,0.6396180391311646,-0.013770483434200287,0.7334191799163818,0.5811630487442017,-0.022597849369049072,0.7555451989173889,0.5333563089370728,-0.03445502370595932,0.7899852395057678,0.5211399793624878,-0.04553069919347763,0.7463772892951965,0.49498507380485535,-0.007848012261092663,0.7248425483703613,0.4259506165981293,-0.0221451073884964,0.7113350629806519,0.384181410074234,-0.03259574621915817,0.7009502053260803,0.3478458523750305,-0.039966482669115067,0.778785765171051,0.48997625708580017,-0.014460500329732895,0.7776768207550049,0.4062928855419159,-0.0304822139441967,0.7737874388694763,0.3525821566581726,-0.04236254096031189,0.7732263803482056,0.30802711844444275,-0.04896441102027893,0.8088805675506592,0.5063678026199341,-0.02347511611878872,0.8097670078277588,0.4656762182712555,-0.04570162668824196,0.7960296273231506,0.5069120526313782,-0.04917563125491142,0.7897946834564209,0.5440151691436768,-0.044270142912864685,0.8353642225265503,0.5352588295936584,-0.034034453332424164,0.8351098895072937,0.4949294626712799,-0.04693189263343811,0.8203263282775879,0.5193076133728027,-0.04273374751210213,0.8119206428527832,0.548861026763916,-0.03604425862431526,two
0.7978195548057556,0.6792240142822266,4.30845659593615e-07,0.7574434876441956,0.638994038105011,-0.013636646792292595,0.7333195209503174,0.5813956260681152,-0.022715939208865166,0.7549144625663757,0.5329336524009705,-0.03497163951396942,0.7890745997428894,0.5198541879653931,-0.04636133834719658,0.7456540465354919,0.4949256181716919,-0.007339451927691698,0.7239798903465271,0.42613762617111206,-0.021916259080171585,0.7104203701019287,0.38458144664764404,-0.03243499621748924,0.6997904181480408,0.3485747277736664,-0.03973397985100746,0.7779539823532104,0.4899986982345581,-0.014214133843779564,0.7770127654075623,0.4057542681694031,-0.030764486640691757,0.7730507254600525,0.3520425260066986,-0.0428348109126091,0.7724390625953674,0.30768096446990967,-0.049321845173835754,0.808026909828186,0.5065955519676208,-0.023509083315730095,0.8090518116950989,0.4659240245819092,-0.04615039750933647,0.7957120537757874,0.5076874494552612,-0.04917657747864723,0.7901020646095276,0.5447249412536621,-0.04365638270974159,0.8344492316246033,0.5356969237327576,-0.034347858279943466,0.8345212340354919,0.4949554204940796,-0.04706704989075661,0.8200982213020325,0.5188891291618347,-0.04229207709431648,0.8121549487113953,0.5477486252784729,-0.035039182752370834,two
0.7974212765693665,0.6795578002929688,4.2947812062266166e-07,0.7571567296981812,0.6400271058082581,-0.013863666914403439,0.7335553765296936,0.5830324292182922,-0.023005971685051918,0.7547147274017334,0.5338489413261414,-0.03526115044951439,0.7881631255149841,0.5202125310897827,-0.046582818031311035,0.7452558875083923,0.49496057629585266,-0.007400902919471264,0.7237064838409424,0.4263950288295746,-0.02200123853981495,0.710182249546051,0.38467416167259216,-0.03262447193264961,0.6996092200279236,0.3485557436943054,-0.04006108269095421,0.7777466773986816,0.4899061918258667,-0.014243525452911854,0.7769680023193359,0.40585851669311523,-0.031018013134598732,0.7729212641716003,0.3518809974193573,-0.04345175623893738,0.7721320390701294,0.30743786692619324,-0.05025281012058258,0.8078590631484985,0.5064941644668579,-0.023515824228525162,0.8092027306556702,0.4662511944770813,-0.04624620079994202,0.7955314517021179,0.5076055526733398,-0.049584537744522095,0.789433479309082,0.5442485213279724,-0.04436533898115158,0.8343166708946228,0.5355538725852966,-0.034355852752923965,0.8345322608947754,0.49521946907043457,-0.047174036502838135,0.820036768913269,0.5190641283988953,-0.04270149767398834,0.8118899464607239,0.5477375388145447,-0.035730693489313126,two
0.7973617911338806,0.679797887802124,4.243922546720569e-07,0.7571321725845337,0.6412472724914551,-0.013896445743739605,0.7332647442817688,0.5838817358016968,-0.023089926689863205,0.7539079189300537,0.5350062847137451,-0.0354139469563961,0.7869967818260193,0.5209514498710632,-0.0469139963388443,0.7450402975082397,0.4950594902038574,-0.007611282169818878,0.72369384765625,0.42663562297821045,-0.0222282987087965,0.7102447748184204,0.38495150208473206,-0.032845258712768555,0.6998670101165771,0.3487038016319275,-0.04023198038339615,0.7773852944374084,0.49003809690475464,-0.014445425942540169,0.776556134223938,0.40610724687576294,-0.031000671908259392,0.7727202773094177,0.3522796034812927,-0.04319695755839348,0.7720957398414612,0.3075904846191406,-0.04983821138739586,0.8075574040412903,0.5065169930458069,-0.023697109892964363,0.8088188767433167,0.46581152081489563,-0.04647225886583328,0.7954562306404114,0.5073647499084473,-0.04981299117207527,0.7895459532737732,0.5443016290664673,-0.044606875628232956,0.8340682983398438,0.5353536009788513,-0.03449227288365364,0.8343836665153503,0.4949747920036316,-0.0475279800593853,0.8199160099029541,0.5191391706466675,-0.043082594871520996,0.8118173480033875,0.5480663776397705,-0.03610173612833023,two
0.7972893714904785,0.6796179413795471,4.2529850929895474e-07,0.7571489810943604,0.6410118341445923,-0.01396169327199459,0.7328209280967712,0.5837327241897583,-0.023251641541719437,0.7536190748214722,0.5350646376609802,-0.03563217446208,0.7872522473335266,0.5204119086265564,-0.047165654599666595,0.7449667453765869,0.495018869638443,-0.007838948629796505,0.7234665751457214,0.42656660079956055,-0.02245229482650757,0.7099841833114624,0.38490283489227295,-0.03303597494959831,0.6994977593421936,0.34880974888801575,-0.04037715122103691,0.7773531079292297,0.49011069536209106,-0.014608354307711124,0.7765539884567261,0.4060714542865753,-0.03101968951523304,0.7725103497505188,0.3522043526172638,-0.0430762805044651,0.7715630531311035,0.30775177478790283,-0.04963287338614464,0.8074325919151306,0.5067348480224609,-0.023810500279068947,0.8086759448051453,0.4658043384552002,-0.04652363806962967,0.7953285574913025,0.5070518255233765,-0.04988944157958031,0.7892991304397583,0.5440735816955566,-0.04469823092222214,0.8337205052375793,0.5356780290603638,-0.034546006470918655,0.8341962695121765,0.49513599276542664,-0.0476427897810936,0.8197740316390991,0.5190461874008179,-0.043270841240882874,0.8114913105964661,0.5481464266777039,-0.036312468349933624,two
0.7973375916481018,0.679710865020752,4.2644373365874344e-07,0.7571843266487122,0.641683042049408,-0.014215867035090923,0.7332916259765625,0.584425687789917,-0.02366115339100361,0.754167914390564,0.5348013639450073,-0.03610154986381531,0.7875887155532837,0.5203803777694702,-0.04764582961797714,0.7447025179862976,0.49525710940361023,-0.008180965669453144,0.7234122157096863,0.42673254013061523,-0.02285139635205269,0.7098678350448608,0.38510793447494507,-0.033513858914375305,0.699221670627594,0.3489571809768677,-0.040971800684928894,0.7770708203315735,0.49024727940559387,-0.014917604625225067,0.7761381268501282,0.40622153878211975,-0.03147800639271736,0.7721605896949768,0.3521580398082733,-0.04366588220000267,0.7713491916656494,0.3074703812599182,-0.05036303028464317,0.8072251677513123,0.5068110823631287,-0.024077583104372025,0.8086239695549011,0.46598607301712036,-0.046794015914201736,0.7950411438941956,0.5071555376052856,-0.05005817860364914,0.788886547088623,0.5438540577888489,-0.044865068048238754,0.8335877060890198,0.5356829762458801,-0.03481011092662811,0.8338895440101624,0.49519312381744385,-0.04792658984661102,0.8195244669914246,0.5191835165023804,-0.04351448267698288,0.8114405870437622,0.5481046438217163,-0.03656406328082085,two
0.7974549531936646,0.6794868111610413,4.271159070867725e-07,0.7572999000549316,0.641040027141571,-0.014048980548977852,0.7334862351417542,0.5840715765953064,-0.023468051105737686,0.7543672323226929,0.534714937210083,-0.035884466022253036,0.7878341674804688,0.5200330018997192,-0.04737521708011627,0.7448633313179016,0.4952067732810974,-0.008140474557876587,0.7233019471168518,0.42643439769744873,-0.022678079083561897,0.7096746563911438,0.3847304582595825,-0.03325050696730614,0.6989786028862,0.34847259521484375,-0.040623217821121216,0.7772634029388428,0.4903135299682617,-0.014879642985761166,0.7760368585586548,0.4059717655181885,-0.03120758943259716,0.7719530463218689,0.35196608304977417,-0.04328087717294693,0.7711159586906433,0.30749595165252686,-0.04994968697428703,0.8074699640274048,0.506968080997467,-0.024012966081500053,0.808837354183197,0.4662416875362396,-0.046442341059446335,0.7951985597610474,0.5071778893470764,-0.049758922308683395,0.7890433073043823,0.5440582633018494,-0.04465724155306816,0.8339210152626038,0.5357791185379028,-0.034700386226177216,0.834210991859436,0.49513089656829834,-0.04751145467162132,0.8197551369667053,0.5188706517219543,-0.043060071766376495,0.8115165829658508,0.5479604005813599,-0.036140769720077515,two
0.7976037263870239,0.6803233027458191,4.2598205141075596e-07,0.7575649619102478,0.6414786577224731,-0.013945309445261955,0.7337481379508972,0.5841802358627319,-0.02333783358335495,0.7548179626464844,0.5344588160514832,-0.03578164801001549,0.788413405418396,0.5209512710571289,-0.04732184112071991,0.7449831366539001,0.49566954374313354,-0.008200224488973618,0.7235965728759766,0.42665839195251465,-0.02299501746892929,0.7098727226257324,0.38499003648757935,-0.033825624734163284,0.6989194750785828,0.3487856388092041,-0.041428342461586,0.7773862481117249,0.49073436856269836,-0.015056406147778034,0.7764606475830078,0.4061858654022217,-0.031664974987506866,0.7723907232284546,0.3522248864173889,-0.043978139758110046,0.771580696105957,0.3075138330459595,-0.0508514903485775,0.8075604438781738,0.5074045062065125,-0.02429010532796383,0.8095610737800598,0.46621888875961304,-0.04684172198176384,0.7956929206848145,0.5073249936103821,-0.050089672207832336,0.7893856763839722,0.5442492365837097,-0.04494394734501839,0.8340007066726685,0.536496102809906,-0.035099275410175323,0.834923505783081,0.4953210651874542,-0.04800492525100708,0.820349931716919,0.5186871290206909,-0.043587904423475266,0.8119040727615356,0.547706663608551,-0.03669428452849388,two
0.7981405258178711,0.6804797649383545,4.3091827706120966e-07,0.7576170563697815,0.6413087248802185,-0.013800270855426788,0.7332782745361328,0.5842204093933105,-0.022923827171325684,0.7543366551399231,0.5347307920455933,-0.035122208297252655,0.7882975935935974,0.5220502018928528,-0.046394869685173035,0.7451988458633423,0.4955178499221802,-0.007538194768130779,0.7237131595611572,0.4265347719192505,-0.02211068384349346,0.7101653814315796,0.3849254548549652,-0.032800450921058655,0.699442446231842,0.34871527552604675,-0.0402950793504715,0.777760922908783,0.49060893058776855,-0.014370444230735302,0.7770547866821289,0.4062269926071167,-0.031035639345645905,0.7727802395820618,0.3521880507469177,-0.04342791810631752,0.771772563457489,0.3073432445526123,-0.05024921894073486,0.8079895377159119,0.5072524547576904,-0.023582816123962402,0.8094210028648376,0.46693482995033264,-0.04609368368983269,0.7956386804580688,0.5086405873298645,-0.049160510301589966,0.7895538806915283,0.5452502369880676,-0.043769195675849915,0.8345662355422974,0.5363607406616211,-0.03437010943889618,0.8349005579948425,0.49528974294662476,-0.04691747948527336,0.8206034898757935,0.5195632576942444,-0.042095787823200226,0.8126574754714966,0.5487541556358337,-0.03487997129559517,two
0.7981052994728088,0.6806143522262573,4.3356553192097635e-07,0.7575921416282654,0.6412292122840881,-0.014120307750999928,0.7335745096206665,0.5844060778617859,-0.023458637297153473,0.755170464515686,0.5357654094696045,-0.035810671746730804,0.7889245748519897,0.5226893424987793,-0.047209419310092926,0.7451962828636169,0.4951409101486206,-0.007960082963109016,0.7236331701278687,0.42632317543029785,-0.022612152621150017,0.7101070880889893,0.3846319317817688,-0.03342927247285843,0.6994107365608215,0.34830260276794434,-0.041077155619859695,0.77785724401474,0.49023765325546265,-0.014713088981807232,0.777285099029541,0.4064250588417053,-0.031223034486174583,0.7731046080589294,0.35258710384368896,-0.04368823394179344,0.772057831287384,0.3078024983406067,-0.05072232708334923,0.8081009387969971,0.5070741176605225,-0.02388847805559635,0.809826135635376,0.4671062231063843,-0.046295925974845886,0.7958154678344727,0.5087106823921204,-0.04968034103512764,0.7893603444099426,0.5453485250473022,-0.04466009512543678,0.8345304131507874,0.5364266633987427,-0.03467607498168945,0.8352009654045105,0.49639570713043213,-0.04744316264986992,0.8206396102905273,0.520081102848053,-0.04309340566396713,0.8121324181556702,0.5488185882568359,-0.036270301789045334,two
0.7983958721160889,0.6811384558677673,4.372783450889983e-07,0.7578992247581482,0.6423729062080383,-0.01417447254061699,0.7334790229797363,0.5844247937202454,-0.023480117321014404,0.7551231384277344,0.5348679423332214,-0.035748522728681564,0.7895630598068237,0.5240305662155151,-0.047134093940258026,0.7453855276107788,0.4958103895187378,-0.008327445015311241,0.7239575386047363,0.42667102813720703,-0.022955024614930153,0.7103633880615234,0.38475868105888367,-0.033634621649980545,0.6995622515678406,0.34846025705337524,-0.0412149652838707,0.7779687643051147,0.49067530035972595,-0.015037741512060165,0.7773028016090393,0.40622761845588684,-0.03167686238884926,0.7732669115066528,0.3520779013633728,-0.0439813993871212,0.772415041923523,0.3073243498802185,-0.0508064329624176,0.8082616329193115,0.5074335336685181,-0.024135904386639595,0.810093343257904,0.467804491519928,-0.046653542667627335,0.7962448000907898,0.5088155269622803,-0.049995649605989456,0.7900978922843933,0.5451712012290955,-0.04487219080328941,0.834610641002655,0.5366995334625244,-0.03483523428440094,0.8350516557693481,0.49696382880210876,-0.047632504254579544,0.8206399083137512,0.5207687020301819,-0.04324823617935181,0.8126938343048096,0.5495283603668213,-0.036386892199516296,two
0.7984007000923157,0.6809567213058472,4.377492643925507e-07,0.7579967975616455,0.6416053175926208,-0.014042684808373451,0.7340714335441589,0.5840559601783752,-0.023302961140871048,0.7558885812759399,0.5349248647689819,-0.03554056957364082,0.7895880937576294,0.5229702591896057,-0.04684411361813545,0.7454659342765808,0.49562689661979675,-0.008078455924987793,0.7239825129508972,0.42613035440444946,-0.022683046758174896,0.7104583382606506,0.3841875493526459,-0.03338661789894104,0.6996336579322815,0.347808837890625,-0.04094263166189194,0.7780708074569702,0.4904267191886902,-0.014780077151954174,0.7775378823280334,0.40620139241218567,-0.03121589682996273,0.7734810709953308,0.35200512409210205,-0.043516501784324646,0.7724656462669373,0.3072584867477417,-0.05039147660136223,0.80827397108078,0.5070948004722595,-0.023876922205090523,0.8098371028900146,0.4675232470035553,-0.046149320900440216,0.7961227893829346,0.5088781118392944,-0.04943333566188812,0.7900341153144836,0.5453426837921143,-0.04433909431099892,0.8346086740493774,0.5361048579216003,-0.03457370772957802,0.8348388075828552,0.49687185883522034,-0.047185324132442474,0.8205903768539429,0.5206506252288818,-0.042732346802949905,0.812760591506958,0.5491059422492981,-0.035848505795001984,two
0.7984702587127686,0.6807676553726196,4.3801452420666465e-07,0.7581244707107544,0.6416791081428528,-0.01414098683744669,0.7336724996566772,0.5838015675544739,-0.02329564094543457,0.755338728427887,0.5343417525291443,-0.03539324924349785,0.7893507480621338,0.5225334167480469,-0.04654278978705406,0.7454507946968079,0.49537962675094604,-0.007930460385978222,0.7240579128265381,0.4259386658668518,-0.0224700216203928,0.7106427550315857,0.384053498506546,-0.033029839396476746,0.700015664100647,0.3475985825061798,-0.04044501483440399,0.7779313921928406,0.4902021288871765,-0.01455156784504652,0.7770841717720032,0.4058343172073364,-0.031047938391566277,0.7731327414512634,0.3518806993961334,-0.043112676590681076,0.7723168730735779,0.30705535411834717,-0.049663178622722626,0.8081716895103455,0.5067766308784485,-0.023598389700055122,0.8098022937774658,0.4678648114204407,-0.04623667523264885,0.7962093949317932,0.510059118270874,-0.049322113394737244,0.7902411222457886,0.5466510653495789,-0.04384808987379074,0.834514856338501,0.5358152985572815,-0.03423890471458435,0.8350366950035095,0.49669140577316284,-0.04708106070756912,0.8208208680152893,0.5210614204406738,-0.04248029738664627,0.8130387663841248,0.5496120452880859,-0.03534917160868645,two
0.7985293865203857,0.6807788014411926,4.357163447821222e-07,0.7581242918968201,0.6414228677749634,-0.013991271145641804,0.7337160110473633,0.5839865207672119,-0.0230829156935215,0.7552887201309204,0.534151554107666,-0.03511425107717514,0.7894896864891052,0.5224205851554871,-0.04615049064159393,0.7453163266181946,0.49551865458488464,-0.007950319908559322,0.7237951755523682,0.42577943205833435,-0.02237972989678383,0.7103118300437927,0.3839324712753296,-0.032960597425699234,0.6995073556900024,0.34746575355529785,-0.04048528894782066,0.7779111266136169,0.4902593791484833,-0.01461454201489687,0.7771050930023193,0.4057888388633728,-0.030906647443771362,0.7730563282966614,0.35183143615722656,-0.04301971569657326,0.7721744775772095,0.3070429563522339,-0.04981067776679993,0.8080964088439941,0.5068948864936829,-0.0236736461520195,0.8098189830780029,0.4673979878425598,-0.04577869176864624,0.7960480451583862,0.5090925097465515,-0.04882281273603439,0.7900230288505554,0.5455513596534729,-0.04359966889023781,0.8344144225120544,0.5359808802604675,-0.03436243534088135,0.8350673913955688,0.496271550655365,-0.04683990031480789,0.820845365524292,0.520196259021759,-0.04232749715447426,0.8130275011062622,0.5487341284751892,-0.03544881194829941,two
0.7984127998352051,0.6806714534759521,4.3499707658156694e-07,0.7581932544708252,0.64077228307724,-0.01403847523033619,0.7336993217468262,0.583573579788208,-0.023301944136619568,0.7552989721298218,0.5337260961532593,-0.035497672855854034,0.7902082800865173,0.5219903588294983,-0.04668436199426651,0.7454008460044861,0.4955182373523712,-0.00812110397964716,0.7238118052482605,0.4258931279182434,-0.022573569789528847,0.7103005647659302,0.38407468795776367,-0.033246416598558426,0.6995532512664795,0.347567617893219,-0.040904395282268524,0.7778662443161011,0.49026599526405334,-0.014795765280723572,0.776756763458252,0.4058316648006439,-0.031080307438969612,0.7727037668228149,0.35191845893859863,-0.04329660162329674,0.771911084651947,0.30689698457717896,-0.0502743124961853,0.8080085515975952,0.5068996548652649,-0.02385704778134823,0.8098419904708862,0.4669841527938843,-0.045827992260456085,0.7959880232810974,0.5085625648498535,-0.048851072788238525,0.7898643016815186,0.5451597571372986,-0.04369876906275749,0.8343302011489868,0.5359770059585571,-0.03457578644156456,0.8349428176879883,0.4956502318382263,-0.04696213826537132,0.8207487463951111,0.5189857482910156,-0.042495246976614,0.8128980994224548,0.5475473999977112,-0.03570712357759476,two
0.7984194755554199,0.6805505752563477,4.3287928974677925e-07,0.7579905986785889,0.6410889625549316,-0.014048018492758274,0.7333570718765259,0.5836695432662964,-0.023165468126535416,0.7549477815628052,0.5342414379119873,-0.03526921197772026,0.7893445491790771,0.5220924615859985,-0.04641382023692131,0.7453385591506958,0.495495080947876,-0.007792397867888212,0.7236635088920593,0.4260609745979309,-0.022361882030963898,0.7102186679840088,0.38411128520965576,-0.03301428258419037,0.6995382905006409,0.34763821959495544,-0.040513940155506134,0.7777420878410339,0.4902321398258209,-0.014431572519242764,0.7765815854072571,0.40592336654663086,-0.030836723744869232,0.7724180221557617,0.35216861963272095,-0.04289248585700989,0.7714841961860657,0.3075246810913086,-0.049536410719156265,0.8078977465629578,0.506638765335083,-0.02352168597280979,0.8092433214187622,0.4670577645301819,-0.04584444314241409,0.7956445813179016,0.5089909434318542,-0.0488203763961792,0.7897827625274658,0.5457538366317749,-0.04340238869190216,0.834324061870575,0.5354575514793396,-0.03424294292926788,0.8346918821334839,0.49530312418937683,-0.046758051961660385,0.8205887079238892,0.5190121531486511,-0.04210544377565384,0.8129414319992065,0.5475261807441711,-0.035048313438892365,two
0.798219621181488,0.6804967522621155,4.333377603416011e-07,0.7579946517944336,0.6408767700195312,-0.01413559727370739,0.7337700128555298,0.5847563743591309,-0.023532995954155922,0.7549071907997131,0.5348667502403259,-0.03588613122701645,0.7891477346420288,0.5214168429374695,-0.047181762754917145,0.7450067400932312,0.4958846867084503,-0.00793101079761982,0.7233502268791199,0.42624497413635254,-0.022590482607483864,0.7099295258522034,0.3843045234680176,-0.03336099162697792,0.6992640495300293,0.34769439697265625,-0.04094184935092926,0.7774531841278076,0.4905863106250763,-0.014587284997105598,0.7762451171875,0.4060192108154297,-0.031007496640086174,0.7720960378646851,0.3520480990409851,-0.043168723583221436,0.7712329626083374,0.30708611011505127,-0.0499795638024807,0.8076780438423157,0.5069647431373596,-0.02368222549557686,0.8091707229614258,0.46696484088897705,-0.0458584800362587,0.7954086065292358,0.5089813470840454,-0.048665743321180344,0.7893925309181213,0.5457157492637634,-0.04322892799973488,0.8342386484146118,0.5357667207717896,-0.03443846479058266,0.8346107006072998,0.49530765414237976,-0.046835724264383316,0.820389986038208,0.5190351605415344,-0.04207071289420128,0.8124842047691345,0.547637403011322,-0.03497469425201416,two
0.7979177832603455,0.6810979247093201,4.3696613261090533e-07,0.7576736211776733,0.641670823097229,-0.01404369343072176,0.7334489226341248,0.5842680931091309,-0.02335261180996895,0.7549329400062561,0.5341683626174927,-0.03573431074619293,0.7893608808517456,0.5214985609054565,-0.04720359295606613,0.7447290420532227,0.4962606430053711,-0.007818293757736683,0.7232346534729004,0.42667156457901,-0.022576458752155304,0.7097181081771851,0.38457363843917847,-0.03330588713288307,0.6989823579788208,0.3479767441749573,-0.040852174162864685,0.7772296667098999,0.49085158109664917,-0.014615270309150219,0.7764419317245483,0.4061674177646637,-0.031397007405757904,0.7723591327667236,0.3518630266189575,-0.04368619993329048,0.7715235352516174,0.30680233240127563,-0.05044090002775192,0.8075525760650635,0.5071239471435547,-0.02385682985186577,0.8092147707939148,0.46705904603004456,-0.0465681217610836,0.7953057289123535,0.5089154243469238,-0.04962783679366112,0.7892444133758545,0.5457127094268799,-0.04419323056936264,0.8341004252433777,0.5357871651649475,-0.034709732979536057,0.8345521688461304,0.4953652024269104,-0.047512706369161606,0.8203186988830566,0.5191152095794678,-0.0429210364818573,0.8126063942909241,0.5476329922676086,-0.035864394158124924,two
0.7978929877281189,0.6811784505844116,4.3759132495324593e-07,0.7575514912605286,0.6422371864318848,-0.013956882990896702,0.7330809831619263,0.5844006538391113,-0.023184606805443764,0.7545881867408752,0.5351310968399048,-0.03545602783560753,0.7887069582939148,0.5229413509368896,-0.046820368617773056,0.7445800304412842,0.4955141544342041,-0.007885620929300785,0.7232027649879456,0.4263371229171753,-0.022630805149674416,0.7097114324569702,0.3844860792160034,-0.033269789069890976,0.6989923715591431,0.34813815355300903,-0.040701884776353836,0.7770611643791199,0.4902624785900116,-0.014730256050825119,0.7763182520866394,0.40563762187957764,-0.03141844645142555,0.7720848321914673,0.35167396068573,-0.0434369333088398,0.7711008787155151,0.30677324533462524,-0.04988934472203255,0.8074227571487427,0.5067272782325745,-0.024001793935894966,0.8087764382362366,0.46704187989234924,-0.04664057865738869,0.7951679825782776,0.5096948742866516,-0.049298081547021866,0.7893854379653931,0.5463234186172485,-0.04352565482258797,0.8340311646461487,0.5356004238128662,-0.034875478595495224,0.8341549634933472,0.4957546591758728,-0.04749735817313194,0.8200546503067017,0.5203661918640137,-0.04245428368449211,0.8126519322395325,0.5487343072891235,-0.03502549231052399,two
0.798265278339386,0.6819936633110046,4.341463863966055e-07,0.7576268315315247,0.6429150700569153,-0.014082001522183418,0.733161211013794,0.5855280756950378,-0.02340976521372795,0.7548243999481201,0.5352868437767029,-0.03569810464978218,0.7888007760047913,0.5230010151863098,-0.04698442295193672,0.7443065643310547,0.49576765298843384,-0.008096763864159584,0.7228260040283203,0.4263102114200592,-0.022845637053251266,0.7094094753265381,0.38445720076560974,-0.033719729632139206,0.698858380317688,0.347942978143692,-0.041453082114458084,0.7768647074699402,0.4902961552143097,-0.014921106398105621,0.7755759954452515,0.4058220088481903,-0.031512241810560226,0.7714759111404419,0.3520250916481018,-0.04368257150053978,0.7707594633102417,0.3070993423461914,-0.05047063156962395,0.8072773218154907,0.5067683458328247,-0.02417520433664322,0.8089601993560791,0.46706318855285645,-0.04646974056959152,0.7951929569244385,0.5096768140792847,-0.04911016300320625,0.7892308831214905,0.5464969277381897,-0.04357990622520447,0.8340212106704712,0.5358477234840393,-0.035097505897283554,0.8343877196311951,0.4958886504173279,-0.04765550047159195,0.8201591968536377,0.5203213691711426,-0.04280678927898407,0.8124284148216248,0.5489867925643921,-0.035638291388750076,two
0.7974116206169128,0.6817457675933838,4.3886780076718424e-07,0.7570126056671143,0.6423923373222351,-0.013878409750759602,0.7330586314201355,0.5853059887886047,-0.023241935297846794,0.7547551989555359,0.5362394452095032,-0.03565642237663269,0.7880696058273315,0.5241454839706421,-0.047179900109767914,0.7440237402915955,0.4958275258541107,-0.008174538612365723,0.7225804924964905,0.4262642562389374,-0.022992564365267754,0.7091222405433655,0.38448405265808105,-0.03393073379993439,0.6985752582550049,0.3480156362056732,-0.04166492447257042,0.7766290307044983,0.4903777837753296,-0.015088556334376335,0.7758523225784302,0.4059094190597534,-0.03175528720021248,0.771773099899292,0.35188040137290955,-0.04419093206524849,0.7711243629455566,0.3066287636756897,-0.05119365453720093,0.8070569038391113,0.506786048412323,-0.024363623932003975,0.8088763952255249,0.4668797552585602,-0.046552304178476334,0.7950795888900757,0.5095520615577698,-0.0493076853454113,0.7891993522644043,0.546200156211853,-0.043939411640167236,0.8337185382843018,0.5358090996742249,-0.03527328744530678,0.8341550230979919,0.49603408575057983,-0.047660961747169495,0.8199940919876099,0.5206030607223511,-0.042719144374132156,0.8124775886535645,0.5491200685501099,-0.035530976951122284,two
0.7973041534423828,0.6814015507698059,4.370756414573407e-07,0.7572330236434937,0.6427878141403198,-0.01396053098142147,0.7329857349395752,0.585293173789978,-0.023401545360684395,0.7544801235198975,0.5358362793922424,-0.035917848348617554,0.7879942655563354,0.5237082242965698,-0.047536712139844894,0.74388587474823,0.49520397186279297,-0.008140898309648037,0.7225515842437744,0.42630988359451294,-0.02311234176158905,0.7091251015663147,0.38462090492248535,-0.03389497101306915,0.6985309720039368,0.34835901856422424,-0.04140966758131981,0.7764604091644287,0.489992618560791,-0.01515902765095234,0.7758123278617859,0.40549302101135254,-0.03216918930411339,0.7716296315193176,0.35164952278137207,-0.0443524532020092,0.7707386016845703,0.306530624628067,-0.05088217929005623,0.8069683909416199,0.5065000057220459,-0.024577422067523003,0.8084681630134583,0.46740591526031494,-0.04740556702017784,0.794666051864624,0.5107280611991882,-0.04992269352078438,0.7888822555541992,0.5473644733428955,-0.04403391107916832,0.8336839079856873,0.5355462431907654,-0.03560199216008186,0.8337125778198242,0.496319979429245,-0.04820040240883827,0.819457471370697,0.5216077566146851,-0.04292494058609009,0.8121480941772461,0.5501369833946228,-0.03532028943300247,two
0.7970505952835083,0.6811733841896057,4.380811162718601e-07,0.7567148208618164,0.6422786712646484,-0.014229178428649902,0.7322775721549988,0.5856429934501648,-0.024095965549349785,0.7533915042877197,0.5367299318313599,-0.03702844679355621,0.7873362302780151,0.5247094631195068,-0.04900665581226349,0.7437225580215454,0.49512749910354614,-0.008534342050552368,0.7223747372627258,0.4263613224029541,-0.02379518561065197,0.7089990377426147,0.38470160961151123,-0.03477991744875908,0.6985536813735962,0.34840959310531616,-0.04245742782950401,0.7762413024902344,0.4901183247566223,-0.015564770437777042,0.7755350470542908,0.4057787358760834,-0.03284262865781784,0.7713574171066284,0.3522791266441345,-0.04513110592961311,0.7706018686294556,0.30736300349235535,-0.05178958177566528,0.8066696524620056,0.5069934129714966,-0.025027722120285034,0.8086714744567871,0.46720993518829346,-0.047969162464141846,0.794813871383667,0.5104116797447205,-0.05038926377892494,0.7889242768287659,0.5470695495605469,-0.044494420289993286,0.8333539366722107,0.5365544557571411,-0.036141537129879,0.8336498737335205,0.497160404920578,-0.0488545186817646,0.8191059231758118,0.5222600102424622,-0.04363170638680458,0.8113341331481934,0.5507893562316895,-0.03608771413564682,two
0.822486162185669,0.6505648493766785,4.0797664269121015e-07,0.8292496800422668,0.5717724561691284,0.034031711518764496,0.8145748376846313,0.5187312960624695,0.04293264076113701,0.79308021068573,0.49355384707450867,0.044501565396785736,0.7712737917900085,0.48862919211387634,0.04528224468231201,0.8142549395561218,0.48016613721847534,0.014101862907409668,0.8061715364456177,0.4006365239620209,0.009645460173487663,0.8015780448913574,0.35384446382522583,0.009361864067614079,0.7986104488372803,0.32120072841644287,0.01143541932106018,0.7899428606033325,0.490029901266098,-0.003774764249101281,0.7617254853248596,0.40283405780792236,-0.012544139288365841,0.7472027540206909,0.35164010524749756,-0.013589764945209026,0.7357531189918518,0.3180422782897949,-0.011531724594533443,0.765488862991333,0.5120079517364502,-0.016855012625455856,0.7334821820259094,0.47323742508888245,-0.013510240241885185,0.7427825331687927,0.48915064334869385,0.00067617476452142,0.7523710131645203,0.5032875537872314,0.013177761808037758,0.7453372478485107,0.5438445806503296,-0.02768469601869583,0.7233818173408508,0.5082039833068848,-0.013112093321979046,0.7319700121879578,0.5210525989532471,0.007379109039902687,0.7428280115127563,0.5352300405502319,0.023822305724024773,two
0.8209248781204224,0.6568481922149658,4.1335317746415967e-07,0.831573486328125,0.5759212374687195,0.03663202002644539,0.8176199793815613,0.5225228667259216,0.04776830971240997,0.7957568764686584,0.495410293340683,0.05131236091256142,0.7746389508247375,0.4886881113052368,0.05413660779595375,0.8151856064796448,0.48177507519721985,0.01808330789208412,0.8078599572181702,0.399466335773468,0.014491349458694458,0.8032073378562927,0.3511675298213959,0.014904302544891834,0.8003118634223938,0.3180762231349945,0.01778278313577175,0.7883726358413696,0.4907481074333191,0.00042094331001862884,0.7612723112106323,0.4005470871925354,-0.008410274982452393,0.7479516863822937,0.34752047061920166,-0.008824130520224571,0.737308144569397,0.3130835294723511,-0.005590806715190411,0.762501060962677,0.5117630362510681,-0.012217815965414047,0.7349120378494263,0.471250057220459,-0.00792981218546629,0.7451959252357483,0.48604345321655273,0.007052771747112274,0.754122257232666,0.5005269050598145,0.020764004439115524,0.7418713569641113,0.5443180799484253,-0.02238434925675392,0.7236078977584839,0.5057302713394165,-0.005417126230895519,0.7327026724815369,0.5182775259017944,0.016764719039201736,0.7433316707611084,0.5340348482131958,0.03476548194885254,two
0.8217681050300598,0.6585559248924255,4.1208548395843536e-07,0.8318653702735901,0.5770699381828308,0.03631311282515526,0.8176365494728088,0.5223612189292908,0.04719486087560654,0.7955582737922668,0.4946219027042389,0.050502028316259384,0.7741472125053406,0.4877951443195343,0.05306350812315941,0.8154353499412537,0.4813854992389679,0.017870144918560982,0.8078420758247375,0.39915844798088074,0.014041182585060596,0.8032554984092712,0.35084104537963867,0.014116475358605385,0.8002864718437195,0.317682147026062,0.016721706837415695,0.788468062877655,0.49039226770401,9.380609844811261e-05,0.7613498568534851,0.400278240442276,-0.008605935610830784,0.7478388547897339,0.34714028239250183,-0.009206274524331093,0.7368390560150146,0.31246525049209595,-0.0062084863893687725,0.7623685598373413,0.5115928053855896,-0.012739399448037148,0.7345470190048218,0.4710270166397095,-0.008618180640041828,0.7450056076049805,0.48600128293037415,0.006063210777938366,0.7541325092315674,0.5005958080291748,0.0195152685046196,0.7415053844451904,0.5442310571670532,-0.02313235215842724,0.7233474254608154,0.5053808093070984,-0.006540755275636911,0.7324638366699219,0.5181083679199219,0.015336812473833561,0.7431939840316772,0.5338635444641113,0.033110614866018295,two
0.8207826018333435,0.6577743887901306,4.0532702882956073e-07,0.8318100571632385,0.5767974853515625,0.035742707550525665,0.8175460696220398,0.5222614407539368,0.046436868607997894,0.7951701283454895,0.4948709309101105,0.04962565004825592,0.7733989953994751,0.48891857266426086,0.05187631770968437,0.8152458667755127,0.481565922498703,0.017109287902712822,0.8077534437179565,0.39926058053970337,0.013342117890715599,0.8034272193908691,0.3509276509284973,0.013356663286685944,0.8008102774620056,0.3177170157432556,0.015903104096651077,0.7881712913513184,0.49066558480262756,-0.00041869329288601875,0.7612019777297974,0.4003314673900604,-0.008178284391760826,0.7481817007064819,0.34755295515060425,-0.008237764239311218,0.7376433610916138,0.3130013346672058,-0.005174149759113789,0.7621740102767944,0.5117263197898865,-0.01310355681926012,0.7345768213272095,0.46945881843566895,-0.008856606669723988,0.7452397346496582,0.48470625281333923,0.005566826555877924,0.7542850375175476,0.4998244047164917,0.018613403663039207,0.741398811340332,0.544066309928894,-0.02335369400680065,0.7233229875564575,0.5039656162261963,-0.007090053986757994,0.7326298356056213,0.5167734622955322,0.014573758468031883,0.743306040763855,0.5329239368438721,0.03204838186502457,two
0.821060299873352,0.6583989262580872,4.09644940191356e-07,0.8314540386199951,0.577063798904419,0.03582000359892845,0.8171656727790833,0.5223804712295532,0.04644729197025299,0.7948276400566101,0.494978129863739,0.04952206835150719,0.7731970548629761,0.4886317849159241,0.05170436576008797,0.8154523968696594,0.48102444410324097,0.017480287700891495,0.8078092336654663,0.3986191153526306,0.013613689690828323,0.8032349348068237,0.35003209114074707,0.013474169187247753,0.8001263737678528,0.3163816034793854,0.01592116989195347,0.7884442806243896,0.4901562035083771,-0.00021608445968013257,0.7612285017967224,0.3999473452568054,-0.008161303587257862,0.7476459741592407,0.3469310402870178,-0.008521675132215023,0.7364796996116638,0.3121541738510132,-0.005573038011789322,0.7623857855796814,0.5113653540611267,-0.01307482086122036,0.7341965436935425,0.4706808924674988,-0.008799834176898003,0.744551420211792,0.4859161376953125,0.005503871478140354,0.7537170052528381,0.5007666945457458,0.018554216250777245,0.7414585947990417,0.5438795685768127,-0.023528387770056725,0.7230195999145508,0.5049065947532654,-0.007127540186047554,0.7320416569709778,0.5178490877151489,0.014488495886325836,0.7428979277610779,0.5337692499160767,0.03198481351137161,two
0.8207947611808777,0.6587517857551575,4.205641630505852e-07,0.8309199213981628,0.5774147510528564,0.03506569191813469,0.816595196723938,0.5228081345558167,0.04528218135237694,0.7941376566886902,0.4963698983192444,0.047942809760570526,0.7721008658409119,0.49064046144485474,0.04964582622051239,0.8145112991333008,0.48173847794532776,0.017214100807905197,0.8071436285972595,0.39872774481773376,0.013556771911680698,0.8024026155471802,0.34984755516052246,0.013903573155403137,0.7990083694458008,0.31608790159225464,0.016813090071082115,0.7872495651245117,0.4907534122467041,-0.0002547597687225789,0.7605521082878113,0.40048128366470337,-0.008600899018347263,0.7467748522758484,0.3471147418022156,-0.008883352391421795,0.7351816296577454,0.3119455575942993,-0.005553695373237133,0.7612404227256775,0.5120255351066589,-0.012950921431183815,0.7334763407707214,0.4715452194213867,-0.009532146155834198,0.7439836859703064,0.4871164858341217,0.004489192273467779,0.7529330253601074,0.5021427273750305,0.01779317297041416,0.7405080199241638,0.5446990728378296,-0.023227455094456673,0.7221020460128784,0.50559401512146,-0.007129904348403215,0.731174647808075,0.5183738470077515,0.01466102059930563,0.7419245839118958,0.534449577331543,0.03247876092791557,two
0.8202066421508789,0.6578959226608276,4.2434530200807785e-07,0.8297176957130432,0.5766276121139526,0.034560058265924454,0.8154273629188538,0.5222795009613037,0.044394757598638535,0.7931444644927979,0.49591389298439026,0.04687083512544632,0.7711770534515381,0.4905409514904022,0.04838886111974716,0.813941478729248,0.4816776216030121,0.015457752160727978,0.8064867854118347,0.39844393730163574,0.010873924940824509,0.8015653491020203,0.34902364015579224,0.010654525831341743,0.7981038093566895,0.3145597577095032,0.013230789452791214,0.786855161190033,0.49105173349380493,-0.0019169835140928626,0.7594779133796692,0.40062984824180603,-0.010945558547973633,0.7455317974090576,0.34714365005493164,-0.01152509544044733,0.7338780164718628,0.3115430176258087,-0.008391308598220348,0.7609768509864807,0.5123834609985352,-0.014485501684248447,0.7327240109443665,0.4725608229637146,-0.011698039248585701,0.743216335773468,0.4879702925682068,0.002160078613087535,0.7523213028907776,0.5027905106544495,0.015454079955816269,0.7402006983757019,0.5447622537612915,-0.024661097675561905,0.7215556502342224,0.5069103240966797,-0.009008956141769886,0.7306185364723206,0.5197224020957947,0.012551045045256615,0.7413849830627441,0.5353297591209412,0.030252404510974884,two
0.8207554221153259,0.6595985889434814,4.2369046582280134e-07,0.8299127817153931,0.5782368183135986,0.03454452008008957,0.8152000904083252,0.5235985517501831,0.04447883740067482,0.792506992816925,0.49666041135787964,0.04701778665184975,0.7702580094337463,0.49080973863601685,0.04865989461541176,0.8132292628288269,0.4824007451534271,0.016233613714575768,0.8057160377502441,0.3988593816757202,0.011986315250396729,0.800999104976654,0.3496655225753784,0.011821356602013111,0.7976751923561096,0.31544071435928345,0.014370691031217575,0.7864261865615845,0.49195441603660583,-0.0012704558903351426,0.7587792277336121,0.40097492933273315,-0.00991324707865715,0.7444645762443542,0.34735792875289917,-0.01055661030113697,0.7325708270072937,0.31165945529937744,-0.00762489577755332,0.7607389092445374,0.5135025382041931,-0.01404038816690445,0.7321681976318359,0.4720487594604492,-0.011220634914934635,0.7426497340202332,0.4878973960876465,0.002633449388667941,0.7518579363822937,0.502996027469635,0.015799589455127716,0.740235447883606,0.545794665813446,-0.024419117718935013,0.7211611270904541,0.5055438876152039,-0.009145723655819893,0.7303506135940552,0.5187309384346008,0.012398861348628998,0.7412554621696472,0.5346813201904297,0.030065864324569702,two
0.8205921649932861,0.6590906977653503,4.2268143829460314e-07,0.8298527598381042,0.5782932043075562,0.03303566575050354,0.8148221373558044,0.5233052968978882,0.04249239340424538,0.791917085647583,0.49706438183784485,0.04470563307404518,0.7694196105003357,0.49193960428237915,0.0458630733191967,0.8128787875175476,0.4830006957054138,0.01564652845263481,0.8052396178245544,0.39939603209495544,0.0114278020337224,0.8008307814598083,0.3504023551940918,0.011158041656017303,0.7978426218032837,0.31648534536361694,0.013663869351148605,0.7860647439956665,0.492270290851593,-0.0012924850452691317,0.75886070728302,0.4015291631221771,-0.008851895108819008,0.7447358965873718,0.348227322101593,-0.009226457215845585,0.7329316139221191,0.3126031160354614,-0.006376971956342459,0.7606321573257446,0.5136147737503052,-0.01377728208899498,0.7318572402000427,0.4716879427433014,-0.011018636636435986,0.7424907684326172,0.48780691623687744,0.001884578145109117,0.7518873810768127,0.5033313632011414,0.014248553663492203,0.7402226328849792,0.5455011129379272,-0.02394937165081501,0.7210140228271484,0.5053414702415466,-0.009477412328124046,0.7302286624908447,0.518343985080719,0.01114745158702135,0.7412099838256836,0.5342411398887634,0.02808045782148838,two
0.8203604817390442,0.6592598557472229,4.1957574126172403e-07,0.8295530676841736,0.5779479146003723,0.034636594355106354,0.8145294189453125,0.523131251335144,0.04487420618534088,0.7917423248291016,0.49649232625961304,0.04778905585408211,0.7695826292037964,0.49095815420150757,0.049843527376651764,0.8132272362709045,0.4821547865867615,0.016485000029206276,0.8057044148445129,0.39904311299324036,0.012393511831760406,0.801031231880188,0.3499895930290222,0.012251213192939758,0.7976514101028442,0.3157760798931122,0.01477312296628952,0.7864410877227783,0.4919426143169403,-0.0007856101728975773,0.758749783039093,0.40135833621025085,-0.008978337049484253,0.7447657585144043,0.34816974401474,-0.009144940413534641,0.733001708984375,0.3130369186401367,-0.005912280175834894,0.7608354091644287,0.5134451389312744,-0.013368189334869385,0.7317463159561157,0.47198817133903503,-0.009817348793148994,0.7423511743545532,0.4874190390110016,0.00433883722871542,0.7516387104988098,0.5023859143257141,0.017544647678732872,0.7403852343559265,0.5458228588104248,-0.02361380122601986,0.7212119102478027,0.5063145160675049,-0.007708987221121788,0.730238676071167,0.5190138220787048,0.013890248723328114,0.7413427233695984,0.5348241925239563,0.03147982805967331,two
0.8197923898696899,0.6586120128631592,4.222822269639437e-07,0.8295480608940125,0.5772908926010132,0.03432878106832504,0.814744234085083,0.5227252840995789,0.044363994151353836,0.7919188737869263,0.49669012427330017,0.04703992232680321,0.7694990038871765,0.49158206582069397,0.04873388633131981,0.8127758502960205,0.4816468060016632,0.016794180497527122,0.8051714301109314,0.3986203074455261,0.012997601181268692,0.8004657626152039,0.34990936517715454,0.012783415615558624,0.7969279885292053,0.31561464071273804,0.015194075182080269,0.785494327545166,0.491276353597641,-0.000281516375252977,0.7586236000061035,0.40159526467323303,-0.007662803865969181,0.7444871068000793,0.34843897819519043,-0.008106784895062447,0.7323689460754395,0.3127305507659912,-0.005366759840399027,0.7596734762191772,0.5130570530891418,-0.01269577443599701,0.7314001321792603,0.47250795364379883,-0.008762362413108349,0.7421203851699829,0.48846882581710815,0.004629107192158699,0.7514775395393372,0.5036283135414124,0.017084743827581406,0.7391481399536133,0.5455557107925415,-0.02275688387453556,0.7207525372505188,0.5067901015281677,-0.006858400534838438,0.7299389243125916,0.5198085904121399,0.014244974590837955,0.7409644722938538,0.5354391932487488,0.03135271742939949,two
0.8199325203895569,0.658257782459259,4.2789400822584867e-07,0.8294371962547302,0.5767629146575928,0.03343058004975319,0.8147054314613342,0.521903395652771,0.04297822713851929,0.7920602560043335,0.49611854553222656,0.04530096799135208,0.7696301937103271,0.49138543009757996,0.046602290123701096,0.8126091957092285,0.4814867675304413,0.015923786908388138,0.8047271966934204,0.39853134751319885,0.011875673197209835,0.7999328374862671,0.35010814666748047,0.011735876090824604,0.7964662313461304,0.3163580000400543,0.014328292571008205,0.7851670980453491,0.4912683665752411,-0.0010390302632004023,0.7577712535858154,0.4011152386665344,-0.008747355081140995,0.7435372471809387,0.3480011820793152,-0.009218639694154263,0.7314300537109375,0.31232306361198425,-0.006293529644608498,0.7594900131225586,0.5132576823234558,-0.013428020291030407,0.7316036820411682,0.47349709272384644,-0.010331705212593079,0.7425529956817627,0.48921674489974976,0.002639902988448739,0.7519546151161194,0.5041953921318054,0.015106181614100933,0.7391655445098877,0.545818030834198,-0.02348180301487446,0.7208273410797119,0.5076755285263062,-0.008221298456192017,0.730207085609436,0.5205289721488953,0.012706508859992027,0.7412235736846924,0.5359102487564087,0.029835592955350876,two
0.8205046057701111,0.6593782305717468,4.2047801684930164e-07,0.82939612865448,0.5787771940231323,0.03333188220858574,0.8139461874961853,0.5228510499000549,0.04315054789185524,0.7908459901809692,0.49707332253456116,0.045739106833934784,0.7684286236763,0.49247390031814575,0.047235243022441864,0.8122524619102478,0.4824957251548767,0.016754882410168648,0.8042805194854736,0.39907270669937134,0.013032777234911919,0.8000810742378235,0.350488543510437,0.012636629864573479,0.7973256707191467,0.3166543245315552,0.014990473166108131,0.7851011157035828,0.4922330677509308,7.08399875293253e-06,0.7579445242881775,0.4019414782524109,-0.005761450622230768,0.7440226078033447,0.3491446375846863,-0.00579956267029047,0.7321724891662598,0.3134763836860657,-0.003157384227961302,0.7595471143722534,0.5140561461448669,-0.012362866662442684,0.731143593788147,0.47302907705307007,-0.007960422895848751,0.7419838905334473,0.48922470211982727,0.004490760620683432,0.7516153454780579,0.5048211216926575,0.015978312119841576,0.739116907119751,0.5459815263748169,-0.022445552051067352,0.7205651998519897,0.507480263710022,-0.006929508876055479,0.7298353910446167,0.5204759240150452,0.013286953791975975,0.7409175038337708,0.5357955694198608,0.029562218114733696,two
0.8207440972328186,0.6594478487968445,4.1600668510000105e-07,0.8293328881263733,0.5779364109039307,0.033859409391880035,0.8141895532608032,0.5225973725318909,0.04367770254611969,0.7917599081993103,0.4962683618068695,0.0462094284594059,0.7696793675422668,0.49143972992897034,0.04765739291906357,0.8124070763587952,0.48244380950927734,0.01635488122701645,0.8042024374008179,0.39984050393104553,0.012380228377878666,0.7998931407928467,0.351468026638031,0.012059367261826992,0.7972983717918396,0.3181912302970886,0.01451051514595747,0.7854451537132263,0.49219492077827454,-0.000812734360806644,0.7572595477104187,0.4019894003868103,-0.007661004085093737,0.7431675791740417,0.34915629029273987,-0.007839266210794449,0.7314615845680237,0.3136931359767914,-0.004995728377252817,0.7600418329238892,0.513958215713501,-0.013439089059829712,0.7313421964645386,0.473108172416687,-0.009753379039466381,0.7421953678131104,0.4892028272151947,0.0032938309013843536,0.7516762018203735,0.5045590996742249,0.015472336672246456,0.7398742437362671,0.5463183522224426,-0.02372266910970211,0.7208170294761658,0.5075003504753113,-0.008460369892418385,0.7301994562149048,0.5206854343414307,0.012385951355099678,0.7412177920341492,0.5362895131111145,0.029312357306480408,two
0.8282955288887024,0.6606707572937012,3.2985380471473036e-07,0.8351054191589355,0.581794261932373,0.029079336673021317,0.819126307964325,0.5237332582473755,0.03561926260590553,0.7938663363456726,0.4975091814994812,0.035108212381601334,0.7691775560379028,0.49357789754867554,0.03326942399144173,0.8194445371627808,0.4817230701446533,0.01002410240471363,0.8005450367927551,0.4049988389015198,0.004744901321828365,0.7910044193267822,0.3602542579174042,0.0029816043097525835,0.7830840945243835,0.32777222990989685,0.00342371454462409,0.7962790131568909,0.493348091840744,-0.00827233586460352,0.763826310634613,0.4071640968322754,-0.01498123724013567,0.745765209197998,0.35475486516952515,-0.01729806885123253,0.7316043972969055,0.3184085190296173,-0.01779455877840519,0.772586464881897,0.517322301864624,-0.022463254630565643,0.7334985733032227,0.4735327959060669,-0.021492933854460716,0.7409361004829407,0.49337610602378845,-0.010035988874733448,0.7515717148780823,0.50959712266922,-0.00021915735851507634,0.751578688621521,0.5502649545669556,-0.034740980714559555,0.7225103378295898,0.5090283155441284,-0.025907408446073532,0.7308775782585144,0.5244119167327881,-0.008626372553408146,0.7423327565193176,0.5392175912857056,0.005249624140560627,two
0.8198745846748352,0.6496012210845947,3.947417610561388e-07,0.8253103494644165,0.5723299384117126,0.024091703817248344,0.8081339001655579,0.5139243602752686,0.027867406606674194,0.7836333513259888,0.49151328206062317,0.025543909519910812,0.7594918608665466,0.4896884262561798,0.021700898185372353,0.8108735084533691,0.4774811565876007,0.0040053799748420715,0.7982248067855835,0.39903149008750916,-0.003074496518820524,0.7918015718460083,0.3527458608150482,-0.005919915158301592,0.7870305180549622,0.3180827498435974,-0.005871484987437725,0.7875163555145264,0.48996877670288086,-0.01219356432557106,0.7566402554512024,0.403952419757843,-0.0188883226364851,0.7410359382629395,0.35208627581596375,-0.021007036790251732,0.7288839221000671,0.3143250346183777,-0.021441057324409485,0.7646896839141846,0.513515055179596,-0.024712447077035904,0.7285392880439758,0.4723082184791565,-0.025199314579367638,0.7371366024017334,0.491599440574646,-0.015992451459169388,0.7478834986686707,0.5078151822090149,-0.00742958253249526,0.7447091937065125,0.5440449118614197,-0.03552185744047165,0.7176403999328613,0.5060368776321411,-0.028398344293236732,0.7266477346420288,0.5206823348999023,-0.012794410809874535,0.7385063767433167,0.5348240733146667,-1.6852887711138465e-05,two
0.8201388120651245,0.6497402787208557,3.953705061121582e-07,0.8252413272857666,0.572789192199707,0.02269097790122032,0.8077259659767151,0.5136598348617554,0.025903018191456795,0.7828149795532227,0.491412490606308,0.023227505385875702,0.7580891251564026,0.49043673276901245,0.01898101530969143,0.8106859922409058,0.4775572419166565,0.003258366836234927,0.7979679107666016,0.39973723888397217,-0.0038788416422903538,0.7916014194488525,0.3537236452102661,-0.006793188862502575,0.7868325710296631,0.319111168384552,-0.006853979546576738,0.7875546216964722,0.489793986082077,-0.01255512610077858,0.7566449642181396,0.40454164147377014,-0.019134247675538063,0.7409035563468933,0.35316556692123413,-0.021365175023674965,0.728590190410614,0.31531551480293274,-0.02196875959634781,0.7649737596511841,0.513481080532074,-0.02486926130950451,0.7283172607421875,0.47257131338119507,-0.026087526232004166,0.7366442680358887,0.49243423342704773,-0.01758064329624176,0.7473986744880676,0.5089868903160095,-0.00942379329353571,0.7450706958770752,0.5440263152122498,-0.03552419692277908,0.7177332639694214,0.506594181060791,-0.029397698119282722,0.7265784740447998,0.5214560031890869,-0.014524813741445541,0.7382692694664001,0.5355285406112671,-0.0022491333074867725,two
0.18046002089977264,0.602731466293335,5.900889732401993e-07,0.2107057273387909,0.5763103365898132,-0.033768750727176666,0.2158799171447754,0.5140047073364258,-0.04615378752350807,0.1823016256093979,0.4643533527851105,-0.05638471618294716,0.14774182438850403,0.4272735118865967,-0.06433285027742386,0.2331196665763855,0.41535651683807373,-0.015820374712347984,0.2526477575302124,0.3424533009529114,-0.03344899043440819,0.2645930051803589,0.29527655243873596,-0.04549003392457962,0.27368074655532837,0.2555774450302124,-0.052701011300086975,0.20237834751605988,0.4068673551082611,-0.01347285695374012,0.21099495887756348,0.31814467906951904,-0.033470962196588516,0.21556174755096436,0.26331213116645813,-0.04647216200828552,0.21893459558486938,0.2180624157190323,-0.051451269537210464,0.17284709215164185,0.4245927333831787,-0.015652529895305634,0.15574772655963898,0.3814116418361664,-0.051181308925151825,0.15835128724575043,0.43130049109458923,-0.05873851478099823,0.1619001179933548,0.46864503622055054,-0.05187145620584488,0.14704056084156036,0.45718148350715637,-0.02014443278312683,0.13495400547981262,0.4213767945766449,-0.04987763985991478,0.14284853637218475,0.4597587585449219,-0.05072275176644325,0.1500503271818161,0.49269118905067444,-0.043145135045051575,two
0.18093253672122955,0.6092534065246582,5.73671741221915e-07,0.21065744757652283,0.5821402668952942,-0.036061130464076996,0.21498417854309082,0.5167236924171448,-0.04811312258243561,0.17920170724391937,0.4648686349391937,-0.0571831613779068,0.1443510204553604,0.42471128702163696,-0.06373164802789688,0.2328726351261139,0.416728138923645,-0.016263362020254135,0.25142478942871094,0.34164583683013916,-0.03214310482144356,0.26240041851997375,0.2939913868904114,-0.04288867861032486,0.2703052759170532,0.2538551986217499,-0.049249954521656036,0.2022763192653656,0.40762776136398315,-0.011719327419996262,0.2111770063638687,0.3176696002483368,-0.02969936467707157,0.21574558317661285,0.26381587982177734,-0.04126690700650215,0.21856379508972168,0.2197984755039215,-0.045302122831344604,0.17358453571796417,0.42468568682670593,-0.011967673897743225,0.15570306777954102,0.37974491715431213,-0.04629385098814964,0.1571948379278183,0.4290328919887543,-0.05427549034357071,0.1595991551876068,0.4663299024105072,-0.04776779189705849,0.14872370660305023,0.4561922252178192,-0.014662504196166992,0.13613921403884888,0.4174652397632599,-0.04366553947329521,0.1436326801776886,0.4555378258228302,-0.04513650760054588,0.15074744820594788,0.4890151619911194,-0.038146112114191055,two
0.18047752976417542,0.6099125146865845,5.781403160654008e-07,0.21037063002586365,0.5830668210983276,-0.036121666431427,0.2148115336894989,0.5189187526702881,-0.0487864725291729,0.17902067303657532,0.4673750102519989,-0.05859101563692093,0.14432910084724426,0.4266331195831299,-0.06593772768974304,0.23210850358009338,0.41780027747154236,-0.01728571392595768,0.2506493330001831,0.34298282861709595,-0.0339474081993103,0.2616547644138336,0.29515427350997925,-0.04520028084516525,0.26960185170173645,0.25475379824638367,-0.05185714364051819,0.20148906111717224,0.4082561433315277,-0.012995388358831406,0.21103422343730927,0.318708598613739,-0.031681377440690994,0.21519307792186737,0.2647159695625305,-0.04362914711236954,0.2175816297531128,0.22038334608078003,-0.04792298749089241,0.1726561039686203,0.42489418387413025,-0.01347035076469183,0.1552194356918335,0.3806515038013458,-0.047891974449157715,0.15643972158432007,0.4300343692302704,-0.0557573139667511,0.15886251628398895,0.46736082434654236,-0.04927575960755348,0.1475333720445633,0.45609989762306213,-0.016448453068733215,0.13472245633602142,0.41817182302474976,-0.045167773962020874,0.14245842397212982,0.45581063628196716,-0.04653218761086464,0.1502038538455963,0.4888714849948883,-0.03958595171570778,two
0.1806965321302414,0.6092138290405273,5.784445420431439e-07,0.2100292444229126,0.5823448300361633,-0.03560546413064003,0.2142566442489624,0.5182067155838013,-0.04790238291025162,0.17865750193595886,0.466846764087677,-0.05745965987443924,0.14421643316745758,0.4265569746494293,-0.0644829198718071,0.23168399930000305,0.41680198907852173,-0.015987861901521683,0.250323623418808,0.3418992757797241,-0.032266587018966675,0.261560320854187,0.2942394018173218,-0.04318404197692871,0.26977697014808655,0.25434553623199463,-0.04954986274242401,0.20116271078586578,0.4078919291496277,-0.011814367026090622,0.21001684665679932,0.3183428645133972,-0.03013918548822403,0.21400482952594757,0.26430708169937134,-0.04170855134725571,0.21637053787708282,0.2203611135482788,-0.04568468779325485,0.1726999580860138,0.42490464448928833,-0.012446234934031963,0.15469463169574738,0.38066500425338745,-0.046498578041791916,0.15611532330513,0.4292237460613251,-0.05413313955068588,0.15888582170009613,0.465899795293808,-0.04748433455824852,0.1479213535785675,0.4563273787498474,-0.015573941171169281,0.1346590518951416,0.41861066222190857,-0.04399673268198967,0.14220498502254486,0.45596015453338623,-0.045253537595272064,0.1498376727104187,0.48859450221061707,-0.03820320963859558,two
0.18020612001419067,0.6103458404541016,5.820514275001187e-07,0.20962443947792053,0.5824169516563416,-0.03495841100811958,0.2136361002922058,0.516304612159729,-0.04644962400197983,0.1776314377784729,0.465105265378952,-0.0552920326590538,0.14311619102954865,0.42551180720329285,-0.06156928464770317,0.23124946653842926,0.41675883531570435,-0.014420137740671635,0.25010108947753906,0.3413037955760956,-0.030006984248757362,0.261630654335022,0.29368287324905396,-0.04046694561839104,0.27003422379493713,0.2540605366230011,-0.04651889204978943,0.20067980885505676,0.40823012590408325,-0.01036264467984438,0.20968392491340637,0.31861892342567444,-0.028166744858026505,0.21393868327140808,0.2642345726490021,-0.03963799402117729,0.2164027839899063,0.2201768159866333,-0.04352197051048279,0.1720685064792633,0.42558377981185913,-0.011108779348433018,0.15446212887763977,0.38092994689941406,-0.04514431953430176,0.1560700535774231,0.42968088388442993,-0.053011924028396606,0.1585618555545807,0.4666789770126343,-0.046360958367586136,0.1471884548664093,0.4571531414985657,-0.0142521345987916,0.13447998464107513,0.4188016355037689,-0.04285707324743271,0.1419575959444046,0.45641255378723145,-0.044200826436281204,0.14903128147125244,0.4894414246082306,-0.03708482161164284,two
0.18046332895755768,0.6102432608604431,5.815101076223073e-07,0.20956245064735413,0.582797646522522,-0.03484800085425377,0.21365326642990112,0.5178333520889282,-0.04674436151981354,0.17814593017101288,0.46677836775779724,-0.05615004524588585,0.143405020236969,0.4272530972957611,-0.06307896226644516,0.23157474398612976,0.4172655940055847,-0.01457031350582838,0.25024285912513733,0.3420516848564148,-0.03059631772339344,0.26187312602996826,0.29461967945098877,-0.04144911468029022,0.27039089798927307,0.2549701929092407,-0.04779142513871193,0.20106635987758636,0.40885108709335327,-0.010662300512194633,0.21020792424678802,0.31951063871383667,-0.028997793793678284,0.21430262923240662,0.265275239944458,-0.04098384082317352,0.21651048958301544,0.2209184616804123,-0.04528079554438591,0.17251406610012054,0.4262003004550934,-0.011512944474816322,0.15459463000297546,0.38232001662254333,-0.04565301910042763,0.15633054077625275,0.43068283796310425,-0.05375511944293976,0.15918907523155212,0.46735161542892456,-0.04740510508418083,0.14763367176055908,0.45783889293670654,-0.014759175479412079,0.1347542107105255,0.42053595185279846,-0.04320782050490379,0.14223986864089966,0.45795828104019165,-0.04463443160057068,0.14968280494213104,0.49060022830963135,-0.03772817552089691,two
0.1806909143924713,0.6097451448440552,5.810280754303676e-07,0.20994332432746887,0.5821974873542786,-0.03405168652534485,0.21432623267173767,0.5178791880607605,-0.04601268842816353,0.17886607348918915,0.4678398072719574,-0.05562933161854744,0.1436663568019867,0.42984864115715027,-0.06286168843507767,0.23174646496772766,0.4180414080619812,-0.015065306797623634,0.25072139501571655,0.34321796894073486,-0.03128780424594879,0.2622726559638977,0.2958950102329254,-0.0422743558883667,0.2708480656147003,0.25608423352241516,-0.04879184067249298,0.20128485560417175,0.4097065031528473,-0.0116533562541008,0.21067693829536438,0.320691853761673,-0.03002985753118992,0.21491862833499908,0.26627498865127563,-0.04211103171110153,0.2174653559923172,0.22163888812065125,-0.04670422896742821,0.1727970540523529,0.42692217230796814,-0.012842574156820774,0.15526962280273438,0.38261643052101135,-0.046691857278347015,0.15698106586933136,0.4302549362182617,-0.05470598489046097,0.15977852046489716,0.46701309084892273,-0.048582155257463455,0.14814580976963043,0.45847469568252563,-0.01638142019510269,0.13532400131225586,0.4217604994773865,-0.04464838653802872,0.143042653799057,0.45865610241889954,-0.04609045758843422,0.15070974826812744,0.49121159315109253,-0.03935004025697708,two
0.1805049329996109,0.6110274791717529,5.855898734807852e-07,0.21009361743927002,0.5834344625473022,-0.03431915491819382,0.2145148664712906,0.5188806056976318,-0.046322911977767944,0.17911091446876526,0.4683883786201477,-0.055895544588565826,0.1443336009979248,0.4296932816505432,-0.06300632655620575,0.23169758915901184,0.41882380843162537,-0.015267502516508102,0.2504842281341553,0.34379133582115173,-0.031670283526182175,0.26201510429382324,0.2962988018989563,-0.042738739401102066,0.2705298662185669,0.2564306855201721,-0.04922917112708092,0.20104660093784332,0.4098837673664093,-0.01180804893374443,0.21062670648097992,0.32108771800994873,-0.03033706359565258,0.21490880846977234,0.2667360305786133,-0.04218550771474838,0.21730294823646545,0.22233790159225464,-0.04640788957476616,0.17222866415977478,0.4267125129699707,-0.013009141199290752,0.15498614311218262,0.38171619176864624,-0.047230396419763565,0.15692643821239471,0.4303213953971863,-0.05465332046151161,0.15973235666751862,0.4673350155353546,-0.04786200821399689,0.14707313477993011,0.4580714702606201,-0.016594091430306435,0.1347467452287674,0.4204115867614746,-0.045317210257053375,0.14241430163383484,0.4579812288284302,-0.046351347118616104,0.14970789849758148,0.49080386757850647,-0.039046511054039,two
0.1806340217590332,0.611885666847229,5.900247970203054e-07,0.2100357711315155,0.5846410393714905,-0.0348568893969059,0.21446187794208527,0.5202512145042419,-0.04700470343232155,0.1793370395898819,0.46949878334999084,-0.056625038385391235,0.14426478743553162,0.4309383034706116,-0.0637899860739708,0.23187124729156494,0.4193763732910156,-0.015401219949126244,0.2506682276725769,0.34433120489120483,-0.03165891766548157,0.2622232139110565,0.29684287309646606,-0.04272327572107315,0.27081921696662903,0.2569390833377838,-0.049219176173210144,0.20122051239013672,0.4108543395996094,-0.011664648540318012,0.21056361496448517,0.3218115270137787,-0.029942043125629425,0.21475012600421906,0.2672467827796936,-0.04186427593231201,0.21719926595687866,0.22299101948738098,-0.04620383307337761,0.17237865924835205,0.4281536638736725,-0.01264229416847229,0.1546066552400589,0.3838735520839691,-0.04688490182161331,0.15642455220222473,0.4323062300682068,-0.05489739775657654,0.15943162143230438,0.46974724531173706,-0.04849481210112572,0.14718784391880035,0.459929496049881,-0.01602066121995449,0.134712815284729,0.42264196276664734,-0.044843580573797226,0.14219516515731812,0.4606863856315613,-0.04624386131763458,0.14949001371860504,0.49439072608947754,-0.03921010345220566,two
0.17909683287143707,0.6134059429168701,5.935716558269633e-07,0.20906662940979004,0.5867597460746765,-0.035759877413511276,0.21392513811588287,0.521726667881012,-0.047995425760746,0.17810212075710297,0.4703351855278015,-0.05748681724071503,0.14262162148952484,0.43077754974365234,-0.06451937556266785,0.23084716498851776,0.42122143507003784,-0.01609993726015091,0.24992156028747559,0.34583330154418945,-0.032735276967287064,0.26130351424217224,0.2979246973991394,-0.04390273988246918,0.26961201429367065,0.2574997842311859,-0.05041225627064705,0.20005835592746735,0.41239961981773376,-0.012069466523826122,0.21003125607967377,0.3227561116218567,-0.03093849867582321,0.2144542783498764,0.2680093050003052,-0.04307018592953682,0.2169603705406189,0.22326353192329407,-0.047344058752059937,0.17098522186279297,0.4295101463794708,-0.0128554105758667,0.15387339890003204,0.3843178153038025,-0.0481497198343277,0.15500199794769287,0.43431419134140015,-0.056147072464227676,0.15714702010154724,0.47212108969688416,-0.04932617396116257,0.14566677808761597,0.46106579899787903,-0.01605200581252575,0.13354794681072235,0.42272189259529114,-0.045554131269454956,0.14101506769657135,0.4611496329307556,-0.046847086399793625,0.14807091653347015,0.49480393528938293,-0.03952034190297127,two
0.178264319896698,0.6145079135894775,5.948216994511313e-07,0.20818185806274414,0.5875413417816162,-0.035508718341588974,0.21277067065238953,0.5229147672653198,-0.0477774403989315,0.17693167924880981,0.47191518545150757,-0.057372674345970154,0.14185971021652222,0.432112455368042,-0.06449569016695023,0.22989261150360107,0.42173781991004944,-0.016002317890524864,0.2484162300825119,0.346679151058197,-0.03285612165927887,0.2593751847743988,0.298643559217453,-0.04415130242705345,0.267194926738739,0.2580435276031494,-0.05068435147404671,0.19911561906337738,0.4122973382472992,-0.012089420109987259,0.2093217521905899,0.32284262776374817,-0.03120296262204647,0.2131759226322174,0.2680991590023041,-0.043437644839286804,0.215066596865654,0.22305136919021606,-0.04764566943049431,0.17002242803573608,0.4289781451225281,-0.012977519072592258,0.15193641185760498,0.38463151454925537,-0.04827046021819115,0.15291786193847656,0.4348248541355133,-0.056445054709911346,0.1554562747478485,0.4728078544139862,-0.04967788979411125,0.1446257084608078,0.4602367877960205,-0.016251161694526672,0.13180941343307495,0.4235772490501404,-0.04552169889211655,0.13920409977436066,0.46187299489974976,-0.04692764952778816,0.14666418731212616,0.49500197172164917,-0.039668481796979904,two
0.1784745305776596,0.6147754788398743,5.905719149268407e-07,0.20762057602405548,0.5881463289260864,-0.035230692476034164,0.21164560317993164,0.5233311653137207,-0.04735260456800461,0.17582151293754578,0.47245684266090393,-0.05692767724394798,0.14046317338943481,0.4328462481498718,-0.06399719417095184,0.22871021926403046,0.42145341634750366,-0.015006191097199917,0.2465849220752716,0.3463231325149536,-0.031632956117391586,0.25747692584991455,0.2985876798629761,-0.04270311817526817,0.2651338279247284,0.2583774924278259,-0.04897524416446686,0.19813674688339233,0.41257184743881226,-0.011142217554152012,0.20799751579761505,0.3228646516799927,-0.030170515179634094,0.2117408812046051,0.2680017054080963,-0.042260874062776566,0.213347926735878,0.22279630601406097,-0.04624682292342186,0.16956855356693268,0.4295615255832672,-0.012140284292399883,0.15060271322727203,0.38620591163635254,-0.04735719785094261,0.15186770260334015,0.43623632192611694,-0.05562664195895195,0.15481287240982056,0.4738444685935974,-0.048827871680259705,0.14469803869724274,0.46111565828323364,-0.01551538985222578,0.13177761435508728,0.42441633343696594,-0.04435469210147858,0.13922399282455444,0.46281367540359497,-0.045608874410390854,0.14702294766902924,0.49594220519065857,-0.03829536214470863,two
0.17827199399471283,0.6159580945968628,5.907214699618635e-07,0.2079431116580963,0.5886667966842651,-0.03511425480246544,0.21206946671009064,0.5235686302185059,-0.04714500159025192,0.17521122097969055,0.47316455841064453,-0.05667819827795029,0.139088436961174,0.43420594930648804,-0.06380195915699005,0.2280619740486145,0.4225133955478668,-0.014897041022777557,0.24550890922546387,0.3464462459087372,-0.031403712928295135,0.2562278211116791,0.29845482110977173,-0.042426858097314835,0.26409998536109924,0.25820863246917725,-0.0486595593392849,0.1972818225622177,0.4144873321056366,-0.011186470277607441,0.20650184154510498,0.3239348530769348,-0.03005162812769413,0.21072135865688324,0.2688199281692505,-0.042096059769392014,0.21282505989074707,0.2237696349620819,-0.04607534781098366,0.1686641275882721,0.43231314420700073,-0.012313461862504482,0.1500721275806427,0.38820338249206543,-0.04792478308081627,0.1525382399559021,0.43905124068260193,-0.05612343177199364,0.15584824979305267,0.4772084653377533,-0.04912450164556503,0.1437872052192688,0.4647029936313629,-0.015744779258966446,0.1311483085155487,0.4259631931781769,-0.04516322910785675,0.13898947834968567,0.4652133584022522,-0.04611546918749809,0.14641639590263367,0.4995819926261902,-0.03842392936348915,two
0.1789308488368988,0.6170579195022583,5.90958507018513e-07,0.2086363285779953,0.5894882678985596,-0.03440743684768677,0.2124730795621872,0.5243370532989502,-0.046357087790966034,0.17518733441829681,0.474496066570282,-0.05600631609559059,0.13898110389709473,0.43671682476997375,-0.06324007362127304,0.22800807654857635,0.4241294264793396,-0.014849135652184486,0.24547328054904938,0.34779101610183716,-0.03179619088768959,0.25638478994369507,0.2999585270881653,-0.04313598573207855,0.2646484971046448,0.2597750425338745,-0.04961443692445755,0.19707050919532776,0.4161700904369354,-0.011578565463423729,0.20617526769638062,0.3257516026496887,-0.030874039977788925,0.21042633056640625,0.27031052112579346,-0.04331588000059128,0.21287435293197632,0.22477836906909943,-0.0477251373231411,0.16824229061603546,0.4340059161186218,-0.01306976843625307,0.14994648098945618,0.3901722729206085,-0.04849802330136299,0.15253838896751404,0.44023698568344116,-0.05668910965323448,0.15586785972118378,0.4782923460006714,-0.04991357773542404,0.14339035749435425,0.46643707156181335,-0.01686106063425541,0.13084955513477325,0.4285319149494171,-0.04590607434511185,0.13885435461997986,0.46665287017822266,-0.04684438183903694,0.14620645344257355,0.5003600120544434,-0.03933553397655487,two
0.17923037707805634,0.6179403066635132,5.924364359088941e-07,0.20838810503482819,0.5900550484657288,-0.03466792404651642,0.21198059618473053,0.5253353118896484,-0.04677785933017731,0.17532193660736084,0.47539886832237244,-0.05649062618613243,0.13950058817863464,0.4372539222240448,-0.06381253898143768,0.22817254066467285,0.42543238401412964,-0.015460191294550896,0.2456781417131424,0.34921035170555115,-0.03247688710689545,0.256466269493103,0.3012327551841736,-0.043944280594587326,0.26477718353271484,0.2606734037399292,-0.050578173249959946,0.19738444685935974,0.41729751229286194,-0.012000544928014278,0.20626787841320038,0.32712727785110474,-0.03130380064249039,0.21041029691696167,0.2717925012111664,-0.04369233548641205,0.21288762986660004,0.22630910575389862,-0.04812420532107353,0.1686703860759735,0.4348987936973572,-0.013266362249851227,0.15000569820404053,0.3906219005584717,-0.04874883592128754,0.15262863039970398,0.44089987874031067,-0.05673160031437874,0.15612736344337463,0.47896453738212585,-0.049849603325128555,0.14384600520133972,0.4671064019203186,-0.016847951337695122,0.13105559349060059,0.42885905504226685,-0.046130161732435226,0.1389712691307068,0.4674661457538605,-0.047052137553691864,0.14629614353179932,0.5012238621711731,-0.03950352221727371,two
0.17866185307502747,0.6197198629379272,5.955366759735625e-07,0.20866617560386658,0.5920775532722473,-0.03452341631054878,0.2127077579498291,0.5270037651062012,-0.046746496111154556,0.17583206295967102,0.4765472114086151,-0.056668683886528015,0.13988792896270752,0.4381940960884094,-0.06421058624982834,0.22828903794288635,0.42673203349113464,-0.015509841032326221,0.24567079544067383,0.350298672914505,-0.032854240387678146,0.25642770528793335,0.3023553490638733,-0.04448383301496506,0.2647923231124878,0.26188239455223083,-0.051213763654232025,0.19716577231884003,0.418715238571167,-0.012372548691928387,0.20627309381961823,0.3285509943962097,-0.03210406005382538,0.21072450280189514,0.2730310559272766,-0.04465943202376366,0.2135113626718521,0.22724378108978271,-0.049139950424432755,0.16812297701835632,0.43655380606651306,-0.013954722322523594,0.1497247815132141,0.3919907808303833,-0.05009559914469719,0.15267089009284973,0.4431547522544861,-0.057946376502513885,0.15639041364192963,0.4817487895488739,-0.05080446973443031,0.1430480033159256,0.4692772924900055,-0.017827294766902924,0.130332350730896,0.4313250184059143,-0.04794084280729294,0.1384686827659607,0.47063148021698,-0.04892880097031593,0.1458798348903656,0.5047683119773865,-0.041220154613256454,two
0.1800655871629715,0.6203641891479492,5.90477043260762e-07,0.20966176688671112,0.5922720432281494,-0.03439873456954956,0.21328550577163696,0.5272102355957031,-0.04658321291208267,0.17629475891590118,0.4778100252151489,-0.05639156326651573,0.1399286836385727,0.44068485498428345,-0.06377562880516052,0.22889676690101624,0.4277281165122986,-0.01582258939743042,0.245878666639328,0.3514382243156433,-0.03293038159608841,0.25671619176864624,0.30359575152397156,-0.04441552609205246,0.2649576961994171,0.26313531398773193,-0.05116027221083641,0.19803978502750397,0.419528067111969,-0.012592300772666931,0.2063550502061844,0.3293601870536804,-0.03174920380115509,0.21050740778446198,0.2744837999343872,-0.04399345442652702,0.2130117416381836,0.22904843091964722,-0.04848295822739601,0.16947340965270996,0.4371452331542969,-0.014043069444596767,0.149839848279953,0.3928859829902649,-0.048885393887758255,0.15314896404743195,0.44207942485809326,-0.056802086532115936,0.15747776627540588,0.47923263907432556,-0.050234489142894745,0.14477957785129547,0.4694388210773468,-0.01786046475172043,0.1311660259962082,0.4334896504878998,-0.04682784155011177,0.13951046764850616,0.4709468483924866,-0.048129089176654816,0.14754576981067657,0.5032073259353638,-0.041062131524086,two
0.1790180653333664,0.6201937198638916,5.94862228808779e-07,0.2085522711277008,0.5930140018463135,-0.034585967659950256,0.21309085190296173,0.5283458828926086,-0.04670315235853195,0.17659062147140503,0.47842589020729065,-0.05628495663404465,0.14059141278266907,0.4407885670661926,-0.06341065466403961,0.22855333983898163,0.4281582832336426,-0.015988890081644058,0.2459670454263687,0.3517650067806244,-0.032686617225408554,0.2566360831260681,0.3039160370826721,-0.04382896050810814,0.2647833228111267,0.2635158896446228,-0.05032156780362129,0.19769726693630219,0.41960713267326355,-0.012291151098906994,0.20675738155841827,0.3296101689338684,-0.030977804213762283,0.2107389122247696,0.27440446615219116,-0.04287906736135483,0.21306288242340088,0.22900483012199402,-0.04718644171953201,0.1691407561302185,0.4366435408592224,-0.013243213295936584,0.1498117297887802,0.3913862705230713,-0.04751548171043396,0.15190419554710388,0.43961793184280396,-0.0552169606089592,0.15544503927230835,0.47690343856811523,-0.048630859702825546,0.14424748718738556,0.4680997133255005,-0.016582105308771133,0.13092686235904694,0.43207454681396484,-0.04524755850434303,0.13859547674655914,0.46946653723716736,-0.046607520431280136,0.1460968255996704,0.5020340085029602,-0.039596669375896454,two
0.17884303629398346,0.6196664571762085,5.907753006795247e-07,0.20817147195339203,0.5924774408340454,-0.03447408229112625,0.2128153294324875,0.527881383895874,-0.04635355621576309,0.17648963630199432,0.4781978726387024,-0.05571471154689789,0.1407516747713089,0.44047829508781433,-0.06254110485315323,0.2285856306552887,0.42800143361091614,-0.015357442200183868,0.24592462182044983,0.35175955295562744,-0.031807877123355865,0.25654298067092896,0.30387967824935913,-0.04267609491944313,0.2645895183086395,0.2637515068054199,-0.04890212416648865,0.1977681964635849,0.41959741711616516,-0.011716877110302448,0.20650027692317963,0.3295358717441559,-0.03022185154259205,0.2104196399450302,0.2744482755661011,-0.04188242927193642,0.2126973271369934,0.22956430912017822,-0.045874398201704025,0.16934993863105774,0.4366733133792877,-0.012786800041794777,0.14980795979499817,0.39256083965301514,-0.04710974916815758,0.15251970291137695,0.44126656651496887,-0.05486849695444107,0.15654288232326508,0.47841665148735046,-0.04814355447888374,0.14455631375312805,0.46802306175231934,-0.016222495585680008,0.1309412121772766,0.43223825097084045,-0.0447523333132267,0.1391257643699646,0.4696000814437866,-0.04601593688130379,0.1471542865037918,0.5018561482429504,-0.038872867822647095,two
0.1789456307888031,0.619309663772583,5.877168973711377e-07,0.20812082290649414,0.5923947095870972,-0.034583769738674164,0.21281158924102783,0.5278770923614502,-0.04649316892027855,0.17657272517681122,0.4779285490512848,-0.055906061083078384,0.1409737467765808,0.4400917589664459,-0.06282632052898407,0.22881338000297546,0.4278290271759033,-0.015285384841263294,0.24585747718811035,0.3517633378505707,-0.031945280730724335,0.25638943910598755,0.30396968126296997,-0.043030403554439545,0.2644237279891968,0.26388049125671387,-0.04940315708518028,0.1979210078716278,0.41954463720321655,-0.011730964295566082,0.20663833618164062,0.32972389459609985,-0.030525730922818184,0.21049942076206207,0.2746773064136505,-0.042439501732587814,0.21288467943668365,0.22967113554477692,-0.04655889794230461,0.16927194595336914,0.4367355406284332,-0.012909620068967342,0.1497986614704132,0.3925139307975769,-0.047691404819488525,0.15231716632843018,0.4416746199131012,-0.0554974339902401,0.15630404651165009,0.4789681136608124,-0.04868164286017418,0.1442897617816925,0.46839720010757446,-0.016437772661447525,0.13078030943870544,0.4322156608104706,-0.045380204916000366,0.13867811858654022,0.4703613519668579,-0.04655088111758232,0.14642390608787537,0.5031379461288452,-0.03923411667346954,two
0.1793304979801178,0.6187945604324341,5.886395229026675e-07,0.20862188935279846,0.5919690728187561,-0.03433937579393387,0.2132272720336914,0.5275908708572388,-0.04637225717306137,0.1765574812889099,0.4778929352760315,-0.05595778673887253,0.14089933037757874,0.4403204917907715,-0.0630432590842247,0.22880008816719055,0.42789772152900696,-0.015498549677431583,0.24576251208782196,0.3519347310066223,-0.032135963439941406,0.2562676966190338,0.3041669428348541,-0.04315228760242462,0.2642272114753723,0.2641229033470154,-0.04953114688396454,0.19793568551540375,0.4195201098918915,-0.012082269415259361,0.20674443244934082,0.3299131989479065,-0.030868468806147575,0.21067079901695251,0.2749342620372772,-0.04267549514770508,0.2128812074661255,0.22987189888954163,-0.046803444623947144,0.16930221021175385,0.43663620948791504,-0.013351527974009514,0.14974434673786163,0.3919145166873932,-0.0479721873998642,0.15264925360679626,0.44067806005477905,-0.055607207119464874,0.1567571461200714,0.4777543842792511,-0.048805661499500275,0.1442655771970749,0.4682129919528961,-0.016959836706519127,0.13106860220432281,0.43186771869659424,-0.045820675790309906,0.13925844430923462,0.4695906341075897,-0.047012798488140106,0.1471366584300995,0.5019087791442871,-0.03979489207267761,two
0.17884591221809387,0.6188760995864868,5.852951403539919e-07,0.20817053318023682,0.5915087461471558,-0.03425094112753868,0.21258355677127838,0.5267987251281738,-0.046099212020635605,0.17662224173545837,0.47660598158836365,-0.055417612195014954,0.14145122468471527,0.4386853575706482,-0.06224242225289345,0.22855137288570404,0.42730820178985596,-0.015565423294901848,0.24541500210762024,0.351369708776474,-0.03215692192316055,0.2559908926486969,0.3036525845527649,-0.0432809516787529,0.26409393548965454,0.26355740427970886,-0.04973769560456276,0.1979922205209732,0.41883933544158936,-0.012011297047138214,0.20657305419445038,0.3293776512145996,-0.030535932630300522,0.2104569673538208,0.2744704484939575,-0.04236685112118721,0.21273107826709747,0.22932997345924377,-0.046603165566921234,0.16965840756893158,0.43589091300964355,-0.013107497245073318,0.1496729552745819,0.39073410630226135,-0.04723367094993591,0.15196311473846436,0.4385335445404053,-0.05491591617465019,0.1558268964290619,0.4753146767616272,-0.04833025112748146,0.1448354721069336,0.46752485632896423,-0.016560649499297142,0.13130711019039154,0.43100836873054504,-0.045088332146406174,0.13937193155288696,0.468102365732193,-0.04638857766985893,0.14726585149765015,0.5002264976501465,-0.03934827446937561,two
0.17930172383785248,0.6183222532272339,5.866681931365747e-07,0.20854449272155762,0.5909585356712341,-0.03398789092898369,0.21261803805828094,0.5265180468559265,-0.04593079537153244,0.17624890804290771,0.4767064154148102,-0.05538445711135864,0.14087995886802673,0.4390672445297241,-0.062289025634527206,0.22846636176109314,0.42696213722229004,-0.015591788105666637,0.24533028900623322,0.35082894563674927,-0.03194029629230499,0.2556670010089874,0.3029995560646057,-0.04279949143528938,0.2633562684059143,0.26295968890190125,-0.04906660318374634,0.1980149894952774,0.41849350929260254,-0.012135372497141361,0.20676475763320923,0.32880932092666626,-0.030297018587589264,0.2106112539768219,0.2737646698951721,-0.04179102182388306,0.21272441744804382,0.22880509495735168,-0.04585295170545578,0.16972817480564117,0.435493528842926,-0.013301298953592777,0.1501191109418869,0.3903437852859497,-0.046848099678754807,0.15234039723873138,0.4370841383934021,-0.05438932031393051,0.1559131145477295,0.473392516374588,-0.04787031561136246,0.14495131373405457,0.46676501631736755,-0.01682477444410324,0.13215211033821106,0.43019425868988037,-0.044691301882267,0.1400696039199829,0.46676746010780334,-0.04579692333936691,0.14767387509346008,0.4987034201622009,-0.03876345232129097,two
0.1788783222436905,0.6179928183555603,5.876658519810007e-07,0.20802967250347137,0.5908522009849548,-0.03396423161029816,0.21235552430152893,0.526439368724823,-0.04577505961060524,0.17637379467487335,0.4767191708087921,-0.05517921969294548,0.1408400684595108,0.43927058577537537,-0.06215795502066612,0.2277878373861313,0.42703765630722046,-0.015614607371389866,0.24497754871845245,0.35105234384536743,-0.03242972493171692,0.2553979754447937,0.30317017436027527,-0.04354385659098625,0.2632887363433838,0.2627420425415039,-0.04985120892524719,0.19718515872955322,0.41858962178230286,-0.012314549647271633,0.20624752342700958,0.3288208842277527,-0.03119615651667118,0.2104068398475647,0.2737170159816742,-0.04302268102765083,0.21298623085021973,0.22845079004764557,-0.047071173787117004,0.16872072219848633,0.4355494976043701,-0.013620471581816673,0.15005820989608765,0.39168497920036316,-0.04820013791322708,0.15240132808685303,0.4410209059715271,-0.05566046014428139,0.15589569509029388,0.47861793637275696,-0.04863939806818962,0.14410042762756348,0.4669029414653778,-0.01723368465900421,0.13143882155418396,0.4303862154483795,-0.0456913560628891,0.13934215903282166,0.4684910774230957,-0.046388935297727585,0.1468392014503479,0.5015079975128174,-0.0387871190905571,two
0.17808569967746735,0.6162816882133484,5.846567319167661e-07,0.2074189931154251,0.5885517597198486,-0.03372379392385483,0.2118012011051178,0.5237821340560913,-0.045580025762319565,0.1757691204547882,0.4731280207633972,-0.055159810930490494,0.1410762071609497,0.43446335196495056,-0.062301672995090485,0.2277047336101532,0.4251842796802521,-0.015252002514898777,0.24484409391880035,0.3491392433643341,-0.03254842385649681,0.25537386536598206,0.3012295961380005,-0.04398331046104431,0.2636483907699585,0.2610119581222534,-0.05036334693431854,0.19698388874530792,0.4167677164077759,-0.012180161662399769,0.20580923557281494,0.32729071378707886,-0.031632211059331894,0.21004024147987366,0.2721533179283142,-0.04369884356856346,0.21290263533592224,0.22675667703151703,-0.04775010049343109,0.16825562715530396,0.4333576560020447,-0.013744425028562546,0.14991676807403564,0.3902786076068878,-0.04890674352645874,0.15255481004714966,0.4406616985797882,-0.05610940232872963,0.15627099573612213,0.4785918593406677,-0.048683639615774155,0.1430135816335678,0.4642247259616852,-0.01759514957666397,0.13017147779464722,0.4269750714302063,-0.04628642275929451,0.137968972325325,0.46527981758117676,-0.04661232978105545,0.14523932337760925,0.49822941422462463,-0.0386168546974659,two
0.17976877093315125,0.5828392505645752,3.327784838802472e-07,0.15381018817424774,0.5152470469474792,0.013052248395979404,0.15707507729530334,0.4594160318374634,0.010099189355969429,0.1781131774187088,0.424472451210022,0.0030680045019835234,0.20399139821529388,0.40990912914276123,-0.003759770654141903,0.15179289877414703,0.42232003808021545,-0.01086531300097704,0.1469067931175232,0.3393794894218445,-0.026316598057746887,0.1397792398929596,0.28724002838134766,-0.035117730498313904,0.13407449424266815,0.24761907756328583,-0.039345305413007736,0.1793334186077118,0.42255866527557373,-0.023524126037955284,0.1929512768983841,0.3365456461906433,-0.037509091198444366,0.19895145297050476,0.2836497128009796,-0.04456105828285217,0.20191143453121185,0.24526526033878326,-0.04781665652990341,0.2092585563659668,0.4369598925113678,-0.03299403190612793,0.2335539013147354,0.39249593019485474,-0.03750075399875641,0.23032736778259277,0.41371697187423706,-0.026707632467150688,0.22223126888275146,0.4341511130332947,-0.01663953997194767,0.23569455742835999,0.4609706997871399,-0.04218146950006485,0.2504845857620239,0.4321078658103943,-0.03539668768644333,0.24413436651229858,0.4502687454223633,-0.018675822764635086,0.23643136024475098,0.4674238860607147,-0.004826638847589493,two
0.1884271204471588,0.5971033573150635,3.145035805118823e-07,0.1628405749797821,0.5261306166648865,0.01745496317744255,0.1676037311553955,0.4674784541130066,0.01681961864233017,0.19063317775726318,0.43168532848358154,0.011510198935866356,0.2153112292289734,0.4145192503929138,0.006437447387725115,0.16125339269638062,0.42485034465789795,-0.006369797047227621,0.15428879857063293,0.33770814538002014,-0.019244574010372162,0.14462414383888245,0.283302903175354,-0.02648596279323101,0.13651502132415771,0.24132941663265228,-0.030029648914933205,0.19070154428482056,0.4259050190448761,-0.020719463005661964,0.2030174732208252,0.3337629735469818,-0.03290776535868645,0.2080751359462738,0.2774975299835205,-0.03965474292635918,0.21090708673000336,0.23775789141654968,-0.043231770396232605,0.22058963775634766,0.44080501794815063,-0.03138555586338043,0.24139393866062164,0.39063239097595215,-0.033955708146095276,0.23733916878700256,0.41134124994277954,-0.022590655833482742,0.2301119714975357,0.4323671758174896,-0.01276442501693964,0.24644404649734497,0.4646221697330475,-0.04140016436576843,0.25699543952941895,0.4308708906173706,-0.03280693292617798,0.24982556700706482,0.4498022198677063,-0.014881571754813194,0.24333034455776215,0.4688175916671753,-0.0006318626110441983,two
0.1892726719379425,0.5938037037849426,3.1149571100286266e-07,0.16351796686649323,0.5221878886222839,0.018129857257008553,0.16791877150535583,0.4651314318180084,0.01688307523727417,0.19053702056407928,0.42948824167251587,0.010956473648548126,0.21513766050338745,0.41238144040107727,0.005388310179114342,0.16115282475948334,0.42430752515792847,-0.008244099095463753,0.1546187847852707,0.3378278613090515,-0.02212253399193287,0.14499658346176147,0.28404486179351807,-0.029881779104471207,0.1370086818933487,0.2424149364233017,-0.033700525760650635,0.19015058875083923,0.42603617906570435,-0.022965382784605026,0.20244717597961426,0.3336047828197479,-0.036982398480176926,0.2075061947107315,0.27715229988098145,-0.0445876307785511,0.21035370230674744,0.23753903806209564,-0.048629116266965866,0.22020667791366577,0.4412478804588318,-0.03362145274877548,0.24166908860206604,0.391196608543396,-0.036547109484672546,0.23746280372142792,0.4116412103176117,-0.024225911125540733,0.22995895147323608,0.4323717951774597,-0.013689953833818436,0.24648168683052063,0.4648430049419403,-0.043578218668699265,0.25740504264831543,0.4304277300834656,-0.03433430567383766,0.25023505091667175,0.4494580030441284,-0.015349367633461952,0.24346955120563507,0.4683668315410614,-0.00036705448292195797,two
0.18876111507415771,0.5924773216247559,3.198250055902463e-07,0.16364198923110962,0.5222347378730774,0.014505184255540371,0.1674501597881317,0.4633369445800781,0.01256233174353838,0.19054551422595978,0.42844629287719727,0.006509066093713045,0.21539154648780823,0.412430077791214,0.000643744133412838,0.16188445687294006,0.423393577337265,-0.009932665154337883,0.15558749437332153,0.3378668427467346,-0.023384446278214455,0.146256685256958,0.28413069248199463,-0.030722033232450485,0.13776935636997223,0.24286159873008728,-0.03436480462551117,0.19099578261375427,0.4250772297382355,-0.023843063041567802,0.2041565328836441,0.33339399099349976,-0.036286499351263046,0.20909209549427032,0.27825528383255005,-0.042885154485702515,0.21143968403339386,0.23873429000377655,-0.046352118253707886,0.22065719962120056,0.4404778778553009,-0.03440305218100548,0.2428785264492035,0.3907143771648407,-0.03891148790717125,0.23859523236751556,0.4127812385559082,-0.028514951467514038,0.23102599382400513,0.43409594893455505,-0.019053375348448753,0.24626657366752625,0.4644986391067505,-0.04440116137266159,0.2574770748615265,0.43083456158638,-0.037884533405303955,0.2497784048318863,0.45049598813056946,-0.02086169831454754,0.24272340536117554,0.4695577025413513,-0.007153802551329136,two
0.18847960233688354,0.591802716255188,3.147484051169158e-07,0.16347554326057434,0.5212477445602417,0.013558571226894855,0.16775202751159668,0.46124619245529175,0.011431899853050709,0.19175992906093597,0.42602241039276123,0.00539675448089838,0.21696223318576813,0.40950024127960205,-0.00042065882007591426,0.16161659359931946,0.4221435785293579,-0.010005021467804909,0.15592974424362183,0.33686667680740356,-0.023243334144353867,0.14699605107307434,0.2832082509994507,-0.03052755445241928,0.13861119747161865,0.241714745759964,-0.034105706959962845,0.19093075394630432,0.4238102436065674,-0.02339581958949566,0.2042083591222763,0.3331519365310669,-0.03536108136177063,0.2096181958913803,0.2781352996826172,-0.041951268911361694,0.21226663887500763,0.23818247020244598,-0.04546857997775078,0.22093626856803894,0.4389478266239166,-0.03354518860578537,0.24350842833518982,0.3905438184738159,-0.03797883540391922,0.23927505314350128,0.41211697459220886,-0.028071124106645584,0.23124819993972778,0.43316125869750977,-0.018936198204755783,0.24704720079898834,0.4623580574989319,-0.04320188984274864,0.2584717869758606,0.4294929504394531,-0.03674452379345894,0.2511301040649414,0.448852002620697,-0.020007899031043053,0.24389661848545074,0.46785593032836914,-0.006496210116893053,two
0.18937383592128754,0.5904049873352051,3.0585695753870823e-07,0.16567933559417725,0.5181791186332703,0.013150542043149471,0.1713160127401352,0.4588778614997864,0.010490665212273598,0.19615310430526733,0.42418384552001953,0.004084631334990263,0.22129671275615692,0.4079117476940155,-0.002151209395378828,0.1636592149734497,0.4233464300632477,-0.011696533299982548,0.15785500407218933,0.3377269208431244,-0.024940060451626778,0.14913946390151978,0.28458350896835327,-0.03210771083831787,0.14125612378120422,0.2429765909910202,-0.03559141978621483,0.1932874470949173,0.4247763454914093,-0.02475765161216259,0.20584625005722046,0.33437472581863403,-0.03621869534254074,0.21107378602027893,0.2792532742023468,-0.042531274259090424,0.2135142982006073,0.23917022347450256,-0.046086959540843964,0.2236728072166443,0.4396587312221527,-0.0344928614795208,0.24470418691635132,0.3917889893054962,-0.038339272141456604,0.2395278513431549,0.41266244649887085,-0.028702162206172943,0.23078568279743195,0.43375763297080994,-0.02001901902258396,0.2496694177389145,0.46253329515457153,-0.04376423358917236,0.2595353126525879,0.4306456446647644,-0.037007853388786316,0.251639723777771,0.4489120543003082,-0.020662695169448853,0.24447974562644958,0.4676440954208374,-0.007596355862915516,two
0.18986496329307556,0.590469479560852,3.1098247177396843e-07,0.16559848189353943,0.5193774104118347,0.013624651357531548,0.17064866423606873,0.4607142508029938,0.011129386723041534,0.19426238536834717,0.42478466033935547,0.004867822863161564,0.2188943326473236,0.40739285945892334,-0.0012038532877340913,0.16432936489582062,0.4234022796154022,-0.011588158085942268,0.15943902730941772,0.33793264627456665,-0.02512529119849205,0.15111249685287476,0.2845194637775421,-0.03252037242054939,0.1432993859052658,0.242939293384552,-0.03609994053840637,0.19378761947155,0.4246200621128082,-0.024651510640978813,0.20755435526371002,0.3338227868080139,-0.036505140364170074,0.21301813423633575,0.2784988284111023,-0.04288780689239502,0.21528656780719757,0.2384856641292572,-0.04633092135190964,0.22394725680351257,0.4394126236438751,-0.034260641783475876,0.24551153182983398,0.3910192847251892,-0.037671878933906555,0.24081073701381683,0.4113502502441406,-0.02722669579088688,0.23238259553909302,0.43194815516471863,-0.01799735240638256,0.24972543120384216,0.4624903202056885,-0.043428536504507065,0.26035231351852417,0.4309970736503601,-0.03607242554426193,0.2528381943702698,0.4487612545490265,-0.019176775589585304,0.24568599462509155,0.46686872839927673,-0.005646105855703354,two
0.18927910923957825,0.5901587605476379,3.143025821827905e-07,0.16597667336463928,0.5198687314987183,0.011574913747608662,0.17218926548957825,0.4591650366783142,0.008645521476864815,0.19761969149112701,0.42280593514442444,0.002305063419044018,0.22298836708068848,0.4054000973701477,-0.003733558114618063,0.1648664027452469,0.4224378168582916,-0.012090235948562622,0.15934105217456818,0.336774080991745,-0.025176119059324265,0.1512080430984497,0.2838360667228699,-0.03191410005092621,0.1429898738861084,0.2428833395242691,-0.03499317541718483,0.19422903656959534,0.42463526129722595,-0.024761034175753593,0.2089853733778,0.3335058093070984,-0.03602045401930809,0.21416619420051575,0.2787154018878937,-0.04186944290995598,0.21590708196163177,0.23851148784160614,-0.04487484320998192,0.22382567822933197,0.44013693928718567,-0.034423910081386566,0.2463693916797638,0.3911047875881195,-0.03922945261001587,0.24125853180885315,0.4132857024669647,-0.02971043437719345,0.23272252082824707,0.43427929282188416,-0.020762059837579727,0.24946585297584534,0.46362069249153137,-0.04367392882704735,0.2608633041381836,0.430765300989151,-0.03785131126642227,0.25266924500465393,0.4503485858440399,-0.021629437804222107,0.24528035521507263,0.469191312789917,-0.008508115075528622,two
0.19073541462421417,0.5917052030563354,3.1133191669141524e-07,0.16625526547431946,0.5207738876342773,0.011870653368532658,0.1721603274345398,0.46070563793182373,0.008758137933909893,0.19696450233459473,0.4244632422924042,0.0021664858795702457,0.22204823791980743,0.40725821256637573,-0.004217576701194048,0.16501116752624512,0.42396700382232666,-0.012558447197079659,0.1595112532377243,0.33833223581314087,-0.02671821042895317,0.15134567022323608,0.28435778617858887,-0.03467373922467232,0.14393088221549988,0.24268662929534912,-0.03850754722952843,0.1946316659450531,0.42593586444854736,-0.02504894882440567,0.20924463868141174,0.33544400334358215,-0.03652684763073921,0.21454811096191406,0.27997690439224243,-0.04275580495595932,0.21659202873706818,0.23976975679397583,-0.04617510363459587,0.22483943402767181,0.4408663213253021,-0.03445867821574211,0.24650640785694122,0.3920069932937622,-0.03864008188247681,0.2410491555929184,0.41263172030448914,-0.02923544868826866,0.23235584795475006,0.43369555473327637,-0.020581001415848732,0.25052642822265625,0.463698148727417,-0.043518561869859695,0.2610913813114166,0.43108421564102173,-0.03733207285404205,0.25281423330307007,0.449514240026474,-0.021324479952454567,0.24552105367183685,0.46828797459602356,-0.008352439850568771,two
0.1899787187576294,0.590852677822113,3.126035039713315e-07,0.16700264811515808,0.5203065872192383,0.011380530893802643,0.17364034056663513,0.45950761437416077,0.00856831669807434,0.19947655498981476,0.4237232804298401,0.0023724345955997705,0.22500666975975037,0.4067896008491516,-0.0035430414136499166,0.1658811867237091,0.42385542392730713,-0.011537368409335613,0.15999792516231537,0.3383719325065613,-0.02406136691570282,0.1520061492919922,0.285504013299942,-0.030483262613415718,0.1439264416694641,0.24448789656162262,-0.03344446420669556,0.1956227570772171,0.4256192147731781,-0.02406865544617176,0.2098282128572464,0.3346264362335205,-0.03440622612833977,0.21497009694576263,0.2802656888961792,-0.03986194729804993,0.21673765778541565,0.2404930591583252,-0.04272337257862091,0.22534871101379395,0.44100871682167053,-0.033691905438899994,0.24663648009300232,0.3918042480945587,-0.03795316815376282,0.24129989743232727,0.4145452082157135,-0.028518859297037125,0.23278196156024933,0.4359748065471649,-0.019754210487008095,0.25109755992889404,0.4644582271575928,-0.04291839525103569,0.26123514771461487,0.43177568912506104,-0.03696008399128914,0.2529289722442627,0.45129260420799255,-0.0208889227360487,0.2456854283809662,0.47026318311691284,-0.007941112853586674,two
0.1910509318113327,0.5909600257873535,2.918978339039313e-07,0.16666987538337708,0.5201987028121948,0.01334292907267809,0.1710454821586609,0.4620354473590851,0.01040535606443882,0.1932031661272049,0.4269765615463257,0.003614585381001234,0.21706266701221466,0.4106976389884949,-0.003109639510512352,0.1654907613992691,0.42379799485206604,-0.011723372153937817,0.15925468504428864,0.33948540687561035,-0.025976864621043205,0.15044108033180237,0.28708818554878235,-0.03399849683046341,0.14256832003593445,0.2473955750465393,-0.03778742998838425,0.19473052024841309,0.425547331571579,-0.02494935132563114,0.2087005227804184,0.33496126532554626,-0.03626984357833862,0.21385405957698822,0.2800310254096985,-0.04241131618618965,0.21587243676185608,0.24051234126091003,-0.0457347072660923,0.2248712033033371,0.4405800998210907,-0.0349557064473629,0.24657166004180908,0.3921637535095215,-0.03822287544608116,0.24173091351985931,0.4129778742790222,-0.028110845014452934,0.23334084451198578,0.43394243717193604,-0.01918218471109867,0.25094759464263916,0.46403807401657104,-0.044566117227077484,0.2611714005470276,0.4320998191833496,-0.03742879629135132,0.25355902314186096,0.45002827048301697,-0.02077549137175083,0.246392160654068,0.4684831500053406,-0.007400841917842627,two
0.19055137038230896,0.5909112691879272,3.0385726290660386e-07,0.16683150827884674,0.5213167071342468,0.011130898259580135,0.17267799377441406,0.46059074997901917,0.008016462437808514,0.19761893153190613,0.4243869185447693,0.001529345870949328,0.22263100743293762,0.40650883316993713,-0.004665215499699116,0.1662026345729828,0.4239455461502075,-0.012413149699568748,0.1590728759765625,0.3392830789089203,-0.025635546073317528,0.15045079588890076,0.286834180355072,-0.03264598920941353,0.14212116599082947,0.24660170078277588,-0.03596650809049606,0.19589932262897491,0.4257015883922577,-0.024890732020139694,0.21047577261924744,0.33559826016426086,-0.03561225160956383,0.2151111662387848,0.28089138865470886,-0.0414532870054245,0.21647371351718903,0.24103398621082306,-0.04470231011509895,0.22535869479179382,0.44087332487106323,-0.03448598459362984,0.24681834876537323,0.39124131202697754,-0.03869494050741196,0.24151355028152466,0.4139888286590576,-0.029231688007712364,0.23325268924236298,0.4354812800884247,-0.02064644545316696,0.2509092092514038,0.4640139043331146,-0.04376092925667763,0.2609696388244629,0.43188807368278503,-0.0379851758480072,0.25267335772514343,0.45139753818511963,-0.0222335122525692,0.2455921322107315,0.47011756896972656,-0.00953349843621254,two
0.19122156500816345,0.5916264057159424,2.9406436397039215e-07,0.16714340448379517,0.5220833420753479,0.011955030262470245,0.17278221249580383,0.46234989166259766,0.00917780864983797,0.19732098281383514,0.4261165261268616,0.002846894785761833,0.22189556062221527,0.4076986312866211,-0.003170683514326811,0.16625002026557922,0.42473700642585754,-0.011176259256899357,0.15930695831775665,0.3408500850200653,-0.02426324225962162,0.15064272284507751,0.2888694405555725,-0.03133832663297653,0.14249692857265472,0.24909532070159912,-0.034681208431720734,0.19602787494659424,0.42588815093040466,-0.02387245185673237,0.2105042189359665,0.33619970083236694,-0.03432004898786545,0.21516843140125275,0.2815101444721222,-0.04024100303649902,0.2167072743177414,0.24206748604774475,-0.04359227791428566,0.22577616572380066,0.4407716393470764,-0.03360813483595848,0.2473885864019394,0.39192357659339905,-0.03700552508234978,0.24195504188537598,0.4144270718097687,-0.027322862297296524,0.2335292547941208,0.435916006565094,-0.01879987306892872,0.251431941986084,0.4639269709587097,-0.043041061609983444,0.2615484595298767,0.43387508392333984,-0.03666721284389496,0.25343960523605347,0.45315656065940857,-0.020842576399445534,0.2463386505842209,0.4716636538505554,-0.008137703873217106,two
0.1911117434501648,0.5905230045318604,2.959676521641086e-07,0.16798700392246246,0.5202940702438354,0.013180887326598167,0.17347469925880432,0.46181994676589966,0.010602341964840889,0.19726739823818207,0.42614755034446716,0.004208626691251993,0.22184208035469055,0.40833091735839844,-0.001925624324940145,0.16650184988975525,0.42469292879104614,-0.010940168984234333,0.15969540178775787,0.3404289484024048,-0.024045292288064957,0.15108735859394073,0.28848904371261597,-0.031068863347172737,0.1430877447128296,0.24847067892551422,-0.03437484800815582,0.19603440165519714,0.4258386790752411,-0.024064576253294945,0.21044909954071045,0.33601436018943787,-0.03473486378788948,0.21537411212921143,0.28146475553512573,-0.040796972811222076,0.21693983674049377,0.24226124584674835,-0.04423197731375694,0.22580014169216156,0.4405324161052704,-0.03401719778776169,0.24779170751571655,0.3919876217842102,-0.03710170090198517,0.24293358623981476,0.414188027381897,-0.02722351998090744,0.234745055437088,0.4355895221233368,-0.018619410693645477,0.25164857506752014,0.4633341133594513,-0.043575868010520935,0.26211389899253845,0.43403059244155884,-0.03663131594657898,0.2542564272880554,0.4529739320278168,-0.0206226147711277,0.24720029532909393,0.47125044465065,-0.007836899720132351,two
0.1908264309167862,0.5904301404953003,2.9296353432073374e-07,0.16792842745780945,0.520861029624939,0.01284020859748125,0.17378905415534973,0.46183332800865173,0.010543215088546276,0.19771574437618256,0.4265255033969879,0.004541587084531784,0.22195123136043549,0.409056156873703,-0.0011703151976689696,0.1669044941663742,0.42434757947921753,-0.010539349168539047,0.16069535911083221,0.3401203155517578,-0.023176955059170723,0.15240578353405,0.2884034514427185,-0.02978736162185669,0.14445772767066956,0.24863621592521667,-0.03286316245794296,0.19670401513576508,0.4252457320690155,-0.02342887595295906,0.21085238456726074,0.3357645273208618,-0.03378067910671234,0.2155819833278656,0.2814289629459381,-0.03957928344607353,0.21703605353832245,0.24198152124881744,-0.04279564321041107,0.22641560435295105,0.43985065817832947,-0.033237259835004807,0.248168483376503,0.3913748562335968,-0.03628656640648842,0.24338695406913757,0.41395628452301025,-0.026420652866363525,0.23523816466331482,0.43529048562049866,-0.01779771037399769,0.2519885301589966,0.46273699402809143,-0.0426817424595356,0.26220929622650146,0.43417903780937195,-0.03592311963438988,0.2543642520904541,0.45313379168510437,-0.020147573202848434,0.2473038136959076,0.47113287448883057,-0.007511461153626442,two
0.19146093726158142,0.5913544297218323,2.898425464081811e-07,0.16822278499603271,0.5209754109382629,0.013333968818187714,0.17343670129776,0.4627099335193634,0.011056550778448582,0.196851909160614,0.42774340510368347,0.004982864949852228,0.22085128724575043,0.4110454320907593,-0.0008590279030613601,0.1672981083393097,0.4249108135700226,-0.010195700451731682,0.16091486811637878,0.3404829800128937,-0.022881722077727318,0.1526176482439041,0.28854185342788696,-0.02962416596710682,0.1451982855796814,0.24861067533493042,-0.03273599222302437,0.1970432698726654,0.42607828974723816,-0.02314407378435135,0.21061888337135315,0.33662715554237366,-0.03359620273113251,0.21563337743282318,0.2823878228664398,-0.039460211992263794,0.2176639586687088,0.2432016283273697,-0.042672861367464066,0.226934552192688,0.4407488703727722,-0.03291953355073929,0.24799267947673798,0.392543226480484,-0.03580278530716896,0.2430141568183899,0.41445523500442505,-0.026007596403360367,0.2347550243139267,0.4358222186565399,-0.017398156225681305,0.2525966167449951,0.4636329412460327,-0.042280133813619614,0.262393057346344,0.4341926574707031,-0.0352231040596962,0.2545420527458191,0.45270973443984985,-0.019293781369924545,0.24745726585388184,0.4708772301673889,-0.006497865077108145,two
0.19129060208797455,0.5917947292327881,2.919493340414192e-07,0.1680109202861786,0.5216375589370728,0.014397560618817806,0.17238205671310425,0.46403348445892334,0.012205271981656551,0.19405007362365723,0.42800161242485046,0.006017311010509729,0.21727973222732544,0.41044601798057556,5.334755405783653e-05,0.16664135456085205,0.42504310607910156,-0.010170741006731987,0.1608346402645111,0.34085386991500854,-0.023432549089193344,0.1523977816104889,0.2888266444206238,-0.03060878999531269,0.14492109417915344,0.249033585190773,-0.03397166356444359,0.19613619148731232,0.42613720893859863,-0.023468662053346634,0.21009640395641327,0.336778461933136,-0.03497280552983284,0.21542006731033325,0.2821090817451477,-0.04145381972193718,0.21758626401424408,0.24292995035648346,-0.04495938867330551,0.2261117547750473,0.4406362771987915,-0.03334030136466026,0.24767665565013885,0.39302006363868713,-0.036140844225883484,0.2430671602487564,0.4143783748149872,-0.02559417299926281,0.23477569222450256,0.43541550636291504,-0.01642894186079502,0.25201672315597534,0.46342533826828003,-0.04275943338871002,0.26222872734069824,0.43356749415397644,-0.035104624927043915,0.25482410192489624,0.45175525546073914,-0.01845337077975273,0.24774952232837677,0.4698733985424042,-0.0050751324743032455,two
0.190871924161911,0.592700183391571,2.9294287173797784e-07,0.16745159029960632,0.5224956274032593,0.014999056234955788,0.17241191864013672,0.46446967124938965,0.013336624018847942,0.19447921216487885,0.42875218391418457,0.007568054366856813,0.21803335845470428,0.41154801845550537,0.00199799588881433,0.16675850749015808,0.42496830224990845,-0.009043167345225811,0.16115349531173706,0.3411427438259125,-0.02171172760426998,0.1528431475162506,0.28902196884155273,-0.02853492461144924,0.14534132182598114,0.248970165848732,-0.03174257278442383,0.1963457316160202,0.4260979890823364,-0.022470172494649887,0.21028414368629456,0.3366263508796692,-0.0337059460580349,0.21552179753780365,0.2818136215209961,-0.0400453619658947,0.21757283806800842,0.24247367680072784,-0.043418534100055695,0.2262549102306366,0.4408080577850342,-0.03241777420043945,0.24779008328914642,0.39271408319473267,-0.03484420105814934,0.2433149218559265,0.41409632563591003,-0.023981137201189995,0.23504191637039185,0.4350350499153137,-0.014581732451915741,0.25202250480651855,0.46402597427368164,-0.04186635464429855,0.2624252736568451,0.43274199962615967,-0.03364028409123421,0.2550968825817108,0.45095014572143555,-0.01649472862482071,0.24796511232852936,0.4692939519882202,-0.002809970173984766,two
0.19098234176635742,0.592414915561676,2.899946593970526e-07,0.1680358499288559,0.5215764045715332,0.013565865345299244,0.17335474491119385,0.46303191781044006,0.011482604779303074,0.19606171548366547,0.4271639287471771,0.005527017172425985,0.21948973834514618,0.4093266427516937,-0.00018996985454577953,0.16682851314544678,0.4241529107093811,-0.009478968568146229,0.16112235188484192,0.3406006395816803,-0.022176025435328484,0.15293794870376587,0.28869473934173584,-0.029099786654114723,0.14551153779029846,0.24863992631435394,-0.032373879104852676,0.19645532965660095,0.4255734384059906,-0.022504176944494247,0.2100497931241989,0.3364667296409607,-0.03315286338329315,0.21530278027057648,0.28203070163726807,-0.03926324099302292,0.2175767421722412,0.24288664758205414,-0.04263307899236679,0.2263791412115097,0.4405735731124878,-0.03234604373574257,0.24736875295639038,0.39248114824295044,-0.03531160205602646,0.2427273392677307,0.4137246012687683,-0.025284459814429283,0.23454566299915314,0.43481773138046265,-0.01644355058670044,0.2521933615207672,0.4638870358467102,-0.04177062213420868,0.2620288133621216,0.4328418970108032,-0.034556224942207336,0.2546539008617401,0.45094233751296997,-0.01824428327381611,0.24773763120174408,0.46925845742225647,-0.0051430645398795605,two
0.19203893840312958,0.593085527420044,2.806771135510644e-07,0.16905255615711212,0.5225822925567627,0.014924940653145313,0.17421077191829681,0.46428239345550537,0.013264716602861881,0.19604723155498505,0.42880263924598694,0.007487443275749683,0.21883900463581085,0.41064631938934326,0.0018288641003891826,0.16775280237197876,0.4251962900161743,-0.009135614149272442,0.1622106283903122,0.3415759205818176,-0.02169886603951454,0.15389356017112732,0.2897837162017822,-0.028362752869725227,0.14640763401985168,0.24979634582996368,-0.03144892305135727,0.19717660546302795,0.42610013484954834,-0.022781170904636383,0.21092867851257324,0.3365660607814789,-0.03349331393837929,0.21600651741027832,0.28225499391555786,-0.039354387670755386,0.21799694001674652,0.24345770478248596,-0.04247976839542389,0.22709205746650696,0.44085991382598877,-0.03303908556699753,0.24841561913490295,0.39246198534965515,-0.035557810217142105,0.24408572912216187,0.4137803912162781,-0.02508232556283474,0.23604969680309296,0.43471530079841614,-0.016069889068603516,0.2528096139431,0.46433553099632263,-0.04278240725398064,0.26295697689056396,0.43401405215263367,-0.035046566277742386,0.2558055818080902,0.4520633816719055,-0.018413173034787178,0.24888694286346436,0.4701728820800781,-0.005144358146935701,two
0.1919785588979721,0.5936733484268188,2.8267174911889015e-07,0.16836315393447876,0.5228701829910278,0.014612006023526192,0.17385785281658173,0.46468496322631836,0.01287168450653553,0.19608686864376068,0.4290825128555298,0.007016414310783148,0.21969696879386902,0.4114857017993927,0.0012386456364765763,0.16800275444984436,0.42467787861824036,-0.008558711037039757,0.16285590827465057,0.34150418639183044,-0.02134879119694233,0.1545928567647934,0.2896119952201843,-0.02847108244895935,0.14728593826293945,0.24958577752113342,-0.03186318650841713,0.19764405488967896,0.42561110854148865,-0.02187570370733738,0.2108244150876999,0.33642762899398804,-0.03223283588886261,0.21596655249595642,0.28231894969940186,-0.03803499415516853,0.21813103556632996,0.2436317652463913,-0.04120304062962532,0.2277662754058838,0.4407820403575897,-0.03191812336444855,0.24800406396389008,0.39307233691215515,-0.03422487527132034,0.24325262010097504,0.4141448736190796,-0.023831509053707123,0.23498697578907013,0.43519100546836853,-0.014870446175336838,0.2534146010875702,0.46490558981895447,-0.0414934977889061,0.26291096210479736,0.43414708971977234,-0.033703431487083435,0.25539126992225647,0.4523085653781891,-0.01707584783434868,0.24843445420265198,0.4705621004104614,-0.0037944677751511335,two
0.192580446600914,0.5929262638092041,2.7877447905666486e-07,0.16991105675697327,0.5211902260780334,0.015202466398477554,0.17527656257152557,0.4634803831577301,0.013386206701397896,0.19673410058021545,0.42788854241371155,0.0073673538863658905,0.2194831371307373,0.4093025028705597,0.0014838922070339322,0.16861043870449066,0.424571692943573,-0.00886334665119648,0.16342779994010925,0.341657429933548,-0.021928908303380013,0.1549203097820282,0.2898161709308624,-0.02922969125211239,0.14754822850227356,0.24974319338798523,-0.032706618309020996,0.1978222280740738,0.4260002672672272,-0.022515079006552696,0.21133530139923096,0.3368525207042694,-0.0332944393157959,0.21669775247573853,0.2825567424297333,-0.039224691689014435,0.21919579803943634,0.24399852752685547,-0.04252273589372635,0.22788482904434204,0.4411495625972748,-0.03277335688471794,0.24863195419311523,0.3928895890712738,-0.03516041859984398,0.24345427751541138,0.4137434959411621,-0.024497251957654953,0.23495301604270935,0.4350689649581909,-0.015413595363497734,0.25371965765953064,0.4647451341152191,-0.04252655804157257,0.26322153210639954,0.4334638714790344,-0.034594837576150894,0.2555825710296631,0.4515063762664795,-0.01770206168293953,0.24868391454219818,0.46999770402908325,-0.0042821322567760944,two
0.19283857941627502,0.5945754051208496,2.7894807885786577e-07,0.16949985921382904,0.5234643220901489,0.01482501532882452,0.17470629513263702,0.4653531312942505,0.012981574982404709,0.1961217224597931,0.42929065227508545,0.007006960455328226,0.21896043419837952,0.4108996093273163,0.0011313350405544043,0.1690986454486847,0.4257271885871887,-0.009216610342264175,0.1638278365135193,0.3427189588546753,-0.022718023508787155,0.15540796518325806,0.2904648184776306,-0.030423084273934364,0.14834770560264587,0.2503603994846344,-0.03412328660488129,0.19843104481697083,0.4272717833518982,-0.022628379985690117,0.2116284817457199,0.33783504366874695,-0.033617570996284485,0.2169409990310669,0.2832905054092407,-0.03961079567670822,0.21936126053333282,0.24480146169662476,-0.042855385690927505,0.2285952866077423,0.44227972626686096,-0.03270905464887619,0.2489364594221115,0.3925972282886505,-0.03529888764023781,0.24385033547878265,0.41296231746673584,-0.024717459455132484,0.23538357019424438,0.4344632923603058,-0.015568245202302933,0.2542950212955475,0.46598178148269653,-0.042314313352108,0.26376914978027344,0.4336075186729431,-0.03465234115719795,0.2561243176460266,0.4512236416339874,-0.01792864315211773,0.24921011924743652,0.4698125720024109,-0.00449578370898962,two
0.19313469529151917,0.5935371518135071,2.7531356749932456e-07,0.17032699286937714,0.5220547914505005,0.01427227258682251,0.17578479647636414,0.46390384435653687,0.01255947258323431,0.19780002534389496,0.428160697221756,0.006612979341298342,0.2209738940000534,0.4098743200302124,0.000833948899526149,0.16979646682739258,0.4255617558956146,-0.007891347631812096,0.16504235565662384,0.3428005576133728,-0.020806370303034782,0.15693414211273193,0.29117342829704285,-0.0281085055321455,0.14970338344573975,0.25117000937461853,-0.03165984898805618,0.19906777143478394,0.4267646074295044,-0.021268609911203384,0.21192052960395813,0.33801940083503723,-0.0317668579518795,0.21715407073497772,0.2835647463798523,-0.037801433354616165,0.21958550810813904,0.24448806047439575,-0.041231878101825714,0.22892269492149353,0.44172340631484985,-0.03156997263431549,0.2493596076965332,0.39185091853141785,-0.034527502954006195,0.2447061836719513,0.41314396262168884,-0.024368325248360634,0.23648163676261902,0.43492770195007324,-0.015487381257116795,0.2547172009944916,0.46531379222869873,-0.0414590910077095,0.26427769660949707,0.4335234761238098,-0.03438485041260719,0.25700753927230835,0.45117753744125366,-0.018215758726000786,0.25019896030426025,0.46955955028533936,-0.005235764198005199,two
0.19340229034423828,0.5929768681526184,2.790876010294596e-07,0.1702185869216919,0.5218752026557922,0.013503729365766048,0.17608748376369476,0.46401843428611755,0.011483774520456791,0.19949430227279663,0.4286547303199768,0.005454142577946186,0.22348488867282867,0.41174519062042236,-0.00043548704707063735,0.1699567586183548,0.42536109685897827,-0.008457566611468792,0.1649431437253952,0.3420470952987671,-0.020855223760008812,0.15701636672019958,0.29027098417282104,-0.027761755511164665,0.15021912753582,0.2499672919511795,-0.031060436740517616,0.19941206276416779,0.42613139748573303,-0.02141677401959896,0.2114267796278,0.33766159415245056,-0.030952904373407364,0.21670971810817719,0.2835811972618103,-0.0364973358809948,0.21949447691440582,0.24466034770011902,-0.039680562913417816,0.22943513095378876,0.44089341163635254,-0.031362004578113556,0.24975094199180603,0.39349594712257385,-0.033857379108667374,0.24482154846191406,0.41446733474731445,-0.02439451590180397,0.2364194542169571,0.43613433837890625,-0.016092775389552116,0.2552313804626465,0.46439871191978455,-0.040942054241895676,0.2649596333503723,0.434430330991745,-0.033912867307662964,0.25748181343078613,0.4522207975387573,-0.01835852488875389,0.2504904866218567,0.47074800729751587,-0.005860422272235155,two
0.194003626704216,0.5926947593688965,2.7811307745650993e-07,0.170709028840065,0.521300196647644,0.01469547487795353,0.17627152800559998,0.46404752135276794,0.012832976877689362,0.19804304838180542,0.4290645122528076,0.0067750527523458,0.22140903770923615,0.4124848544597626,0.0007910575368441641,0.17057475447654724,0.4256505072116852,-0.008782131597399712,0.16562166810035706,0.34204116463661194,-0.02169939875602722,0.1576073169708252,0.28998327255249023,-0.02886250428855419,0.15079975128173828,0.24991372227668762,-0.032256413251161575,0.19981426000595093,0.42643871903419495,-0.022082393988966942,0.21184107661247253,0.33707404136657715,-0.032224323600530624,0.2171880155801773,0.2827880382537842,-0.03775322809815407,0.2198924422264099,0.24431398510932922,-0.040810320526361465,0.2298317849636078,0.44121256470680237,-0.03213188797235489,0.24972105026245117,0.3927929997444153,-0.03407147526741028,0.24473732709884644,0.41333380341529846,-0.02355840802192688,0.23626498878002167,0.4349118769168854,-0.014616912230849266,0.2555057108402252,0.4648851156234741,-0.041768088936805725,0.2646183669567108,0.43380221724510193,-0.03387482091784477,0.25712281465530396,0.45118647813796997,-0.017473319545388222,0.25021064281463623,0.4696735739707947,-0.0043828655034303665,two
0.1939537227153778,0.5929612517356873,2.7513155487213226e-07,0.17086756229400635,0.5209410190582275,0.01394061278551817,0.1768346130847931,0.46262484788894653,0.011983310803771019,0.1994384527206421,0.42836445569992065,0.005901260767132044,0.22294142842292786,0.41224604845046997,-0.00016734313976485282,0.17105837166309357,0.42492809891700745,-0.008658121339976788,0.16628791391849518,0.34204021096229553,-0.02128393016755581,0.15822044014930725,0.29036974906921387,-0.028309291228652,0.15109698474407196,0.25046658515930176,-0.03167125582695007,0.20046868920326233,0.42630553245544434,-0.021925177425146103,0.21247971057891846,0.337432324886322,-0.03153413534164429,0.21770331263542175,0.28320276737213135,-0.03683790564537048,0.22030910849571228,0.24437598884105682,-0.03985132649540901,0.23047800362110138,0.441456139087677,-0.03216835856437683,0.2503087818622589,0.3925345838069916,-0.03458940610289574,0.24512657523155212,0.41324660181999207,-0.02474510483443737,0.23650415241718292,0.43499428033828735,-0.0162077434360981,0.2560642957687378,0.4651532769203186,-0.042014796286821365,0.26489266753196716,0.4331511855125427,-0.03486303240060806,0.2573662996292114,0.450564444065094,-0.018978480249643326,0.25064927339553833,0.469329297542572,-0.006265135016292334,two
0.19381183385849,0.593324601650238,2.7679840286509716e-07,0.17062616348266602,0.5212340950965881,0.014041888527572155,0.1768793761730194,0.4635492265224457,0.011850997805595398,0.1995033174753189,0.4284777343273163,0.00554363988339901,0.22303196787834167,0.41174811124801636,-0.0007319261785596609,0.17107389867305756,0.4252673089504242,-0.009127853438258171,0.1662929654121399,0.34240835905075073,-0.022287217900156975,0.15828284621238708,0.29060667753219604,-0.029859522357583046,0.1515253484249115,0.2505021393299103,-0.033607542514801025,0.20042654871940613,0.4263851046562195,-0.02238512970507145,0.21261122822761536,0.3375459909439087,-0.03237301483750343,0.21837081015110016,0.2830299437046051,-0.037954021245241165,0.22158296406269073,0.24427779018878937,-0.04123052582144737,0.23048213124275208,0.4414547085762024,-0.032528605312108994,0.2502915561199188,0.392733633518219,-0.03457452356815338,0.24501490592956543,0.41278406977653503,-0.024227021262049675,0.23628957569599152,0.4342677593231201,-0.01551430020481348,0.25615194439888,0.4653034508228302,-0.04235396534204483,0.26517453789711,0.43327686190605164,-0.034868963062763214,0.25763335824012756,0.4503819942474365,-0.01867406629025936,0.2507694363594055,0.4689789116382599,-0.005777557380497456,two
0.1957141011953354,0.6013298630714417,2.3631442047644668e-07,0.1721194088459015,0.5306167006492615,0.016433915123343468,0.17858603596687317,0.47137683629989624,0.01644860953092575,0.20016449689865112,0.4330822229385376,0.012108747847378254,0.22423870861530304,0.41647157073020935,0.007790932897478342,0.17516747117042542,0.4290551245212555,-0.004498688038438559,0.17330779135227203,0.3467771112918854,-0.015800928696990013,0.1662972867488861,0.2955714464187622,-0.022367946803569794,0.16039611399173737,0.25554943084716797,-0.02563178539276123,0.2034798413515091,0.42916005849838257,-0.017643513157963753,0.21641217172145844,0.3403085172176361,-0.02476077526807785,0.22279582917690277,0.2875722646713257,-0.028829365968704224,0.22675581276416779,0.24981021881103516,-0.031445566564798355,0.2332008332014084,0.44397199153900146,-0.02756994217634201,0.25513702630996704,0.3957814574241638,-0.026245515793561935,0.24973776936531067,0.4162886440753937,-0.014857291243970394,0.24102310836315155,0.4377966821193695,-0.00617176340892911,0.2585824131965637,0.4693000614643097,-0.03719095513224602,0.26996541023254395,0.4379521310329437,-0.027492767199873924,0.26224952936172485,0.4556366205215454,-0.01121906004846096,0.25508859753608704,0.4741540849208832,0.0013751519145444036,two
0.8062257170677185,0.6961632966995239,2.1625081103593402e-07,0.7744377255439758,0.658405065536499,-0.02653791569173336,0.7628931403160095,0.5901129245758057,-0.029525479301810265,0.799212634563446,0.539828360080719,-0.02856113575398922,0.8341081142425537,0.5131669640541077,-0.02647487446665764,0.7506471872329712,0.4969486892223358,-0.0077520799823105335,0.7309988737106323,0.419609010219574,-0.014321278780698776,0.7203372120857239,0.3746810555458069,-0.022045020014047623,0.711253821849823,0.33577272295951843,-0.028942260891199112,0.7837733626365662,0.4863162338733673,-0.007283417042344809,0.7717150449752808,0.39830663800239563,-0.00901083741337061,0.7651785612106323,0.34827983379364014,-0.01637168601155281,0.7595393061637878,0.3078234791755676,-0.022793902084231377,0.8134841918945312,0.49809226393699646,-0.011519412510097027,0.8182926774024963,0.4242691695690155,-0.023248502984642982,0.8191639184951782,0.3788411021232605,-0.03935776278376579,0.8192238211631775,0.3349170684814453,-0.05131994187831879,0.8430125117301941,0.5284940004348755,-0.018290938809514046,0.8480814099311829,0.4839928150177002,-0.03200865164399147,0.841899037361145,0.5038208961486816,-0.03470618650317192,0.8359006643295288,0.5306534767150879,-0.036715663969516754,three
0.7962013483047485,0.6989396810531616,1.9299305620279483e-07,0.7619562745094299,0.6626039147377014,-0.024162452667951584,0.7490601539611816,0.5908164381980896,-0.025188492611050606,0.7842649221420288,0.5375305414199829,-0.022633811458945274,0.8199971914291382,0.5139400959014893,-0.019000288099050522,0.7375218868255615,0.5005893707275391,-0.0035107529256492853,0.7167931795120239,0.42346757650375366,-0.008274978026747704,0.7047644853591919,0.37971264123916626,-0.014885957352817059,0.6934625506401062,0.34210336208343506,-0.021261263638734818,0.7704389691352844,0.48839402198791504,-0.004306538496166468,0.7566646933555603,0.40032118558883667,-0.005135183688253164,0.7487596869468689,0.3498609662055969,-0.012180773541331291,0.7408651113510132,0.3106756806373596,-0.018442416563630104,0.8004776239395142,0.49863746762275696,-0.00981513224542141,0.8071967363357544,0.42452746629714966,-0.02135477215051651,0.8090317845344543,0.3774184286594391,-0.03815288096666336,0.809216320514679,0.3329240381717682,-0.050517164170742035,0.8297003507614136,0.5280011296272278,-0.017610346898436546,0.8333518505096436,0.4827367067337036,-0.031302765011787415,0.8267203569412231,0.5046024322509766,-0.033905114978551865,0.8204076886177063,0.5346916913986206,-0.03592519089579582,three
0.7951192259788513,0.6984078884124756,1.8765808817988727e-07,0.7611644864082336,0.6621571183204651,-0.023617975413799286,0.7483735680580139,0.5915369391441345,-0.024709604680538177,0.7826321125030518,0.5390115976333618,-0.022412020713090897,0.8170631527900696,0.5136170387268066,-0.01896863989531994,0.7368001341819763,0.500237762928009,-0.003124234499409795,0.7162990570068359,0.42319536209106445,-0.008010858669877052,0.7044259905815125,0.37961962819099426,-0.014565757475793362,0.6931869983673096,0.34250301122665405,-0.020799458026885986,0.7696700692176819,0.4879019856452942,-0.004212512634694576,0.7562211155891418,0.39991310238838196,-0.0051773227751255035,0.7484745979309082,0.35026344656944275,-0.011959021911025047,0.7404597401618958,0.31192833185195923,-0.01791720651090145,0.7996211051940918,0.4981834590435028,-0.009990238584578037,0.8067722320556641,0.4239193797111511,-0.021410416811704636,0.8087326288223267,0.3773064613342285,-0.03744415193796158,0.808756947517395,0.33297207951545715,-0.04926091432571411,0.8288559317588806,0.5280107259750366,-0.018028127029538155,0.8329440951347351,0.48255035281181335,-0.03125825896859169,0.8261718153953552,0.5043824315071106,-0.03322003036737442,0.8194041848182678,0.5342084169387817,-0.034801848232746124,three
0.794381320476532,0.6986768245697021,1.8762891329515696e-07,0.7607762217521667,0.6615245938301086,-0.023049170151352882,0.7483128905296326,0.5905171036720276,-0.023946931585669518,0.7822098731994629,0.537964403629303,-0.021632401272654533,0.8162444829940796,0.5131883025169373,-0.018250271677970886,0.7362715601921082,0.5002240538597107,-0.0022677327506244183,0.7154695391654968,0.4231010973453522,-0.006897949613630772,0.7034990787506104,0.37936586141586304,-0.013356933370232582,0.6921234726905823,0.3421676754951477,-0.01956024207174778,0.7690062522888184,0.4881248474121094,-0.0035326762590557337,0.7554715871810913,0.40019336342811584,-0.0044458587653934956,0.7478457689285278,0.35026997327804565,-0.011389726772904396,0.7399462461471558,0.3117390275001526,-0.017442474141716957,0.7991235256195068,0.4985240697860718,-0.00941922701895237,0.8060861229896545,0.4248657524585724,-0.020746037364006042,0.8082735538482666,0.3777121901512146,-0.036987125873565674,0.8086823225021362,0.33298027515411377,-0.04895523935556412,0.8284543752670288,0.528069794178009,-0.017499540001153946,0.8323530554771423,0.4830930829048157,-0.03072689287364483,0.8256151676177979,0.5048407316207886,-0.032828256487846375,0.8191725611686707,0.5343630909919739,-0.03449848294258118,three
0.7934688329696655,0.6980995535850525,1.8442226235038106e-07,0.7596173286437988,0.6609569787979126,-0.02376725524663925,0.7470716238021851,0.5893847942352295,-0.024610308930277824,0.7815236449241638,0.536819338798523,-0.0220089852809906,0.8157150745391846,0.5135342478752136,-0.018312031403183937,0.7350974082946777,0.500320553779602,-0.00294665084220469,0.7142877578735352,0.42344343662261963,-0.007640202064067125,0.7024304270744324,0.3797711133956909,-0.014157029800117016,0.6913133263587952,0.3422636389732361,-0.020449023693799973,0.7679170966148376,0.48814016580581665,-0.003876744769513607,0.754035234451294,0.40043091773986816,-0.004682740196585655,0.7461689710617065,0.35065484046936035,-0.011716801673173904,0.7382578253746033,0.31194883584976196,-0.017937708646059036,0.7980560064315796,0.49819594621658325,-0.009488203562796116,0.8046131134033203,0.42433658242225647,-0.020836064592003822,0.8062313199043274,0.3776237368583679,-0.03735010325908661,0.8060833811759949,0.3329194188117981,-0.04955784231424332,0.8276351690292358,0.5271997451782227,-0.017360903322696686,0.8309345841407776,0.4817294776439667,-0.030594704672694206,0.8239874839782715,0.5033482313156128,-0.03285989165306091,0.8172397017478943,0.5328136086463928,-0.03472466394305229,three
0.7926265597343445,0.6977120637893677,1.9113458904485015e-07,0.7588832974433899,0.660676121711731,-0.02374843880534172,0.74629145860672,0.5900879502296448,-0.025202207267284393,0.7804441452026367,0.5374593734741211,-0.023311235010623932,0.8145328760147095,0.5135194063186646,-0.02040443755686283,0.734277606010437,0.5005000233650208,-0.0034588195849210024,0.7133620977401733,0.42339426279067993,-0.00848931260406971,0.7016209363937378,0.3795843720436096,-0.015153382904827595,0.6905542016029358,0.3421456813812256,-0.021542834118008614,0.7671575546264648,0.4882294535636902,-0.004473485518246889,0.7531401515007019,0.4003944993019104,-0.005946028046309948,0.7452508211135864,0.3505687117576599,-0.013359809294342995,0.73726886510849,0.3116741180419922,-0.0197625532746315,0.7973881363868713,0.4984212815761566,-0.010060222819447517,0.8037424683570862,0.4247404932975769,-0.021820029243826866,0.8054468035697937,0.37792152166366577,-0.0381997674703598,0.8056044578552246,0.33326980471611023,-0.050270091742277145,0.8269258141517639,0.5274529457092285,-0.01785781793296337,0.8295149803161621,0.482210636138916,-0.031346771866083145,0.8228440880775452,0.5038997530937195,-0.03349917009472847,0.816842257976532,0.5329676866531372,-0.03523360192775726,three
0.7923609018325806,0.6979882717132568,1.9959345820552699e-07,0.7582665681838989,0.6611639857292175,-0.024564040824770927,0.7454809546470642,0.5907520055770874,-0.026085468009114265,0.7802303433418274,0.5379875898361206,-0.024059517309069633,0.8148853778839111,0.51385498046875,-0.020909670740365982,0.7332514524459839,0.5008063316345215,-0.0033725781831890345,0.712510883808136,0.42323216795921326,-0.008370108902454376,0.7004756331443787,0.3793943524360657,-0.015162060037255287,0.689254105091095,0.3422771394252777,-0.021581200882792473,0.7663561105728149,0.48877599835395813,-0.003823244711384177,0.7527562379837036,0.4010131061077118,-0.005105380434542894,0.7450586557388306,0.3512159585952759,-0.012675239704549313,0.7372299432754517,0.31238478422164917,-0.019240625202655792,0.796499490737915,0.49901798367500305,-0.008977948687970638,0.8029791116714478,0.42481204867362976,-0.020573696121573448,0.8052860498428345,0.3780710995197296,-0.03715837746858597,0.8059189319610596,0.3336155414581299,-0.04936777800321579,0.8259536027908325,0.5278633236885071,-0.01643240451812744,0.8291823863983154,0.4820863604545593,-0.029744870960712433,0.8236225247383118,0.5032839775085449,-0.031995587050914764,0.8186052441596985,0.5322171449661255,-0.0337848998606205,three
0.7921489477157593,0.6980488300323486,1.9759315250666987e-07,0.7582460045814514,0.660453200340271,-0.0238596610724926,0.7456004619598389,0.5906186103820801,-0.025463512167334557,0.7801615595817566,0.538699209690094,-0.02376464381814003,0.8142432570457458,0.5140544176101685,-0.021030010655522346,0.7331849336624146,0.5012033581733704,-0.0031226223800331354,0.7120580077171326,0.42367690801620483,-0.008308743126690388,0.6998195648193359,0.38003700971603394,-0.015226276591420174,0.6883891820907593,0.34300827980041504,-0.021714525297284126,0.7661128640174866,0.4891508221626282,-0.004025671165436506,0.7522404789924622,0.4015393853187561,-0.005757568404078484,0.7444123029708862,0.3516482710838318,-0.013629629276692867,0.7364624738693237,0.31275129318237305,-0.020319422706961632,0.7963278293609619,0.49935269355773926,-0.009531112387776375,0.8026195764541626,0.42519715428352356,-0.021415164694190025,0.8047487735748291,0.37841135263442993,-0.037977684289216995,0.8052802681922913,0.3339006006717682,-0.05010616406798363,0.8259538412094116,0.5281670689582825,-0.01725360006093979,0.8289178609848022,0.4822402596473694,-0.030694419518113136,0.8229292631149292,0.5037100911140442,-0.03283349424600601,0.8176105618476868,0.5328115820884705,-0.03450670465826988,three
0.7922295331954956,0.698479175567627,1.9458019551166217e-07,0.7580248713493347,0.6611414551734924,-0.024283602833747864,0.7452712059020996,0.590924084186554,-0.025608185678720474,0.7794962525367737,0.538504421710968,-0.023384880274534225,0.8132989406585693,0.5134157538414001,-0.020014140754938126,0.7330154776573181,0.5016400218009949,-0.0033131770323961973,0.7116378545761108,0.42423513531684875,-0.00840960443019867,0.6991502046585083,0.3806593716144562,-0.015257620252668858,0.6875674724578857,0.3434269428253174,-0.02167998068034649,0.7659817934036255,0.48973047733306885,-0.004069536458700895,0.7518986463546753,0.40186870098114014,-0.005595793016254902,0.7438629865646362,0.3518141210079193,-0.013332085683941841,0.7358348369598389,0.31264564394950867,-0.01993015967309475,0.7960935831069946,0.5000197291374207,-0.009517611004412174,0.8023192286491394,0.42584657669067383,-0.021561728790402412,0.8046556711196899,0.37896841764450073,-0.03834880515933037,0.8054527640342712,0.3340299129486084,-0.05055134370923042,0.8255402445793152,0.5291342735290527,-0.01720528118312359,0.8280578851699829,0.48296722769737244,-0.030847273766994476,0.8223643898963928,0.5046235918998718,-0.0330442376434803,0.8174272179603577,0.5340990424156189,-0.03471049666404724,three
0.7921419143676758,0.6985011100769043,1.8973484827711218e-07,0.7577614784240723,0.6612079739570618,-0.02452278323471546,0.744455099105835,0.5898263454437256,-0.025398582220077515,0.778893768787384,0.536781370639801,-0.02248014137148857,0.8129716515541077,0.5126667022705078,-0.018297331407666206,0.7325523495674133,0.5013537406921387,-0.003351413644850254,0.7109101414680481,0.4236314296722412,-0.008076297119259834,0.6983966827392578,0.3804127871990204,-0.014550535939633846,0.6867911219596863,0.3433668315410614,-0.020701900124549866,0.7653776407241821,0.48959970474243164,-0.00388741516508162,0.7509464621543884,0.4017495810985565,-0.004912806209176779,0.7428652048110962,0.3519195020198822,-0.012199767865240574,0.7348556518554688,0.31284862756729126,-0.018523233011364937,0.7953212857246399,0.49974527955055237,-0.009190171025693417,0.8010777235031128,0.42621007561683655,-0.020982813090085983,0.8034348487854004,0.3796430230140686,-0.03776243329048157,0.8042394518852234,0.33451366424560547,-0.049959637224674225,0.8247946500778198,0.5286028981208801,-0.01676887460052967,0.826874852180481,0.4821568727493286,-0.03018263727426529,0.8210464715957642,0.5045500993728638,-0.03229103982448578,0.8159105777740479,0.5346193313598633,-0.03395393118262291,three
0.7914057970046997,0.6983973979949951,1.9011581287031731e-07,0.7571267485618591,0.6615958213806152,-0.024381374940276146,0.7438178658485413,0.5908945202827454,-0.025423217564821243,0.7773024439811707,0.5378683805465698,-0.02276991307735443,0.8103856444358826,0.512366771697998,-0.01879694312810898,0.7311853170394897,0.5012864470481873,-0.003283083438873291,0.7095031142234802,0.42375969886779785,-0.008141891099512577,0.6970255374908447,0.38053297996520996,-0.01469359826296568,0.6852931976318359,0.3438074588775635,-0.02086203545331955,0.7640050053596497,0.489211767911911,-0.003908806946128607,0.749634325504303,0.4013442397117615,-0.004924095701426268,0.7414335608482361,0.3517727255821228,-0.012070300988852978,0.732987105846405,0.3130371868610382,-0.01826629787683487,0.7940739393234253,0.4993292987346649,-0.009285729378461838,0.7998989224433899,0.4257432222366333,-0.020809199661016464,0.8022769689559937,0.37952059507369995,-0.03706027939915657,0.802871584892273,0.3348488211631775,-0.048945263028144836,0.8237550854682922,0.5284754633903503,-0.01696384884417057,0.8261576294898987,0.4821511507034302,-0.0300202127546072,0.8202604055404663,0.5042372345924377,-0.03176913782954216,0.8147413730621338,0.5340975522994995,-0.033197201788425446,three
0.7909106016159058,0.697964072227478,1.8688602665406506e-07,0.756647527217865,0.6610149145126343,-0.023786073550581932,0.7428090572357178,0.5914392471313477,-0.02530115470290184,0.7762051820755005,0.5383446216583252,-0.023422153666615486,0.8097895979881287,0.5114096403121948,-0.020397597923874855,0.7307634353637695,0.5017811059951782,-0.0035866564139723778,0.7086222171783447,0.42489364743232727,-0.008991876617074013,0.6957762837409973,0.38164442777633667,-0.0158931203186512,0.6838296055793762,0.34492480754852295,-0.022265536710619926,0.7637042999267578,0.4896058440208435,-0.004642396233975887,0.7495679259300232,0.40179598331451416,-0.006069765891879797,0.741369903087616,0.35229605436325073,-0.013256771489977837,0.7330624461174011,0.3135145604610443,-0.019490810111165047,0.7938641905784607,0.49987924098968506,-0.01034831628203392,0.7997987270355225,0.4253838062286377,-0.02195078320801258,0.8016679883003235,0.37899306416511536,-0.03767705336213112,0.8020709753036499,0.33425384759902954,-0.04926695674657822,0.8234608173370361,0.5292550325393677,-0.018317077308893204,0.8258227705955505,0.4826303720474243,-0.03137742727994919,0.8195281028747559,0.5043900609016418,-0.03280356153845787,0.8140406608581543,0.5338135957717896,-0.034018926322460175,three
0.7905377149581909,0.6976732015609741,1.8751727282051434e-07,0.7562921047210693,0.6611889600753784,-0.02354271151125431,0.7424073219299316,0.5903221964836121,-0.02462289296090603,0.7764395475387573,0.5371909141540527,-0.022355230525135994,0.8106450438499451,0.5125618577003479,-0.01904829777777195,0.7307783365249634,0.50196772813797,-0.003228339133784175,0.7088300585746765,0.4248563349246979,-0.008190006949007511,0.6960602402687073,0.38160964846611023,-0.014783925376832485,0.6839226484298706,0.34470808506011963,-0.021037820726633072,0.7637289762496948,0.49003952741622925,-0.004363865591585636,0.7497365474700928,0.40237516164779663,-0.005432369187474251,0.74147629737854,0.35282039642333984,-0.012401367537677288,0.7330242991447449,0.3140780031681061,-0.01855192892253399,0.7939032316207886,0.5003873705863953,-0.010136428289115429,0.7999799847602844,0.4259962737560272,-0.02158542349934578,0.8015010952949524,0.37946003675460815,-0.03742225095629692,0.8017531633377075,0.3347405791282654,-0.0491052120923996,0.8232666850090027,0.5294092297554016,-0.018161723390221596,0.8251476287841797,0.4827776551246643,-0.031234918162226677,0.8184990882873535,0.5051476955413818,-0.03273351863026619,0.8131497502326965,0.5352538824081421,-0.03405008837580681,three
0.7904582023620605,0.6973738670349121,1.9057183919812815e-07,0.7560305595397949,0.6607137322425842,-0.023956898599863052,0.7421032190322876,0.5899723768234253,-0.02515663579106331,0.77651047706604,0.5367969870567322,-0.022893577814102173,0.8109894394874573,0.512292206287384,-0.01960994116961956,0.7310371398925781,0.502031683921814,-0.0034591401927173138,0.7089442014694214,0.42517969012260437,-0.008426577784121037,0.6960706114768982,0.3820875287055969,-0.01506190188229084,0.6838886737823486,0.34509527683258057,-0.021376974880695343,0.7640604376792908,0.49026384949684143,-0.004482082556933165,0.7498849630355835,0.4025932252407074,-0.005681642796844244,0.7415844202041626,0.35296928882598877,-0.012785728089511395,0.7332334518432617,0.3140695095062256,-0.018991533666849136,0.794254720211029,0.5008399486541748,-0.010185044258832932,0.8000654578208923,0.42620229721069336,-0.022051027044653893,0.8013283610343933,0.3796793520450592,-0.03813139349222183,0.8014844655990601,0.3348192870616913,-0.04987625777721405,0.8237264156341553,0.5300254225730896,-0.0181342214345932,0.8251566886901855,0.4829797148704529,-0.03173451870679855,0.8184016346931458,0.505893349647522,-0.033355507999658585,0.8131588697433472,0.5364951491355896,-0.034654732793569565,three
0.7902784943580627,0.6971263289451599,1.8476804086731136e-07,0.7562934160232544,0.6609323024749756,-0.025086546316742897,0.7427871227264404,0.5905683040618896,-0.026630114763975143,0.7780354022979736,0.5373468399047852,-0.024428173899650574,0.8131642937660217,0.5126649141311646,-0.021103015169501305,0.7319157719612122,0.5017032623291016,-0.004429216030985117,0.7095907926559448,0.42499223351478577,-0.009682717733085155,0.6962844729423523,0.38225558400154114,-0.016697075217962265,0.683925986289978,0.3454153537750244,-0.023306522518396378,0.7649499773979187,0.49003705382347107,-0.005014287307858467,0.7501904964447021,0.4022305905818939,-0.006114502903074026,0.7415178418159485,0.35276609659194946,-0.013449554331600666,0.7331909537315369,0.3136175870895386,-0.01998242177069187,0.7951604127883911,0.500972330570221,-0.010403979569673538,0.8015989661216736,0.4253954589366913,-0.022584687918424606,0.8026045560836792,0.3788546919822693,-0.039363667368888855,0.8026715517044067,0.33386218547821045,-0.05162385106086731,0.8248398303985596,0.5305829644203186,-0.018104219809174538,0.8268344402313232,0.48291897773742676,-0.03227139264345169,0.8195134401321411,0.5055825114250183,-0.03454301506280899,0.8135180473327637,0.5362442135810852,-0.03634544834494591,three
0.7914207577705383,0.6974570751190186,1.8730366946329013e-07,0.7571926116943359,0.6606926918029785,-0.02433997206389904,0.7438241839408875,0.5896626710891724,-0.02554255537688732,0.7794680595397949,0.5366541743278503,-0.023266946896910667,0.8147071003913879,0.5129284262657166,-0.02000449039041996,0.7328728437423706,0.5013505816459656,-0.003422623733058572,0.7107499837875366,0.42444562911987305,-0.008347989059984684,0.6976640820503235,0.3810981810092926,-0.015210279263556004,0.6854516267776489,0.3436923921108246,-0.021801915019750595,0.7660253643989563,0.48980000615119934,-0.0041758413426578045,0.751694917678833,0.40235191583633423,-0.005187577102333307,0.7433957457542419,0.3526138961315155,-0.01260031946003437,0.7353222966194153,0.3135185241699219,-0.01919444091618061,0.79637610912323,0.5009174346923828,-0.009649624116718769,0.8029962182044983,0.42565932869911194,-0.02154049091041088,0.8040809631347656,0.3789571523666382,-0.0382983535528183,0.8042198419570923,0.3343053460121155,-0.050611525774002075,0.82601398229599,0.5303856730461121,-0.017382998019456863,0.828560471534729,0.4832562208175659,-0.03142406791448593,0.8212274312973022,0.5049704313278198,-0.0338950976729393,0.8151944875717163,0.5346059203147888,-0.03585061803460121,three
0.7918294668197632,0.6976272463798523,1.9114571614409215e-07,0.7578073740005493,0.6605497598648071,-0.023395119234919548,0.7443797588348389,0.5902711153030396,-0.024922458454966545,0.7789707183837891,0.5376306176185608,-0.023185791447758675,0.813950777053833,0.5130859613418579,-0.020529430359601974,0.7331718802452087,0.5009762048721313,-0.0034759312402457,0.7112379670143127,0.4241563081741333,-0.008712812326848507,0.6982813477516174,0.38099101185798645,-0.01567775569856167,0.6860133409500122,0.34372198581695557,-0.02230737917125225,0.7663118839263916,0.48907479643821716,-0.004867695737630129,0.7523458003997803,0.40153875946998596,-0.006445625796914101,0.7443349957466125,0.3515393137931824,-0.013997300527989864,0.7362734079360962,0.3122273087501526,-0.020552977919578552,0.7967238426208496,0.50006103515625,-0.010817206464707851,0.8034109473228455,0.42554721236228943,-0.023031258955597878,0.8053429126739502,0.3786543905735016,-0.0394543893635273,0.8062021136283875,0.33382415771484375,-0.05145914852619171,0.8261301517486572,0.5295428037643433,-0.018908577039837837,0.8284651637077332,0.48306968808174133,-0.033109571784734726,0.8216920495033264,0.5051953196525574,-0.03522445261478424,0.816349983215332,0.5347727537155151,-0.03682185336947441,three
0.7920212745666504,0.6977550387382507,1.855068489931e-07,0.7580992579460144,0.6609562039375305,-0.023634960874915123,0.7444091439247131,0.5910139679908752,-0.02495826967060566,0.7789658904075623,0.5384579300880432,-0.02287879027426243,0.8138751983642578,0.5130228996276855,-0.019772345200181007,0.7334111928939819,0.5006006956100464,-0.003350352169945836,0.7114187479019165,0.42401501536369324,-0.008518544025719166,0.6984005570411682,0.3810168504714966,-0.015434623695909977,0.6861148476600647,0.3437625765800476,-0.02200201340019703,0.7666081786155701,0.4888248145580292,-0.004687127657234669,0.7529083490371704,0.40133029222488403,-0.006060751620680094,0.7449167966842651,0.3516135811805725,-0.013426518067717552,0.7367432713508606,0.31254374980926514,-0.01988549530506134,0.7967769503593445,0.49980801343917847,-0.010686078108847141,0.8038839101791382,0.42522209882736206,-0.022971397265791893,0.8060166835784912,0.37869367003440857,-0.03934624418616295,0.8067404627799988,0.333815336227417,-0.05129629373550415,0.8260018229484558,0.5296347141265869,-0.01885952427983284,0.8284711241722107,0.48262718319892883,-0.0331064872443676,0.8217568397521973,0.5055713057518005,-0.03507407009601593,0.8161606192588806,0.5360234975814819,-0.036560848355293274,three
0.7921963334083557,0.6975569725036621,1.8707626736613747e-07,0.7580575346946716,0.660687267780304,-0.023966645821928978,0.7446268796920776,0.5913245677947998,-0.025440610945224762,0.7790708541870117,0.5385894775390625,-0.023429805412888527,0.813766598701477,0.5132501125335693,-0.020332656800746918,0.7333409786224365,0.5004252791404724,-0.0034394378308206797,0.7110751867294312,0.4238913655281067,-0.008677401579916477,0.6980240345001221,0.38087815046310425,-0.01567981392145157,0.6858013272285461,0.3436073660850525,-0.0222760196775198,0.76654452085495,0.48876509070396423,-0.0046149385161697865,0.7526994943618774,0.4012961685657501,-0.0060659912414848804,0.7449188232421875,0.35159000754356384,-0.01344424020498991,0.736885130405426,0.3124481439590454,-0.019876357167959213,0.7967864871025085,0.499807208776474,-0.010496835224330425,0.8034787178039551,0.42548853158950806,-0.022774960845708847,0.8055626153945923,0.3790432810783386,-0.03905218094587326,0.8062061071395874,0.3341147303581238,-0.05087486281991005,0.8261426687240601,0.5297791361808777,-0.018603874370455742,0.828321635723114,0.48218393325805664,-0.03262338787317276,0.8219313621520996,0.5053327679634094,-0.0343831367790699,0.8166946172714233,0.5360175371170044,-0.03571735695004463,three
0.7922895550727844,0.6973680853843689,1.9207951140742807e-07,0.7577176094055176,0.6600267887115479,-0.023959701880812645,0.7445184588432312,0.5902461409568787,-0.025342335924506187,0.7787050604820251,0.5374685525894165,-0.023275455459952354,0.8125717639923096,0.5127115845680237,-0.02008780837059021,0.7329559326171875,0.5002357959747314,-0.00326090888120234,0.7102695107460022,0.42394495010375977,-0.008532515726983547,0.6971055269241333,0.3809370994567871,-0.015535249374806881,0.6849915981292725,0.3438692092895508,-0.022052230313420296,0.7659984827041626,0.48832079768180847,-0.0043846857734024525,0.7519606947898865,0.40071043372154236,-0.0058088889345526695,0.7441795468330383,0.35087817907333374,-0.0130457179620862,0.7363726496696472,0.31196385622024536,-0.019222108647227287,0.7963419556617737,0.4991493225097656,-0.010238653980195522,0.8030409812927246,0.42507532238960266,-0.0223330557346344,0.8051737546920776,0.37871766090393066,-0.038498226553201675,0.8059926629066467,0.33397793769836426,-0.05015764757990837,0.8258878588676453,0.5291122198104858,-0.018353397026658058,0.828275740146637,0.48219794034957886,-0.03211812302470207,0.8216580152511597,0.5051701068878174,-0.03381714969873428,0.8160499930381775,0.5356348752975464,-0.035057928413152695,three
0.7913139462471008,0.6972543597221375,1.8835862647392787e-07,0.7571525573730469,0.6603071689605713,-0.023531043902039528,0.7438929677009583,0.5900501012802124,-0.02481963112950325,0.7777602672576904,0.5374917984008789,-0.022816406562924385,0.8115522861480713,0.5119678378105164,-0.019770776852965355,0.7319733500480652,0.5002333521842957,-0.002795423148199916,0.7091829776763916,0.42413216829299927,-0.008050422184169292,0.6961433291435242,0.3811928629875183,-0.01497311145067215,0.6839925050735474,0.3444958031177521,-0.02142065018415451,0.7649022936820984,0.4882168173789978,-0.0041872188448905945,0.7509546279907227,0.4005730152130127,-0.005529436282813549,0.7431871891021729,0.35097163915634155,-0.012582133524119854,0.735307514667511,0.31221771240234375,-0.018605848774313927,0.7953263521194458,0.49901390075683594,-0.010303258895874023,0.8023394346237183,0.42449015378952026,-0.022438889369368553,0.8043675422668457,0.3779318034648895,-0.03843594342470169,0.8052607774734497,0.33268630504608154,-0.050025008618831635,0.824752151966095,0.5290998816490173,-0.0186303723603487,0.8266932368278503,0.4830593764781952,-0.032661180943250656,0.8197408318519592,0.5069963335990906,-0.0342981331050396,0.814129650592804,0.5378068685531616,-0.03549235314130783,three
0.7906858325004578,0.696924090385437,1.902221811178606e-07,0.7566825151443481,0.6601504683494568,-0.02356194518506527,0.7431209087371826,0.5896321535110474,-0.024935828521847725,0.777413547039032,0.5369855761528015,-0.023046167567372322,0.8123049736022949,0.5128353238105774,-0.02020697109401226,0.7309541702270508,0.5006762146949768,-0.0031918277963995934,0.708554744720459,0.42435401678085327,-0.008483941666781902,0.6956505179405212,0.38107433915138245,-0.015497141517698765,0.6835452914237976,0.344085156917572,-0.022033555433154106,0.7640460729598999,0.48855364322662354,-0.004546917974948883,0.750075101852417,0.4009166955947876,-0.005537890829145908,0.7422727942466736,0.351276159286499,-0.012500422075390816,0.7343529462814331,0.31246471405029297,-0.01865663193166256,0.7946402430534363,0.49912261962890625,-0.010586529038846493,0.8019106984138489,0.4245913028717041,-0.022210916504263878,0.8038182854652405,0.37813079357147217,-0.03808142989873886,0.8046172261238098,0.3333328366279602,-0.04979034513235092,0.8240631818771362,0.5286524295806885,-0.01888028159737587,0.8260129690170288,0.4829731583595276,-0.03258395940065384,0.8193387985229492,0.5067645311355591,-0.034192509949207306,0.8142011165618896,0.5374848246574402,-0.03547780588269234,three
0.7908409237861633,0.6976351737976074,1.91478093825026e-07,0.7567426562309265,0.6605466604232788,-0.023567689582705498,0.7432568073272705,0.5895445346832275,-0.024718204513192177,0.7777616381645203,0.5367055535316467,-0.022556858137249947,0.8126582503318787,0.5128252506256104,-0.019477661699056625,0.7307255864143372,0.501954972743988,-0.002984528662636876,0.7086005210876465,0.4254061281681061,-0.008091961033642292,0.6956508755683899,0.38193175196647644,-0.015001233667135239,0.6833775639533997,0.34456369280815125,-0.02149953879415989,0.7638505697250366,0.48984086513519287,-0.004305749200284481,0.7499635219573975,0.4020707309246063,-0.00529839051887393,0.7420132756233215,0.3521772027015686,-0.012402821332216263,0.7339411377906799,0.3129836320877075,-0.01867661625146866,0.7943472862243652,0.5002849102020264,-0.010297522880136967,0.8015058040618896,0.42522624135017395,-0.022036317735910416,0.8034242987632751,0.3783213198184967,-0.0381658636033535,0.8041870594024658,0.33310040831565857,-0.05004050210118294,0.8236926198005676,0.5294806361198425,-0.01851341500878334,0.8258204460144043,0.4832802414894104,-0.03227899223566055,0.819476842880249,0.5067141652107239,-0.03394397348165512,0.8147541284561157,0.5373131632804871,-0.03527413681149483,three
0.7903352379798889,0.6981325745582581,1.879208042510072e-07,0.7559931874275208,0.6609851121902466,-0.023200644180178642,0.7428766489028931,0.5893847346305847,-0.024299370124936104,0.7771969437599182,0.5360761284828186,-0.022169852629303932,0.8116906881332397,0.5123597383499146,-0.019167602062225342,0.7309941053390503,0.5017260313034058,-0.002798462985083461,0.7086119651794434,0.4254142642021179,-0.007783332373946905,0.695490837097168,0.38226747512817383,-0.01462636049836874,0.6831775307655334,0.3450707197189331,-0.02115463837981224,0.7641147375106812,0.48989856243133545,-0.0043367380276322365,0.7497324347496033,0.4022618532180786,-0.005445529706776142,0.7415450215339661,0.3523182272911072,-0.012695953249931335,0.733507513999939,0.31287282705307007,-0.01908325031399727,0.7946197390556335,0.5006331205368042,-0.010492859408259392,0.8013840913772583,0.4254043698310852,-0.022404707968235016,0.8029067516326904,0.3786635398864746,-0.038713064044713974,0.8035055994987488,0.3335520625114441,-0.0506911464035511,0.8240009546279907,0.5299717783927917,-0.018815062940120697,0.8258529305458069,0.4831857681274414,-0.03281525894999504,0.818953812122345,0.5068662166595459,-0.034738343209028244,0.8138266205787659,0.5375458598136902,-0.03625638410449028,three
0.7900943756103516,0.6974826455116272,1.8292439563083462e-07,0.7558468580245972,0.6605907678604126,-0.023285122588276863,0.7423009872436523,0.589777410030365,-0.02425798587501049,0.7766094207763672,0.5368297696113586,-0.02187754400074482,0.811305820941925,0.5132609605789185,-0.0185671616345644,0.7311225533485413,0.5017439723014832,-0.0029927827417850494,0.7088869214057922,0.42560046911239624,-0.00798114389181137,0.6958169341087341,0.38262468576431274,-0.014767594635486603,0.683505117893219,0.34528785943984985,-0.02125955931842327,0.7642303109169006,0.4899905323982239,-0.004586429335176945,0.750025749206543,0.4021657109260559,-0.005813754629343748,0.7418487071990967,0.352423757314682,-0.01304599829018116,0.7338047027587891,0.3129016160964966,-0.019369598478078842,0.7945466041564941,0.5008458495140076,-0.01080319657921791,0.8013708591461182,0.4252558946609497,-0.022972472012043,0.8029575347900391,0.3787229061126709,-0.039210863411426544,0.8035619258880615,0.3334426283836365,-0.051025379449129105,0.8240385055541992,0.5307565927505493,-0.019169962033629417,0.8258975744247437,0.4830896556377411,-0.03310830518603325,0.819323718547821,0.506915271282196,-0.03462580591440201,0.8145046830177307,0.538223922252655,-0.035824697464704514,three
0.7902247309684753,0.6969923377037048,1.872398911473283e-07,0.7559653520584106,0.6605113744735718,-0.023378491401672363,0.7424880862236023,0.5898018479347229,-0.02476237341761589,0.7770919799804688,0.536184549331665,-0.02291504479944706,0.8123034834861755,0.5125172734260559,-0.020173758268356323,0.7315166592597961,0.5014248490333557,-0.0032476289197802544,0.7091767191886902,0.4250602722167969,-0.008356515318155289,0.6959516406059265,0.38198161125183105,-0.015224392525851727,0.6835167407989502,0.34475287795066833,-0.02177220582962036,0.7646144032478333,0.4896485507488251,-0.00469842366874218,0.7504656910896301,0.40202227234840393,-0.005933984182775021,0.7423962354660034,0.3522077202796936,-0.013033679686486721,0.7345454096794128,0.31289488077163696,-0.01932036504149437,0.7949973344802856,0.5005850791931152,-0.010763579048216343,0.8023510575294495,0.4253128468990326,-0.022763174027204514,0.8037803769111633,0.37863415479660034,-0.038798294961452484,0.8044423460960388,0.3338794410228729,-0.05056276172399521,0.8241962790489197,0.5301147103309631,-0.019013332203030586,0.82643061876297,0.48312142491340637,-0.033014778047800064,0.8191230893135071,0.5064579248428345,-0.03475848585367203,0.8137303590774536,0.5371739268302917,-0.03614978492259979,three
0.7906339168548584,0.6966478228569031,1.8526048961575725e-07,0.7565460205078125,0.6600164175033569,-0.023545952513813972,0.743105947971344,0.5899330973625183,-0.02503926120698452,0.7779980301856995,0.5365854501724243,-0.02319355309009552,0.8132285475730896,0.5123456120491028,-0.02038154937326908,0.7321678400039673,0.5008426308631897,-0.0037349259946495295,0.7097829580307007,0.42453819513320923,-0.00908625591546297,0.6963595151901245,0.38159868121147156,-0.016082752496004105,0.6838028430938721,0.34431570768356323,-0.022686975076794624,0.7652075886726379,0.48915842175483704,-0.0051820590160787106,0.7511793375015259,0.40148335695266724,-0.0067378198727965355,0.7431550621986389,0.35174933075904846,-0.013921801000833511,0.7353273034095764,0.3124786913394928,-0.020195621997117996,0.7954272031784058,0.5001457929611206,-0.011259598657488823,0.80299973487854,0.4249652624130249,-0.023491699248552322,0.8048625588417053,0.37855762243270874,-0.03951970487833023,0.8057388067245483,0.33389735221862793,-0.05118156597018242,0.8247244954109192,0.5299416184425354,-0.019534287974238396,0.8272654414176941,0.4826948940753937,-0.03345807269215584,0.8199319243431091,0.5061684250831604,-0.0350516177713871,0.814153254032135,0.5372174382209778,-0.03632238134741783,three
0.7909760475158691,0.6967054605484009,1.8738556661901384e-07,0.7569266557693481,0.659875214099884,-0.02319267950952053,0.7437223792076111,0.5903646945953369,-0.024713892489671707,0.7782513499259949,0.5381584763526917,-0.023040931671857834,0.8127063512802124,0.513631284236908,-0.02050136961042881,0.7324938774108887,0.5006794333457947,-0.0034431861713528633,0.7102932333946228,0.42448690533638,-0.009012307971715927,0.6970690488815308,0.3814637064933777,-0.016208427026867867,0.6845663785934448,0.3443372845649719,-0.02288462407886982,0.7655359506607056,0.48896387219429016,-0.005195694975554943,0.7520031929016113,0.4013102352619171,-0.006772983353585005,0.7440699934959412,0.3515532612800598,-0.014152266085147858,0.7360769510269165,0.31246790289878845,-0.020548144355416298,0.7957012057304382,0.5000811219215393,-0.011548280715942383,0.8036677241325378,0.4251314401626587,-0.02375434897840023,0.8056530356407166,0.37860947847366333,-0.03983348235487938,0.806540310382843,0.3338850736618042,-0.051585305482149124,0.8247485160827637,0.5302641987800598,-0.020061811432242393,0.8271352648735046,0.4839954674243927,-0.034042663872241974,0.8201797604560852,0.5078734755516052,-0.035569753497838974,0.8147260546684265,0.5389965772628784,-0.03678138554096222,three
0.7912248969078064,0.6968399286270142,1.8801478063323884e-07,0.7571712136268616,0.6596688032150269,-0.02330007776618004,0.7442142963409424,0.5899600982666016,-0.024919383227825165,0.7786679267883301,0.5376498103141785,-0.023366402834653854,0.8129211068153381,0.5131841897964478,-0.020955948159098625,0.7330700755119324,0.5008129477500916,-0.0035402330104261637,0.7106729745864868,0.42448076605796814,-0.00928664393723011,0.697265625,0.3814781904220581,-0.016601422801613808,0.6846977472305298,0.344303160905838,-0.023352712392807007,0.7659419178962708,0.48927032947540283,-0.005307027138769627,0.7519586086273193,0.4014253616333008,-0.007099210284650326,0.7440289258956909,0.35157907009124756,-0.014626440592110157,0.7362424731254578,0.3123461604118347,-0.021091250702738762,0.796058714389801,0.5006061792373657,-0.011681977659463882,0.8037344217300415,0.42528635263442993,-0.02408127300441265,0.8056466579437256,0.3786768317222595,-0.040218815207481384,0.8065789937973022,0.3337828516960144,-0.05197186395525932,0.8251478672027588,0.5309174656867981,-0.020217638462781906,0.8275845646858215,0.48409417271614075,-0.03430391475558281,0.8204580545425415,0.50771564245224,-0.03583577647805214,0.8149349093437195,0.5386301279067993,-0.037039924412965775,three
0.7914607524871826,0.6966171860694885,1.9174129306520626e-07,0.7574263215065002,0.6595548391342163,-0.023144369944930077,0.7445459961891174,0.5906704664230347,-0.025267567485570908,0.7783456444740295,0.538478672504425,-0.024329300969839096,0.811850905418396,0.5130365490913391,-0.022655313834547997,0.7331361174583435,0.5008731484413147,-0.003938665613532066,0.7109392881393433,0.424429714679718,-0.00989076029509306,0.6978330016136169,0.381183922290802,-0.017323380336165428,0.6854192614555359,0.3438922166824341,-0.024171287193894386,0.7660644054412842,0.48925694823265076,-0.005834347102791071,0.7522118091583252,0.4014442563056946,-0.007964926771819592,0.7444390654563904,0.35148298740386963,-0.015759553760290146,0.7366884350776672,0.31211137771606445,-0.02238888293504715,0.7963204979896545,0.5007210969924927,-0.012215564958751202,0.8037605285644531,0.4252880811691284,-0.0248898733407259,0.8059523105621338,0.3784288763999939,-0.04101590812206268,0.8072813749313354,0.33336061239242554,-0.052804917097091675,0.8254051804542542,0.5310538411140442,-0.020684760063886642,0.8271670341491699,0.4850608706474304,-0.03532096743583679,0.8204700350761414,0.5089402794837952,-0.03698481246829033,0.8156968355178833,0.5394734740257263,-0.03819026052951813,three
0.7914811372756958,0.6966264247894287,1.8821197045326699e-07,0.7574492692947388,0.6596163511276245,-0.02313590794801712,0.7445344924926758,0.5899989604949951,-0.025027092546224594,0.7785485982894897,0.5376448631286621,-0.02378464862704277,0.8123582005500793,0.5126792192459106,-0.021829532459378242,0.7332547903060913,0.5013301968574524,-0.003980508539825678,0.7110196352005005,0.4247939884662628,-0.00972495973110199,0.6979014873504639,0.38158679008483887,-0.016988810151815414,0.6854746341705322,0.3440742492675781,-0.023776186630129814,0.7661404609680176,0.489768922328949,-0.00589297991245985,0.7519200444221497,0.4016633629798889,-0.007898617535829544,0.7441627383232117,0.35170745849609375,-0.01571621187031269,0.7365427613258362,0.31209665536880493,-0.022422194480895996,0.7963442206382751,0.5011569857597351,-0.01227912399917841,0.8038296699523926,0.42557254433631897,-0.025010064244270325,0.8060807585716248,0.37862467765808105,-0.04141596332192421,0.8074703216552734,0.3333178460597992,-0.05341050401329994,0.8254867792129517,0.5312955379486084,-0.02071942575275898,0.8272145986557007,0.48490649461746216,-0.035348352044820786,0.8204547762870789,0.5090653300285339,-0.03709125891327858,0.8156733512878418,0.53989177942276,-0.03842689096927643,three
0.7914473414421082,0.6964390277862549,1.9103363513295335e-07,0.7571876049041748,0.6593666672706604,-0.023186901584267616,0.7442997097969055,0.5896315574645996,-0.025141404941678047,0.7784987092018127,0.5372334718704224,-0.02397894114255905,0.8126178979873657,0.512742280960083,-0.022120073437690735,0.7332509756088257,0.5012565851211548,-0.003999627660959959,0.7110438942909241,0.4249245822429657,-0.00969246681779623,0.6979889869689941,0.3817141652107239,-0.016970394179224968,0.6856305599212646,0.34412938356399536,-0.02380174770951271,0.7661164402961731,0.4896882474422455,-0.005888108629733324,0.752058207988739,0.4018329679965973,-0.00782941747456789,0.7443772554397583,0.3518933653831482,-0.015670938417315483,0.7368323802947998,0.3122899532318115,-0.022435618564486504,0.7962675094604492,0.5010437369346619,-0.012248305603861809,0.803886353969574,0.42569074034690857,-0.024907657876610756,0.8063239455223083,0.37869828939437866,-0.0413818396627903,0.8078691959381104,0.33363234996795654,-0.05345410481095314,0.8253054618835449,0.5311644673347473,-0.020674191415309906,0.8270253539085388,0.4850299060344696,-0.03528668358922005,0.8203746676445007,0.5091915726661682,-0.03709165379405022,0.815636157989502,0.5401391983032227,-0.03848299756646156,three
0.7916165590286255,0.6959206461906433,1.9215499946767522e-07,0.7573660612106323,0.6589751839637756,-0.02349037304520607,0.7445815801620483,0.5891293287277222,-0.025655634701251984,0.7790650725364685,0.5362131595611572,-0.02467663586139679,0.8135039806365967,0.5116958618164062,-0.022961769253015518,0.7332212924957275,0.5012521743774414,-0.004228963982313871,0.7109643220901489,0.42506805062294006,-0.009936485439538956,0.697840690612793,0.3818717896938324,-0.01724744215607643,0.6855440735816956,0.3443344235420227,-0.024143708869814873,0.7660568356513977,0.48948100209236145,-0.005880201235413551,0.7518635988235474,0.4018225371837616,-0.007947211153805256,0.7442872524261475,0.3518892228603363,-0.015856876969337463,0.736870288848877,0.31231558322906494,-0.02268964983522892,0.7963052988052368,0.5006041526794434,-0.012020698748528957,0.8038511276245117,0.42541778087615967,-0.024685142561793327,0.8063617944717407,0.378614604473114,-0.04121613875031471,0.8079149723052979,0.33393919467926025,-0.05333734303712845,0.8255189657211304,0.5302879214286804,-0.02026369981467724,0.8275520205497742,0.4839981198310852,-0.0348801463842392,0.8206065893173218,0.5077380537986755,-0.03690825402736664,0.8153976798057556,0.538336992263794,-0.038487065583467484,three
0.7917441129684448,0.6964269280433655,1.9236519221976778e-07,0.7571339011192322,0.6590168476104736,-0.023127064108848572,0.7444334030151367,0.5885310173034668,-0.02491680160164833,0.778713047504425,0.535468578338623,-0.023586226627230644,0.8129705190658569,0.5112059116363525,-0.021499305963516235,0.7334095239639282,0.5014269351959229,-0.003649759804829955,0.7111728191375732,0.4252117872238159,-0.00929174479097128,0.6978986859321594,0.38199466466903687,-0.016566630452871323,0.6855332851409912,0.34449952840805054,-0.02336687222123146,0.766180157661438,0.48978546261787415,-0.005509167443960905,0.7520875334739685,0.4016266465187073,-0.007384068798273802,0.7443822026252747,0.3515680730342865,-0.01505647599697113,0.7369824051856995,0.3120562732219696,-0.021653098985552788,0.796359658241272,0.5009459853172302,-0.011889676563441753,0.8043397068977356,0.42486506700515747,-0.024544598534703255,0.8068110942840576,0.3779716491699219,-0.040938254445791245,0.8083974719047546,0.33325761556625366,-0.05285190790891647,0.8254975080490112,0.5309814214706421,-0.020349537953734398,0.8274878859519958,0.4839673638343811,-0.03484487161040306,0.8205525875091553,0.5079874992370605,-0.036562543362379074,0.8154046535491943,0.53924959897995,-0.03786417841911316,three
0.7913928031921387,0.6964685916900635,1.9403979933940718e-07,0.7571660280227661,0.6586592793464661,-0.02338404208421707,0.744713306427002,0.5876783132553101,-0.025235364213585854,0.7794478535652161,0.5344911217689514,-0.023990903049707413,0.814407467842102,0.5109387636184692,-0.0220219437032938,0.7337018251419067,0.5012602806091309,-0.003586414037272334,0.7114313244819641,0.4251539707183838,-0.009168284945189953,0.6982298493385315,0.3820134401321411,-0.01650199294090271,0.6859140992164612,0.3446585536003113,-0.023379037156701088,0.7665284276008606,0.4893720746040344,-0.005221735220402479,0.7526326179504395,0.40144968032836914,-0.006924474146217108,0.7448803782463074,0.3512951731681824,-0.014762064442038536,0.7373077869415283,0.3116651773452759,-0.021611051633954048,0.7967323064804077,0.5002909302711487,-0.011410527862608433,0.8048418760299683,0.4249120354652405,-0.023811670020222664,0.8073359727859497,0.3780435621738434,-0.040525760501623154,0.808720588684082,0.33360379934310913,-0.052797917276620865,0.8258489966392517,0.529692530632019,-0.019723886623978615,0.8284666538238525,0.48292669653892517,-0.03414728119969368,0.8214113116264343,0.506253719329834,-0.03628413751721382,0.81587153673172,0.536827564239502,-0.03798595815896988,three
0.8323192000389099,0.6587539911270142,5.959992108728329e-07,0.8501089811325073,0.5776239633560181,0.017116311937570572,0.834215521812439,0.5163890719413757,0.02034655585885048,0.8052584528923035,0.49478447437286377,0.021273477002978325,0.774354875087738,0.4918166697025299,0.01984606683254242,0.839292049407959,0.48506587743759155,-0.005320918746292591,0.8425647616386414,0.3946852684020996,-0.009885144419968128,0.8442672491073608,0.34427374601364136,-0.010198014788329601,0.8447390794754028,0.3042265772819519,-0.008877054788172245,0.8061697483062744,0.490631639957428,-0.016735289245843887,0.7982669472694397,0.3924756646156311,-0.02376648224890232,0.7914360165596008,0.3349266052246094,-0.025716105476021767,0.7830613255500793,0.2903464436531067,-0.02491641975939274,0.7738528847694397,0.5080103874206543,-0.025031033903360367,0.7492126226425171,0.429995596408844,-0.031018946319818497,0.7358148694038391,0.383029580116272,-0.036721423268318176,0.7214325666427612,0.3493826985359192,-0.03937091305851936,0.7496395707130432,0.5347319841384888,-0.03048122115433216,0.7510536313056946,0.4798847436904907,-0.027805574238300323,0.7647085189819336,0.48522576689720154,-0.019225293770432472,0.7748072147369385,0.5010802745819092,-0.012486826628446579,three
0.8288822770118713,0.657335102558136,5.685867563443026e-07,0.8447215557098389,0.5748069286346436,0.01906220056116581,0.8280465602874756,0.5156660676002502,0.023743106052279472,0.7998329401016235,0.4945394992828369,0.026033082976937294,0.7694177031517029,0.49276456236839294,0.0262181144207716,0.8316895365715027,0.48698484897613525,-0.0019058316247537732,0.8325110077857971,0.39965975284576416,-0.0054539963603019714,0.8328143358230591,0.3510928153991699,-0.004745548125356436,0.8327320218086243,0.3128015995025635,-0.0026705991476774216,0.799135148525238,0.4925142228603363,-0.013500441797077656,0.7870420217514038,0.3955684006214142,-0.021878449246287346,0.778477132320404,0.3395274579524994,-0.023707447573542595,0.7695975303649902,0.29600104689598083,-0.02202335000038147,0.7676768898963928,0.5096465945243835,-0.021769488230347633,0.7410423159599304,0.43388038873672485,-0.02784569375216961,0.725600004196167,0.3887473940849304,-0.03196931257843971,0.7103124260902405,0.3558937907218933,-0.03284049779176712,0.7447808980941772,0.5364183187484741,-0.02707301825284958,0.7424218058586121,0.48294395208358765,-0.022530755028128624,0.7539804577827454,0.48980867862701416,-0.012039859779179096,0.763931930065155,0.5062050223350525,-0.003746245289221406,three
0.8280588388442993,0.6576230525970459,5.686655981662625e-07,0.8446299433708191,0.5752648711204529,0.019304592162370682,0.8280243277549744,0.5165180563926697,0.024049555882811546,0.7995266318321228,0.49542438983917236,0.026433248072862625,0.7688157558441162,0.49376413226127625,0.026708850637078285,0.8312490582466125,0.4873957633972168,-0.0017056175274774432,0.8318985104560852,0.4001898765563965,-0.004860257729887962,0.832192063331604,0.352379709482193,-0.0039370302110910416,0.8318854570388794,0.3147645592689514,-0.0017306995578110218,0.7983617186546326,0.4933260679244995,-0.013284885324537754,0.7864397764205933,0.39653778076171875,-0.021523630246520042,0.7778759598731995,0.34044021368026733,-0.023487288504838943,0.7687742114067078,0.2969715893268585,-0.021934259682893753,0.7666568160057068,0.5107592344284058,-0.021458053961396217,0.7403170466423035,0.4346890449523926,-0.02753806672990322,0.7249112725257874,0.3894013464450836,-0.03193321451544762,0.7094443440437317,0.3569125831127167,-0.03297999128699303,0.743621826171875,0.5374194383621216,-0.02657482400536537,0.7417640089988708,0.48329463601112366,-0.021871820092201233,0.7534472942352295,0.4899170696735382,-0.011357203125953674,0.7633766531944275,0.5064101219177246,-0.003084667958319187,three
0.8285949230194092,0.6579532623291016,5.631930548588571e-07,0.844561755657196,0.5755480527877808,0.02154971845448017,0.8278018236160278,0.5170181393623352,0.027433838695287704,0.7997391223907471,0.4958987236022949,0.03065081685781479,0.7692625522613525,0.49430373311042786,0.03185100480914116,0.8317453861236572,0.48794853687286377,0.0004308717616368085,0.8317745327949524,0.4005262553691864,-0.00202112621627748,0.8313661217689514,0.3525417447090149,-0.0003018910065293312,0.8304169178009033,0.3148941099643707,0.0024804219137877226,0.7991607189178467,0.49368247389793396,-0.012031030841171741,0.7873945832252502,0.39560362696647644,-0.02071995660662651,0.7784852385520935,0.3392837941646576,-0.02239859476685524,0.7690483927726746,0.295967161655426,-0.020208921283483505,0.7673601508140564,0.511022686958313,-0.020846132189035416,0.7404000163078308,0.4334564805030823,-0.02732708491384983,0.7250165939331055,0.3887762427330017,-0.03097018040716648,0.7096697688102722,0.35640835762023926,-0.03095836192369461,0.7440322041511536,0.5383594632148743,-0.026336846873164177,0.7410792708396912,0.4817896783351898,-0.021120011806488037,0.7523667216300964,0.48876431584358215,-0.00946661364287138,0.762143075466156,0.5057429671287537,-0.00013810896780341864,three
0.8284063935279846,0.658268928527832,5.609788900073909e-07,0.8446959257125854,0.5755012631416321,0.022229310125112534,0.8279872536659241,0.5170792937278748,0.028629204258322716,0.8000167012214661,0.4959326982498169,0.032316312193870544,0.7695443034172058,0.49431660771369934,0.03401936590671539,0.831830620765686,0.4878043830394745,0.001442243461497128,0.8319922685623169,0.40060827136039734,-0.0005984035087749362,0.8317281007766724,0.3527524769306183,0.0012682147789746523,0.8309288024902344,0.31520527601242065,0.0041601029224693775,0.798798680305481,0.49346399307250977,-0.010957451537251472,0.7868191003799438,0.39556336402893066,-0.01956685446202755,0.778031051158905,0.3394991159439087,-0.02119111828505993,0.7686496376991272,0.2960912585258484,-0.01883099041879177,0.7668153643608093,0.5105907320976257,-0.019621117040514946,0.740290105342865,0.4335797429084778,-0.025656910613179207,0.725147545337677,0.3889598846435547,-0.028992028906941414,0.7098367214202881,0.35658228397369385,-0.028696546331048012,0.7435637712478638,0.5376496315002441,-0.024930257350206375,0.7411012649536133,0.48212799429893494,-0.018745198845863342,0.7522257566452026,0.48964858055114746,-0.006518364883959293,0.7619015574455261,0.5072051882743835,0.0032058812212198973,three
0.8282908201217651,0.6583537459373474,5.570004191213229e-07,0.8447699546813965,0.5756047964096069,0.023137787356972694,0.8283056616783142,0.5172101855278015,0.029966164380311966,0.8003557324409485,0.49577438831329346,0.03398289531469345,0.7699510455131531,0.49390527606010437,0.036005567759275436,0.8318634629249573,0.48771652579307556,0.0019852658733725548,0.8319793343544006,0.4001953899860382,0.00010385389759903774,0.8317161798477173,0.35200217366218567,0.0022866115905344486,0.8309986591339111,0.3143770396709442,0.005438372027128935,0.7989338040351868,0.49366965889930725,-0.01078726351261139,0.7867443561553955,0.3953368365764618,-0.019812360405921936,0.7778961062431335,0.3391236662864685,-0.02127358689904213,0.7685041427612305,0.2957216501235962,-0.018595965579152107,0.7670712471008301,0.5111010670661926,-0.019729167222976685,0.7405693531036377,0.43377137184143066,-0.026179177686572075,0.7252742648124695,0.3887883424758911,-0.02925114333629608,0.709858775138855,0.3559913635253906,-0.028538813814520836,0.744036078453064,0.5387552380561829,-0.025194350630044937,0.741579532623291,0.4823034107685089,-0.01883801817893982,0.7525683045387268,0.49020370841026306,-0.006108524277806282,0.7622177600860596,0.5082725882530212,0.004027677234262228,three
0.8283427357673645,0.6587665677070618,5.568929282162571e-07,0.8451272249221802,0.576342761516571,0.022633962333202362,0.8285170197486877,0.5181277394294739,0.029490478336811066,0.8002939820289612,0.49698927998542786,0.03364048898220062,0.7697794437408447,0.49482089281082153,0.03587883338332176,0.832036018371582,0.4877927005290985,0.002271287841722369,0.8321593403816223,0.40020790696144104,0.0005118974950164557,0.8318003416061401,0.3520645201206207,0.002600356936454773,0.8308697938919067,0.31420373916625977,0.005636006593704224,0.7988539934158325,0.49322596192359924,-0.010124873369932175,0.7865642309188843,0.3955991268157959,-0.018888257443904877,0.77773118019104,0.33965736627578735,-0.02040456421673298,0.7684528827667236,0.29608747363090515,-0.017813824117183685,0.7668276429176331,0.510126531124115,-0.018777336925268173,0.7402342557907104,0.4332639276981354,-0.024993911385536194,0.7249748706817627,0.38860177993774414,-0.028179073706269264,0.709663987159729,0.3558410406112671,-0.027618136256933212,0.7437199950218201,0.5371249318122864,-0.02402837760746479,0.7414952516555786,0.48232704401016235,-0.017543314024806023,0.7523162961006165,0.4913567304611206,-0.004891622345894575,0.7619360685348511,0.5099740028381348,0.005175982601940632,three
0.8281828165054321,0.6581487655639648,5.549247248382017e-07,0.845219612121582,0.5755815505981445,0.02130289003252983,0.8286166787147522,0.51700758934021,0.02715718187391758,0.800125241279602,0.4964258074760437,0.030409863218665123,0.7692298293113708,0.49522244930267334,0.03160688281059265,0.8324666023254395,0.4878745377063751,0.0003273863694630563,0.8321407437324524,0.40034180879592896,-0.002145799109712243,0.831681489944458,0.35220178961753845,-0.0005374799948185682,0.8307563066482544,0.31417790055274963,0.002146223559975624,0.7994301319122314,0.4936452805995941,-0.011964366771280766,0.7868509292602539,0.39614856243133545,-0.020702172070741653,0.7779141068458557,0.3401120901107788,-0.022292546927928925,0.7686249613761902,0.29639261960983276,-0.020013587549328804,0.767360270023346,0.5107627511024475,-0.020644262433052063,0.7405010461807251,0.43342912197113037,-0.02717696875333786,0.7252059578895569,0.3884011209011078,-0.03066067583858967,0.7099533081054688,0.35545098781585693,-0.030545132234692574,0.7439218759536743,0.5377796292304993,-0.02603684924542904,0.74137282371521,0.4827745854854584,-0.02056983858346939,0.7523820996284485,0.4914740025997162,-0.008511423133313656,0.7620943784713745,0.5098329782485962,0.0010695195524021983,three
0.827544629573822,0.6566866636276245,5.460599368234398e-07,0.8446199297904968,0.5743461847305298,0.02005237340927124,0.8284988403320312,0.5154147148132324,0.025027483701705933,0.800167977809906,0.49500957131385803,0.02752215601503849,0.7690163850784302,0.4944496750831604,0.02776547148823738,0.8319926857948303,0.48760074377059937,-0.00121296348515898,0.8313271403312683,0.4005061388015747,-0.0038337723817676306,0.8306889533996582,0.3530178964138031,-0.0023102276027202606,0.8295778036117554,0.3154485821723938,0.00023218768183141947,0.7988378405570984,0.4936591386795044,-0.013235878199338913,0.7855637669563293,0.3969244360923767,-0.0213894322514534,0.7768868207931519,0.3415882885456085,-0.022775383666157722,0.7679544687271118,0.29842305183410645,-0.02067676931619644,0.7667636275291443,0.510890007019043,-0.021769266575574875,0.7402428984642029,0.4338052272796631,-0.0281132273375988,0.7249392867088318,0.38830870389938354,-0.0320444218814373,0.7095980644226074,0.35517221689224243,-0.03258316591382027,0.7434267401695251,0.5375460982322693,-0.027117164805531502,0.7410271763801575,0.4826864004135132,-0.02237793244421482,0.7521675229072571,0.4904423952102661,-0.011207511648535728,0.7619397044181824,0.5080607533454895,-0.0023903094697743654,three
0.8280016183853149,0.6571154594421387,5.436319838736381e-07,0.8449038863182068,0.5758674144744873,0.019206028431653976,0.8283214569091797,0.5167493224143982,0.024162258952856064,0.799305260181427,0.4962778091430664,0.026811953634023666,0.7679321765899658,0.4957372844219208,0.02731439843773842,0.8312803506851196,0.4877723455429077,-0.0009358395473100245,0.8300294280052185,0.40098559856414795,-0.003153943456709385,0.829074501991272,0.35376685857772827,-0.001489450572989881,0.827637255191803,0.3162604570388794,0.0010744082974269986,0.7981448769569397,0.4938579797744751,-0.012493113987147808,0.7845736742019653,0.3979116678237915,-0.020146569237113,0.7757850885391235,0.34317710995674133,-0.021321458742022514,0.7668462991714478,0.30066749453544617,-0.019105110317468643,0.7661980390548706,0.5113910436630249,-0.02070775255560875,0.7395147085189819,0.4343717098236084,-0.02697313018143177,0.7239732146263123,0.38926979899406433,-0.03094225376844406,0.7085565328598022,0.3565870523452759,-0.031457897275686264,0.7430492639541626,0.5383924841880798,-0.025810953229665756,0.7402744889259338,0.48317593336105347,-0.021263640373945236,0.7512621283531189,0.4917394518852234,-0.010203351266682148,0.7608976364135742,0.5101941823959351,-0.0013964073732495308,three
0.8280320763587952,0.65665602684021,5.45391742434731e-07,0.844869077205658,0.5757837891578674,0.021027423441410065,0.8281646966934204,0.5172054171562195,0.026929417625069618,0.7990355491638184,0.4949944019317627,0.030333319678902626,0.7679399847984314,0.49377501010894775,0.03178628161549568,0.8313637375831604,0.4885064661502838,0.0009002406150102615,0.8302485942840576,0.40189146995544434,-0.0009442202281206846,0.8297421336174011,0.3548086881637573,0.0015458829002454877,0.8287426829338074,0.3184354305267334,0.004995687399059534,0.7986505031585693,0.49405336380004883,-0.011096670292317867,0.7847691774368286,0.39626747369766235,-0.01966002583503723,0.7756751775741577,0.3411005139350891,-0.020368903875350952,0.7664852142333984,0.29869845509529114,-0.017148161306977272,0.7667773365974426,0.5109614133834839,-0.019591879099607468,0.7392696142196655,0.4328887462615967,-0.0265482310205698,0.7238675355911255,0.38860541582107544,-0.02958030253648758,0.7088679671287537,0.35643088817596436,-0.028719758614897728,0.7434113621711731,0.5379822850227356,-0.02473626099526882,0.7396106123924255,0.48057618737220764,-0.019606752321124077,0.7505913376808167,0.4891444444656372,-0.007384276017546654,0.760521411895752,0.507585883140564,0.002553778700530529,three
0.8280889987945557,0.6577329635620117,5.398195526140626e-07,0.8448657989501953,0.575832724571228,0.020547354593873024,0.8283268809318542,0.5173428654670715,0.026170911267399788,0.7994802594184875,0.4950644373893738,0.029339905828237534,0.7684141397476196,0.4936935305595398,0.03050083853304386,0.831159770488739,0.4889668822288513,0.0003666220582090318,0.8297762274742126,0.4019894003868103,-0.0018627990502864122,0.8289529085159302,0.35446733236312866,2.6572890874376753e-06,0.8275954723358154,0.3168133795261383,0.0028426051139831543,0.7984746098518372,0.49502646923065186,-0.01175826694816351,0.7848799824714661,0.39760148525238037,-0.02051486261188984,0.7758974432945251,0.3419678211212158,-0.02180624194443226,0.7665882706642151,0.29858845472335815,-0.01922759786248207,0.7666870951652527,0.5124865770339966,-0.020425163209438324,0.7395098805427551,0.4344123899936676,-0.02774994634091854,0.7238135933876038,0.38937613368034363,-0.031169282272458076,0.7081890106201172,0.3565114140510559,-0.030701298266649246,0.7435299754142761,0.5399280190467834,-0.025795234367251396,0.739726722240448,0.4810701608657837,-0.02114839106798172,0.7505068182945251,0.4898606240749359,-0.009029404260218143,0.7600732445716858,0.5090058445930481,0.0007602080586366355,three
0.8277409076690674,0.6576977968215942,5.424998335001874e-07,0.8447015285491943,0.5754497051239014,0.02064461074769497,0.8280106782913208,0.5164077877998352,0.026287827640771866,0.7988283038139343,0.4948028326034546,0.029466673731803894,0.7674055695533752,0.4949784576892853,0.03057856112718582,0.8308951258659363,0.48948973417282104,0.0004110524896532297,0.829437792301178,0.40209051966667175,-0.0016028452664613724,0.828363299369812,0.3547193706035614,0.0006947152432985604,0.8267609477043152,0.3177248537540436,0.0038992830086499453,0.798240602016449,0.4955764710903168,-0.011666132137179375,0.7843001484870911,0.3974093794822693,-0.020290790125727654,0.7751317620277405,0.3419785499572754,-0.021123385056853294,0.7657677531242371,0.29939618706703186,-0.01812293939292431,0.7664417624473572,0.5127232670783997,-0.020270708948373795,0.7392154335975647,0.43411198258399963,-0.02738182060420513,0.7234541773796082,0.3895489573478699,-0.03041309118270874,0.7079117298126221,0.35709136724472046,-0.029650410637259483,0.7432570457458496,0.5397307276725769,-0.02556653507053852,0.7392246127128601,0.4812716245651245,-0.020851904526352882,0.7499027848243713,0.49015846848487854,-0.008631671778857708,0.7595567107200623,0.5090544819831848,0.001270511420443654,three
0.8275121450424194,0.6574977040290833,5.454454594655544e-07,0.8443226218223572,0.5752525925636292,0.020319931209087372,0.827496349811554,0.5164639949798584,0.02579638734459877,0.7983502149581909,0.49545809626579285,0.028874417766928673,0.7668747305870056,0.49546194076538086,0.029845912009477615,0.8303122520446777,0.48884356021881104,0.0001341898605460301,0.8292142152786255,0.4021669328212738,-0.0018032635562121868,0.8283421397209167,0.3548758625984192,0.00019310748029965907,0.8268520832061768,0.3173840343952179,0.0030604868661612272,0.7973901629447937,0.49452462792396545,-0.01168820634484291,0.7838284969329834,0.3978332579135895,-0.019592756405472755,0.7748345136642456,0.3427867591381073,-0.020539632067084312,0.7654798626899719,0.2999550700187683,-0.01792176254093647,0.765646755695343,0.5116442441940308,-0.02004852332174778,0.7383440732955933,0.4348057508468628,-0.02643643505871296,0.7226395010948181,0.3903847634792328,-0.02995876595377922,0.7070164084434509,0.35809141397476196,-0.029903406277298927,0.7427923083305359,0.5385368466377258,-0.025163214653730392,0.7393757104873657,0.4826040267944336,-0.020053381100296974,0.7502449750900269,0.49126148223876953,-0.00831593293696642,0.7599474787712097,0.5097514986991882,0.001012866967357695,three
0.8280190825462341,0.6576219201087952,5.50479740013543e-07,0.8442320823669434,0.5751845836639404,0.020469369366765022,0.8270288109779358,0.5158386826515198,0.026012249290943146,0.7979939579963684,0.4945351481437683,0.029094260185956955,0.7665333151817322,0.49469584226608276,0.03008691594004631,0.8302552700042725,0.4883069396018982,0.00033835688373073936,0.8287625312805176,0.40149834752082825,-0.0017931467154994607,0.827755868434906,0.353939414024353,-5.2762643463211134e-05,0.826416015625,0.3162299394607544,0.002648348454385996,0.7974818348884583,0.4944227933883667,-0.011634045280516148,0.7836098670959473,0.39777666330337524,-0.019842999055981636,0.7744568586349487,0.3424285352230072,-0.021137870848178864,0.7651155591011047,0.2992286682128906,-0.01877973973751068,0.7656643986701965,0.5117729306221008,-0.020109934732317924,0.7383901476860046,0.4342265725135803,-0.026659298688173294,0.7226837277412415,0.389958918094635,-0.030095268040895462,0.7071196436882019,0.3576864004135132,-0.029964564368128777,0.7424964308738708,0.5387831330299377,-0.02533639967441559,0.7389833927154541,0.4823092222213745,-0.02042710967361927,0.7500492334365845,0.490622878074646,-0.008668976835906506,0.7599121928215027,0.5086693167686462,0.0007191766053438187,three
0.827177882194519,0.6555202007293701,5.498530981640215e-07,0.8432407379150391,0.5735889077186584,0.020186636596918106,0.8264010548591614,0.5149602293968201,0.02524462901055813,0.7976897954940796,0.4935143291950226,0.02785530313849449,0.7665612697601318,0.4930599629878998,0.028400110080838203,0.8302819728851318,0.4874263107776642,-0.0010736449621617794,0.8287439346313477,0.4002178907394409,-0.0038751910906285048,0.8275786638259888,0.35224395990371704,-0.002505312906578183,0.8262355327606201,0.31430864334106445,-3.399182605789974e-05,0.797845721244812,0.4939139783382416,-0.013096668757498264,0.7837644219398499,0.396979421377182,-0.021618150174617767,0.7743555903434753,0.34151938557624817,-0.023213721811771393,0.764916181564331,0.29831352829933167,-0.021245237439870834,0.7660937905311584,0.5113093852996826,-0.021593788638710976,0.7382202744483948,0.4337335228919983,-0.028276177123188972,0.7225310206413269,0.38984620571136475,-0.031859103590250015,0.7072656154632568,0.35794949531555176,-0.03201804682612419,0.7429608702659607,0.5377900004386902,-0.02687162533402443,0.7390841841697693,0.48145759105682373,-0.022224754095077515,0.7500084638595581,0.48927828669548035,-0.010808133520185947,0.759699821472168,0.5066676735877991,-0.001772597897797823,three
0.8270971775054932,0.6556739807128906,5.541177188206348e-07,0.842643678188324,0.5729935765266418,0.018869204446673393,0.8258997797966003,0.514438271522522,0.023083114996552467,0.7975940704345703,0.49439287185668945,0.024980610236525536,0.7662830352783203,0.494818776845932,0.024669019505381584,0.8288763761520386,0.4872277081012726,-0.002677515847608447,0.8282026052474976,0.39919134974479675,-0.005649950820952654,0.8266835808753967,0.35127532482147217,-0.00445587607100606,0.8249083161354065,0.3132798373699188,-0.0021977885626256466,0.7963470816612244,0.49434995651245117,-0.014318235218524933,0.7824757695198059,0.39805877208709717,-0.022053027525544167,0.7734000086784363,0.34311676025390625,-0.02337200753390789,0.7643295526504517,0.3007082939147949,-0.02155667170882225,0.7648502588272095,0.5123370289802551,-0.022571636363863945,0.7377089262008667,0.4356254041194916,-0.0285493191331625,0.7222720980644226,0.39037853479385376,-0.03242913633584976,0.7071342468261719,0.35774603486061096,-0.03321920335292816,0.7422317862510681,0.5386946201324463,-0.02778843604028225,0.7391680479049683,0.48272302746772766,-0.023451004177331924,0.7505109906196594,0.4892272651195526,-0.01270484458655119,0.7603089809417725,0.5059846043586731,-0.004259132780134678,three
0.8271068930625916,0.6563733816146851,5.498150699168036e-07,0.8429703116416931,0.5740492343902588,0.01818135380744934,0.8259478211402893,0.5146225094795227,0.02228677086532116,0.7966994047164917,0.4941116273403168,0.024169938638806343,0.7651040554046631,0.49497485160827637,0.02387700416147709,0.8294394612312317,0.48752251267433167,-0.0026978682726621628,0.827364444732666,0.39930760860443115,-0.006190353073179722,0.8256499171257019,0.3507883548736572,-0.00568194966763258,0.823743462562561,0.31215548515319824,-0.003922204487025738,0.79708331823349,0.4945255219936371,-0.014139579609036446,0.7830331921577454,0.3981904685497284,-0.02216818928718567,0.7732475399971008,0.3433001637458801,-0.02417364902794361,0.7634156346321106,0.30078554153442383,-0.02291122078895569,0.7654374837875366,0.512060821056366,-0.022261956706643105,0.7380263805389404,0.4341195821762085,-0.028666583821177483,0.7224098443984985,0.390272855758667,-0.032612066715955734,0.7071995139122009,0.35847043991088867,-0.03341412544250488,0.7421438694000244,0.5379661321640015,-0.02740507200360298,0.7378486394882202,0.4816705584526062,-0.023677928373217583,0.7487376928329468,0.489429771900177,-0.012990736402571201,0.7583030462265015,0.50675368309021,-0.004488442093133926,three
0.826934278011322,0.6558939218521118,5.429777161225502e-07,0.843054473400116,0.5737844705581665,0.020921874791383743,0.8259978890419006,0.5156186819076538,0.02664310857653618,0.7975158095359802,0.49447646737098694,0.029897108674049377,0.7665791511535645,0.49451979994773865,0.03111574612557888,0.829121470451355,0.4869025647640228,-0.00021502032177522779,0.8275392055511475,0.39879342913627625,-0.0025014723651111126,0.8258826732635498,0.3505958914756775,-0.0007980292430147529,0.8240319490432739,0.31257039308547974,0.0018714144825935364,0.7968034744262695,0.4940551519393921,-0.012167845852673054,0.7825004458427429,0.39757049083709717,-0.020524494349956512,0.7729805111885071,0.3430919647216797,-0.02188773825764656,0.7635562419891357,0.30117765069007874,-0.01961980015039444,0.7652563452720642,0.5115436315536499,-0.020489711314439774,0.7377162575721741,0.43380826711654663,-0.026781098917126656,0.7221511602401733,0.38980403542518616,-0.03003503940999508,0.7069933414459229,0.3578640818595886,-0.02985444664955139,0.7422588467597961,0.5380536317825317,-0.025531301274895668,0.7380877733230591,0.4822443425655365,-0.02038486860692501,0.7487025260925293,0.49045172333717346,-0.008613895624876022,0.7583578824996948,0.5083297491073608,0.0008040521643124521,three
0.19589142501354218,0.6721898913383484,5.113491852171137e-07,0.2254156917333603,0.650938868522644,-0.03598026558756828,0.2354535311460495,0.5994145274162292,-0.04766397178173065,0.19784314930438995,0.5468192100524902,-0.05208982899785042,0.16335275769233704,0.5072333812713623,-0.05524246394634247,0.24271035194396973,0.49674320220947266,-0.03193037584424019,0.26512253284454346,0.41996803879737854,-0.04529702663421631,0.27665308117866516,0.37456727027893066,-0.05441218987107277,0.28628021478652954,0.3306730389595032,-0.061018239706754684,0.21295544505119324,0.48362088203430176,-0.0261332206428051,0.22921495139598846,0.3945399820804596,-0.03880080208182335,0.23824377357959747,0.34362584352493286,-0.04789210110902786,0.24621184170246124,0.2956031560897827,-0.052450332790613174,0.18549087643623352,0.49185532331466675,-0.023717375472187996,0.17727598547935486,0.416170597076416,-0.045614395290613174,0.17411816120147705,0.3654341697692871,-0.05933734029531479,0.17176422476768494,0.3139197826385498,-0.06600882112979889,0.1615086793899536,0.5215052962303162,-0.023485306650400162,0.15818972885608673,0.4697055518627167,-0.04259120672941208,0.1656089574098587,0.49606916308403015,-0.04187857732176781,0.17127561569213867,0.5275554656982422,-0.03848808631300926,three
0.1936105191707611,0.6763345003128052,5.11409496084525e-07,0.22275398671627045,0.6571429371833801,-0.03622513264417648,0.23061057925224304,0.6096026301383972,-0.04910723492503166,0.19331176578998566,0.5596940517425537,-0.05450185388326645,0.15987002849578857,0.5197827219963074,-0.0583508238196373,0.23599952459335327,0.5055701732635498,-0.036039017140865326,0.25552767515182495,0.4273834228515625,-0.05158664658665657,0.2655165195465088,0.38114872574806213,-0.0609721839427948,0.2743620276451111,0.3366202712059021,-0.06727524101734161,0.20660527050495148,0.49272969365119934,-0.03049006685614586,0.22077107429504395,0.4015463590621948,-0.04750513285398483,0.2281000018119812,0.34902381896972656,-0.056794218719005585,0.23466546833515167,0.2999110221862793,-0.06026303768157959,0.17947345972061157,0.5003821849822998,-0.02812875248491764,0.16867518424987793,0.4240541160106659,-0.053313739597797394,0.16398192942142487,0.3743535876274109,-0.06560362875461578,0.16058704257011414,0.32296445965766907,-0.0699620246887207,0.15576985478401184,0.5311940908432007,-0.027855876833200455,0.15090841054916382,0.4794720411300659,-0.047878559678792953,0.1580916792154312,0.5076289772987366,-0.045490313321352005,0.16378596425056458,0.5407180190086365,-0.04020017012953758,three
0.1930082142353058,0.6764128804206848,5.066663106845226e-07,0.22289395332336426,0.6570491790771484,-0.036614298820495605,0.2310081124305725,0.6089617013931274,-0.049492839723825455,0.19382725656032562,0.5596064925193787,-0.05483468621969223,0.160410538315773,0.5192202925682068,-0.05867195874452591,0.2361055314540863,0.5054292678833008,-0.03630289062857628,0.2553974688053131,0.4277181625366211,-0.05211859196424484,0.2653149664402008,0.38156139850616455,-0.06189107149839401,0.27417078614234924,0.33668890595436096,-0.0685422420501709,0.2067328542470932,0.4923321604728699,-0.030784307047724724,0.22093991935253143,0.4019080400466919,-0.04735829308629036,0.22790881991386414,0.34971883893013,-0.056973375380039215,0.2344842255115509,0.3001639246940613,-0.06100498512387276,0.17937017977237701,0.4997282326221466,-0.028551923111081123,0.1687231808900833,0.42394179105758667,-0.05379077419638634,0.16352787613868713,0.3744998574256897,-0.06686396151781082,0.15981492400169373,0.32283303141593933,-0.07200278341770172,0.15553061664104462,0.5302396416664124,-0.028436817228794098,0.1499902904033661,0.4785151779651642,-0.04893576726317406,0.15775609016418457,0.5063692927360535,-0.047258514910936356,0.1642211377620697,0.5391296148300171,-0.0426105260848999,three
0.19363076984882355,0.6756241917610168,5.072304247732973e-07,0.22330570220947266,0.6572032570838928,-0.03679982200264931,0.2321356236934662,0.6095192432403564,-0.049727022647857666,0.19335032999515533,0.559923529624939,-0.0549478717148304,0.15910109877586365,0.5194213390350342,-0.058637287467718124,0.23576964437961578,0.5048122406005859,-0.03675870597362518,0.2550727128982544,0.42662373185157776,-0.052218493074178696,0.2648862600326538,0.3805012106895447,-0.06155295670032501,0.2737833261489868,0.3356775939464569,-0.0678681880235672,0.20632368326187134,0.49183017015457153,-0.0308796688914299,0.22056597471237183,0.40153276920318604,-0.04786744713783264,0.22775422036647797,0.3493797481060028,-0.057354893535375595,0.23439563810825348,0.2997966408729553,-0.06106702238321304,0.17929665744304657,0.4990430474281311,-0.02818971686065197,0.16851112246513367,0.42285260558128357,-0.053651466965675354,0.1633426696062088,0.37360939383506775,-0.06605214625597,0.15956783294677734,0.32190728187561035,-0.07045137137174606,0.15531417727470398,0.5297173261642456,-0.02758190967142582,0.1502370685338974,0.47568729519844055,-0.04737372323870659,0.15780578553676605,0.5042604207992554,-0.04461625963449478,0.16415157914161682,0.5382380485534668,-0.03915543481707573,three
0.19316734373569489,0.6766281127929688,5.052740448263648e-07,0.22272439301013947,0.6569782495498657,-0.03676762804389,0.2306254804134369,0.6090283393859863,-0.04919879883527756,0.19285133481025696,0.5587458610534668,-0.05382582172751427,0.15891999006271362,0.5185729265213013,-0.056828614324331284,0.2352108210325241,0.5049226880073547,-0.03612137213349342,0.2550472617149353,0.42668581008911133,-0.05132041126489639,0.2647634744644165,0.3803755044937134,-0.06062820553779602,0.2734348177909851,0.3354208171367645,-0.06691068410873413,0.20596860349178314,0.49193766713142395,-0.030125819146633148,0.2203049510717392,0.40135669708251953,-0.04666784405708313,0.22744539380073547,0.34914135932922363,-0.05594303086400032,0.23402614891529083,0.29996931552886963,-0.059490419924259186,0.1789277344942093,0.4992870092391968,-0.027368664741516113,0.168185755610466,0.4227335751056671,-0.05265812575817108,0.16309642791748047,0.3732514977455139,-0.06524734199047089,0.15915542840957642,0.3216674327850342,-0.06969993561506271,0.155034601688385,0.5304827094078064,-0.026682840660214424,0.14941799640655518,0.4760999083518982,-0.04642322286963463,0.1573876142501831,0.5039675831794739,-0.04373424872756004,0.1639411896467209,0.5381450057029724,-0.038247015327215195,three
0.19342759251594543,0.6788122653961182,5.097411417409603e-07,0.22301872074604034,0.6580347418785095,-0.03630447760224342,0.23101043701171875,0.6108905076980591,-0.048163242638111115,0.19290228188037872,0.560458779335022,-0.05214335024356842,0.1586502492427826,0.5209523439407349,-0.05440395325422287,0.2341400682926178,0.5064936876296997,-0.035554591566324234,0.2551511228084564,0.4279681146144867,-0.05060087516903877,0.26529648900032043,0.3816947638988495,-0.05967601016163826,0.27447962760925293,0.33688002824783325,-0.06569457799196243,0.2049741894006729,0.49328741431236267,-0.02950114943087101,0.22046083211898804,0.40205925703048706,-0.046597376465797424,0.2285291850566864,0.3497360646724701,-0.05573379620909691,0.23597922921180725,0.3004266023635864,-0.05886958912014961,0.1781557947397232,0.5005714893341064,-0.026616694405674934,0.168241485953331,0.4236556887626648,-0.051747094839811325,0.164033442735672,0.37394213676452637,-0.06363596767187119,0.16082490980625153,0.321463406085968,-0.0673295184969902,0.15426412224769592,0.5325555801391602,-0.02577940747141838,0.14892950654029846,0.4763672351837158,-0.04399298131465912,0.15699900686740875,0.5030561685562134,-0.03994973376393318,0.16356317698955536,0.5370786786079407,-0.03355306014418602,three
0.1952304244041443,0.6784412860870361,5.054949383520579e-07,0.22484907507896423,0.6567931175231934,-0.03674159571528435,0.2327226996421814,0.609961748123169,-0.0488954558968544,0.19330187141895294,0.5607655644416809,-0.05303465202450752,0.15820220112800598,0.5228193402290344,-0.05555038899183273,0.23399175703525543,0.5042961239814758,-0.03641730546951294,0.25531792640686035,0.42701518535614014,-0.05157064273953438,0.2659153938293457,0.3813755512237549,-0.0610203817486763,0.2757810354232788,0.3373165428638458,-0.06729939579963684,0.20491942763328552,0.49169859290122986,-0.03008788451552391,0.2195807844400406,0.40158987045288086,-0.04627728462219238,0.22766128182411194,0.3500117361545563,-0.05555276945233345,0.23518946766853333,0.3012779951095581,-0.05925916135311127,0.17813244462013245,0.49960535764694214,-0.02696673944592476,0.16832439601421356,0.4239688813686371,-0.05115072429180145,0.16430139541625977,0.372957706451416,-0.06408239901065826,0.16084066033363342,0.3196864128112793,-0.06904557347297668,0.15417462587356567,0.5320867896080017,-0.02596164122223854,0.14736130833625793,0.47658443450927734,-0.04366645589470863,0.1566486358642578,0.5005740523338318,-0.04068487137556076,0.16421321034431458,0.5330464243888855,-0.0354190468788147,three
0.1949462592601776,0.678173303604126,5.118537274029222e-07,0.2242838442325592,0.6569570899009705,-0.03727765381336212,0.23164469003677368,0.6101820468902588,-0.05019087716937065,0.19300366938114166,0.5605524182319641,-0.055159877985715866,0.158028244972229,0.5224854350090027,-0.0586906373500824,0.2336980402469635,0.5047327876091003,-0.03694948926568031,0.25469788908958435,0.4278032183647156,-0.05233925208449364,0.2654625177383423,0.3822425603866577,-0.062216345220804214,0.27545997500419617,0.3382441997528076,-0.0689326748251915,0.2049061805009842,0.49173083901405334,-0.030443739145994186,0.21941830217838287,0.4015161693096161,-0.04696875438094139,0.2275923788547516,0.34975099563598633,-0.05671596899628639,0.2350853979587555,0.30065596103668213,-0.060886137187480927,0.17819063365459442,0.4996255040168762,-0.027122804895043373,0.16855454444885254,0.4235866665840149,-0.05136053264141083,0.1646689623594284,0.3728126287460327,-0.06434600800275803,0.1614626944065094,0.3201897442340851,-0.06958836317062378,0.15372923016548157,0.531705915927887,-0.025969386100769043,0.1466113179922104,0.476947546005249,-0.04428156465291977,0.1561056226491928,0.5009362697601318,-0.04184264689683914,0.16432082653045654,0.5328484177589417,-0.03703685477375984,three
0.19404330849647522,0.679885983467102,5.036736752117577e-07,0.22262433171272278,0.6598255038261414,-0.036994945257902145,0.2293180227279663,0.6115778684616089,-0.04990192875266075,0.1915895640850067,0.5599581003189087,-0.05508138984441757,0.15712200105190277,0.519354522228241,-0.05879528075456619,0.2345811426639557,0.5072709918022156,-0.035432055592536926,0.2549518346786499,0.4297868609428406,-0.0503447987139225,0.26552003622055054,0.38436901569366455,-0.05982087552547455,0.2754323482513428,0.33991092443466187,-0.06641076505184174,0.20578068494796753,0.4933636486530304,-0.029118528589606285,0.22015880048274994,0.4032270610332489,-0.045800771564245224,0.22810320556163788,0.35172975063323975,-0.055344194173812866,0.2356545627117157,0.30239829421043396,-0.05921865627169609,0.17894026637077332,0.5007564425468445,-0.02602449804544449,0.16934986412525177,0.424582839012146,-0.05087665095925331,0.16526909172534943,0.3738076686859131,-0.06354586035013199,0.16226385533809662,0.32107317447662354,-0.06841482222080231,0.15453103184700012,0.5316553115844727,-0.025055350735783577,0.14843004941940308,0.47793442010879517,-0.04451730474829674,0.15694835782051086,0.5048224925994873,-0.04213282838463783,0.16433623433113098,0.5379040837287903,-0.03713132441043854,three
0.19437120854854584,0.6808412075042725,5.086090482109284e-07,0.2230924367904663,0.6594580411911011,-0.03664872422814369,0.23033839464187622,0.6113428473472595,-0.04914315789937973,0.19191372394561768,0.560460090637207,-0.0538322776556015,0.15704363584518433,0.5211824178695679,-0.05704864114522934,0.2340296506881714,0.5073451399803162,-0.03572087362408638,0.2552393674850464,0.4300466775894165,-0.05063632130622864,0.26593440771102905,0.38447150588035583,-0.06015179678797722,0.2757529020309448,0.3402678668498993,-0.06665734201669693,0.20522306859493256,0.49404898285865784,-0.029518645256757736,0.22012028098106384,0.40405982732772827,-0.045553095638751984,0.22843758761882782,0.3521501421928406,-0.05494552478194237,0.23629099130630493,0.3031580448150635,-0.05885743722319603,0.178452730178833,0.5019484758377075,-0.026515796780586243,0.16917450726032257,0.4258198142051697,-0.05089913681149483,0.16535592079162598,0.3744330406188965,-0.06411603838205338,0.16223041713237762,0.3215455412864685,-0.06945498287677765,0.15443861484527588,0.5336068272590637,-0.025586489588022232,0.14844848215579987,0.4795174300670624,-0.04450429603457451,0.1572338491678238,0.5050309896469116,-0.04227149486541748,0.16447937488555908,0.5381381511688232,-0.03747843950986862,three
0.1946096569299698,0.6801927089691162,5.076828983874293e-07,0.22444871068000793,0.6594345569610596,-0.036760833114385605,0.23249751329421997,0.612430989742279,-0.04942753165960312,0.193862184882164,0.5629972815513611,-0.054262179881334305,0.15894591808319092,0.5245133638381958,-0.05769883468747139,0.2342003881931305,0.5070492625236511,-0.036586418747901917,0.25561627745628357,0.4304462671279907,-0.05178456753492355,0.2663595676422119,0.38499951362609863,-0.061468254774808884,0.2762804627418518,0.34083205461502075,-0.06805051118135452,0.20523767173290253,0.4938359260559082,-0.030389659106731415,0.22022700309753418,0.40384045243263245,-0.04657229408621788,0.2285950630903244,0.3522675037384033,-0.05604807287454605,0.23636440932750702,0.3031860589981079,-0.06010189652442932,0.1784060299396515,0.5016712546348572,-0.027346786111593246,0.16931159794330597,0.4258936047554016,-0.0516008622944355,0.16543298959732056,0.3750200867652893,-0.064597949385643,0.16211599111557007,0.3220241069793701,-0.06986187398433685,0.15403789281845093,0.5336043834686279,-0.026412703096866608,0.1480354368686676,0.4783759117126465,-0.044883519411087036,0.15757669508457184,0.5031155347824097,-0.042382121086120605,0.16560621559619904,0.5355313420295715,-0.03752632439136505,three
0.19514571130275726,0.6797317862510681,5.06808248701418e-07,0.2244895100593567,0.6597495079040527,-0.03687829151749611,0.23249761760234833,0.6130611300468445,-0.049875326454639435,0.1938799023628235,0.5637004971504211,-0.05507483333349228,0.15914393961429596,0.5244794487953186,-0.058907996863126755,0.23473407328128815,0.5076266527175903,-0.03699313476681709,0.25586748123168945,0.4310941696166992,-0.05248026177287102,0.26660799980163574,0.3857499361038208,-0.0622844398021698,0.2767983675003052,0.34152400493621826,-0.06899160891771317,0.20580828189849854,0.4941707253456116,-0.03098425455391407,0.22072891891002655,0.40417906641960144,-0.047492656856775284,0.2288927137851715,0.3526231348514557,-0.0570790134370327,0.23669493198394775,0.30327296257019043,-0.061220377683639526,0.17883086204528809,0.501897394657135,-0.028148075565695763,0.16964083909988403,0.42602676153182983,-0.05278054624795914,0.1655629277229309,0.37533771991729736,-0.06565495580434799,0.16229122877120972,0.32216376066207886,-0.07084953039884567,0.15428057312965393,0.5338390469551086,-0.027422763407230377,0.14832071959972382,0.479089617729187,-0.046314071863889694,0.15752530097961426,0.5047380328178406,-0.043780263513326645,0.1652613878250122,0.537185549736023,-0.038888297975063324,three
0.19527645409107208,0.6798666715621948,5.073744091532717e-07,0.22434715926647186,0.6601009368896484,-0.03699411824345589,0.23158620297908783,0.6127755641937256,-0.0500723160803318,0.19322837889194489,0.5632950067520142,-0.05539192631840706,0.15841668844223022,0.523861289024353,-0.059365853667259216,0.23498280346393585,0.5084506869316101,-0.03697231784462929,0.25572437047958374,0.43186062574386597,-0.052483540028333664,0.26641425490379333,0.3863668441772461,-0.06228633224964142,0.2764909267425537,0.34191685914993286,-0.06903872638940811,0.20610158145427704,0.4948415160179138,-0.030973825603723526,0.22061122953891754,0.4050445854663849,-0.04740745574235916,0.22883638739585876,0.35366374254226685,-0.056926243007183075,0.23673610389232635,0.30431991815567017,-0.061057597398757935,0.17899763584136963,0.5022340416908264,-0.028185389935970306,0.16950564086437225,0.42635732889175415,-0.05284260958433151,0.16562390327453613,0.37593594193458557,-0.0657423734664917,0.16259749233722687,0.3231889307498932,-0.07101365178823471,0.15449976921081543,0.5333531498908997,-0.027536023408174515,0.14827388525009155,0.4799048900604248,-0.046900421380996704,0.15730071067810059,0.5063429474830627,-0.04474799707531929,0.16489669680595398,0.5389420986175537,-0.0400879830121994,three
0.19536887109279633,0.6797031164169312,5.022170626034494e-07,0.22446873784065247,0.6590536832809448,-0.03603013604879379,0.23171837627887726,0.6127637028694153,-0.0486147366464138,0.19329367578029633,0.5645591020584106,-0.05354728922247887,0.1590215414762497,0.5263239145278931,-0.057145144790410995,0.2338605672121048,0.5081555247306824,-0.03685206547379494,0.25482335686683655,0.4313039481639862,-0.052143484354019165,0.2654793858528137,0.3854637145996094,-0.06164073944091797,0.27523475885391235,0.34121373295783997,-0.06798882782459259,0.2052030861377716,0.4951430559158325,-0.030925849452614784,0.21958957612514496,0.4054534137248993,-0.04742658883333206,0.22785940766334534,0.3537704348564148,-0.0567096471786499,0.23545408248901367,0.3048320710659027,-0.06047786399722099,0.1784556806087494,0.5026343464851379,-0.028033120557665825,0.16851761937141418,0.4266514778137207,-0.052289050072431564,0.16440674662590027,0.3761207163333893,-0.06478996574878693,0.16112639009952545,0.3236151933670044,-0.06955140829086304,0.15411970019340515,0.5342629551887512,-0.027181746438145638,0.14675045013427734,0.4787861406803131,-0.04533812403678894,0.15554749965667725,0.5033595561981201,-0.042493727058172226,0.1634627729654312,0.5358662009239197,-0.03731603920459747,three
0.19550423324108124,0.6792547702789307,5.030940997130529e-07,0.22429093718528748,0.6586928367614746,-0.03615736588835716,0.23171794414520264,0.6124683022499084,-0.049010589718818665,0.19301050901412964,0.563829243183136,-0.054287951439619064,0.1585085093975067,0.5260968804359436,-0.0583144947886467,0.23353733122348785,0.5074055194854736,-0.03660665452480316,0.2540767192840576,0.43121781945228577,-0.051827311515808105,0.2642965316772461,0.38558250665664673,-0.061596229672431946,0.2736796736717224,0.34132876992225647,-0.06829124689102173,0.20479246973991394,0.49436551332473755,-0.03070816956460476,0.2190445065498352,0.40503066778182983,-0.04679107293486595,0.22679241001605988,0.3534345328807831,-0.05635669454932213,0.2339150607585907,0.3044196665287018,-0.06058821454644203,0.1780252754688263,0.5022300481796265,-0.027833983302116394,0.1681954264640808,0.426263689994812,-0.051910463720560074,0.16368407011032104,0.3756738305091858,-0.0648612529039383,0.1599208414554596,0.3234483599662781,-0.07019936293363571,0.15336579084396362,0.5339229106903076,-0.026999620720744133,0.14607711136341095,0.4792599081993103,-0.0455944687128067,0.15546436607837677,0.5035687685012817,-0.043357964605093,0.16384747624397278,0.5353693962097168,-0.03869965672492981,three
0.1948574334383011,0.6800592541694641,4.991840683032933e-07,0.22359104454517365,0.6595399379730225,-0.0364241898059845,0.23043347895145416,0.6117338538169861,-0.04935982823371887,0.19186267256736755,0.5626365542411804,-0.05474265292286873,0.1570059061050415,0.5244858264923096,-0.05896630138158798,0.23366759717464447,0.507872998714447,-0.03596353158354759,0.2534908652305603,0.431509792804718,-0.050918057560920715,0.2636708915233612,0.3862680196762085,-0.06073485687375069,0.2730984091758728,0.34202539920806885,-0.06760888546705246,0.20493946969509125,0.4948219060897827,-0.03002038039267063,0.2187880128622055,0.40544676780700684,-0.04560697451233864,0.22622910141944885,0.3540922999382019,-0.05523977801203728,0.2332860827445984,0.30520740151405334,-0.059693895280361176,0.17802773416042328,0.5025234818458557,-0.02719658985733986,0.16800254583358765,0.4260706305503845,-0.05136806517839432,0.1631726622581482,0.37558260560035706,-0.06473284214735031,0.15932109951972961,0.3236365020275116,-0.07053880393505096,0.15327775478363037,0.5333133935928345,-0.026423031464219093,0.14573462307453156,0.47942298650741577,-0.04615667462348938,0.15499824285507202,0.505717396736145,-0.04462728649377823,0.16339601576328278,0.5386016964912415,-0.0404193289577961,three
0.1942816972732544,0.6810397505760193,5.007710228710494e-07,0.22294022142887115,0.6599082946777344,-0.03677617758512497,0.2299177348613739,0.6127719879150391,-0.04878293350338936,0.19060690701007843,0.5621596574783325,-0.05254095047712326,0.15559351444244385,0.5233572721481323,-0.05459941178560257,0.2322014570236206,0.5094622373580933,-0.035234808921813965,0.2526566684246063,0.4328502416610718,-0.04970909655094147,0.2632904350757599,0.3882063925266266,-0.058702729642391205,0.27379101514816284,0.3449814021587372,-0.06468961387872696,0.2039894014596939,0.4959339499473572,-0.028469830751419067,0.21929346024990082,0.4064338803291321,-0.04488326609134674,0.22768637537956238,0.35579460859298706,-0.0537690669298172,0.2357681393623352,0.30815988779067993,-0.05690307170152664,0.17760182917118073,0.5031812191009521,-0.02493385598063469,0.16789688169956207,0.42729729413986206,-0.04983479157090187,0.16396364569664001,0.37687164545059204,-0.06203041225671768,0.16067710518836975,0.3239153027534485,-0.06608879566192627,0.15340259671211243,0.5349623560905457,-0.023411156609654427,0.14718423783779144,0.477884441614151,-0.04155471920967102,0.1562618911266327,0.5045095086097717,-0.0376952588558197,0.163591206073761,0.5389370918273926,-0.03157045319676399,three
0.19435876607894897,0.6808758974075317,5.019307991460664e-07,0.22329500317573547,0.6596185564994812,-0.036700110882520676,0.23001785576343536,0.6121477484703064,-0.04880581423640251,0.19063182175159454,0.5621398091316223,-0.05274144932627678,0.15554766356945038,0.5238324403762817,-0.05506164953112602,0.23295801877975464,0.5100741386413574,-0.03553234413266182,0.25336307287216187,0.4335656762123108,-0.05026900768280029,0.26414263248443604,0.38908594846725464,-0.059435270726680756,0.2744125723838806,0.3459489345550537,-0.06554460525512695,0.2046823501586914,0.4962678551673889,-0.028910944238305092,0.22030985355377197,0.40631645917892456,-0.045064378529787064,0.228873610496521,0.3556676506996155,-0.05404799431562424,0.23692357540130615,0.3077799081802368,-0.057421937584877014,0.17800500988960266,0.5033316612243652,-0.0255342498421669,0.16851499676704407,0.42819398641586304,-0.050048429518938065,0.16485820710659027,0.3772991895675659,-0.06274966150522232,0.16182014346122742,0.3241497278213501,-0.06741602718830109,0.15338268876075745,0.5347977876663208,-0.02417786233127117,0.14637145400047302,0.47894346714019775,-0.042348284274339676,0.1558360606431961,0.5042502284049988,-0.039205439388751984,0.16380858421325684,0.5371463298797607,-0.0337597019970417,three
0.25192272663116455,0.806415855884552,6.490137138825958e-08,0.21931996941566467,0.7233336567878723,0.025765905156731606,0.22782352566719055,0.6512073278427124,0.03503800183534622,0.25096577405929565,0.6054535508155823,0.040744926780462265,0.27406322956085205,0.5771641135215759,0.04510808736085892,0.22926729917526245,0.5991110801696777,0.0067956047132611275,0.22585320472717285,0.5027584433555603,0.0017043080879375339,0.21958288550376892,0.44698822498321533,0.0012677942868322134,0.21269488334655762,0.40332120656967163,0.002013274235650897,0.26133638620376587,0.6026709079742432,-0.008557827211916447,0.2622619569301605,0.49656039476394653,-0.01821245066821575,0.2611239552497864,0.4321383535861969,-0.021943243220448494,0.2591492235660553,0.3810391426086426,-0.021857431158423424,0.29114580154418945,0.6187362670898438,-0.020582374185323715,0.3006163537502289,0.5229939222335815,-0.03070559725165367,0.30497583746910095,0.4647176265716553,-0.03687120974063873,0.30770760774612427,0.42011725902557373,-0.03873257339000702,0.31873008608818054,0.647396981716156,-0.028937479481101036,0.32654380798339844,0.5937839150428772,-0.029706180095672607,0.32383888959884644,0.5843586325645447,-0.023978594690561295,0.32329612970352173,0.5829902291297913,-0.01850101910531521,three
0.25575685501098633,0.8092182874679565,5.752134413228305e-08,0.22087650001049042,0.723774790763855,0.027826815843582153,0.22769248485565186,0.6518521308898926,0.038437433540821075,0.2484802007675171,0.6053953170776367,0.04591204226016998,0.2689210772514343,0.5751329660415649,0.05226513743400574,0.23242831230163574,0.5992315411567688,0.005975027102977037,0.2259293794631958,0.500561535358429,0.0017196020344272256,0.2176530808210373,0.4448142945766449,0.0031917798332870007,0.20922982692718506,0.4016190767288208,0.005808317102491856,0.265668660402298,0.6034792065620422,-0.008388365618884563,0.26458945870399475,0.49378037452697754,-0.019349658861756325,0.2620137631893158,0.43069934844970703,-0.021132752299308777,0.25928521156311035,0.38063931465148926,-0.01868843100965023,0.2952563464641571,0.620721697807312,-0.01885434053838253,0.3035029172897339,0.5223544836044312,-0.029255514964461327,0.30546024441719055,0.4640119671821594,-0.033322837203741074,0.3075190484523773,0.4199105501174927,-0.032877590507268906,0.32133451104164124,0.6504408717155457,-0.025219490751624107,0.3280283808708191,0.5952185392379761,-0.024733206257224083,0.32380810379981995,0.5855167508125305,-0.017379028722643852,0.32340237498283386,0.5850335359573364,-0.010384772904217243,three
0.2562685012817383,0.8101087808609009,3.5059240843793305e-08,0.22125279903411865,0.7248985767364502,0.026984380558133125,0.22918541729450226,0.6532654762268066,0.037629056721925735,0.25090986490249634,0.6076574325561523,0.045047786086797714,0.2729231119155884,0.5789059996604919,0.05104907974600792,0.23155230283737183,0.5998316407203674,0.006549319252371788,0.2257300317287445,0.5026021599769592,0.0018849741900339723,0.21813158690929413,0.44652676582336426,0.002640166785567999,0.2107303887605667,0.4031539559364319,0.004372169729322195,0.2648792862892151,0.6036831736564636,-0.008350285701453686,0.26384955644607544,0.4970631003379822,-0.01874862238764763,0.26156941056251526,0.4336749315261841,-0.021690312772989273,0.25964686274528503,0.38276535272598267,-0.020640069618821144,0.29461127519607544,0.6211268305778503,-0.019699007272720337,0.30267399549484253,0.5241970419883728,-0.03040526993572712,0.30615001916885376,0.4655413031578064,-0.03639834001660347,0.3091866672039032,0.4203415513038635,-0.037845954298973083,0.3208036422729492,0.6513049006462097,-0.02707931585609913,0.32690247893333435,0.5993993878364563,-0.02885674685239792,0.32409971952438354,0.5871357321739197,-0.02425961196422577,0.32438939809799194,0.5828301310539246,-0.019398873671889305,three
0.2560616731643677,0.8089832067489624,5.5993314873603595e-08,0.2208746075630188,0.7242093682289124,0.026601623743772507,0.2278924137353897,0.6521899700164795,0.03685961663722992,0.24942678213119507,0.6067153215408325,0.044118743389844894,0.27088677883148193,0.5779015421867371,0.05019855871796608,0.2321355938911438,0.5989614129066467,0.00552131375297904,0.22647105157375336,0.5012708902359009,0.0006620257045142353,0.2185015082359314,0.4455936849117279,0.0013951685978099704,0.21043071150779724,0.40233945846557617,0.003435941180214286,0.2653665542602539,0.6031551361083984,-0.008555499836802483,0.26418429613113403,0.49517643451690674,-0.01936541683971882,0.26155030727386475,0.4318934977054596,-0.021502206102013588,0.2589147388935089,0.3814495801925659,-0.01949424296617508,0.2949680685997009,0.6207271814346313,-0.018960624933242798,0.30276912450790405,0.5233175158500671,-0.02949659153819084,0.3050035536289215,0.46500831842422485,-0.03399165719747543,0.30728018283843994,0.4205419421195984,-0.033942364156246185,0.32116106152534485,0.6509723663330078,-0.025411883369088173,0.32731324434280396,0.5971436500549316,-0.02550038881599903,0.32324087619781494,0.5864666700363159,-0.01869853585958481,0.322978675365448,0.5844920873641968,-0.012104446068406105,three
0.2563796937465668,0.8075757622718811,4.9491621467723235e-08,0.22169560194015503,0.7223055362701416,0.028405938297510147,0.23000362515449524,0.6508236527442932,0.039474423974752426,0.25349104404449463,0.6060122847557068,0.04730364307761192,0.27791792154312134,0.5785636901855469,0.053973738104104996,0.2315264642238617,0.5997297763824463,0.007913492619991302,0.22614805400371552,0.5016894340515137,0.004392152186483145,0.21883249282836914,0.446270227432251,0.006207289174199104,0.21125972270965576,0.40309008955955505,0.008938164450228214,0.26461169123649597,0.6032068133354187,-0.006607403978705406,0.2639538049697876,0.4955509901046753,-0.016270173713564873,0.26201194524765015,0.43247541785240173,-0.017914196476340294,0.260171502828598,0.3822017312049866,-0.015696750953793526,0.2943733036518097,0.6197415590286255,-0.017317837104201317,0.30234459042549133,0.5230891108512878,-0.02696436084806919,0.30479252338409424,0.4649409055709839,-0.031434621661901474,0.3073350787162781,0.4207092523574829,-0.03151135519146919,0.3210049569606781,0.6487019062042236,-0.023873597383499146,0.3265191316604614,0.5948347449302673,-0.02254057116806507,0.3222038745880127,0.5859416127204895,-0.015128315426409245,0.32201674580574036,0.5858443975448608,-0.00839268695563078,three
0.25621768832206726,0.807871401309967,6.153798182140235e-08,0.22069475054740906,0.7234183549880981,0.02815617062151432,0.22829151153564453,0.6517215371131897,0.0391681008040905,0.25174713134765625,0.6070255041122437,0.047123126685619354,0.2759504020214081,0.579943835735321,0.053960878401994705,0.23103144764900208,0.5986600518226624,0.0073693483136594296,0.22516192495822906,0.5006778836250305,0.0035484624095261097,0.21767796576023102,0.44517919421195984,0.004981011617928743,0.21001799404621124,0.401833713054657,0.007601087912917137,0.26470041275024414,0.60223388671875,-0.006549414247274399,0.2636679708957672,0.4943518042564392,-0.016353055834770203,0.26170098781585693,0.43150317668914795,-0.01756862737238407,0.25975239276885986,0.38148626685142517,-0.01482409704476595,0.2947467267513275,0.6190246939659119,-0.016633782535791397,0.30251801013946533,0.5223208665847778,-0.026319758966565132,0.30458083748817444,0.46392500400543213,-0.030359674245119095,0.30700522661209106,0.41960763931274414,-0.029822204262018204,0.3213628828525543,0.6482324004173279,-0.02253727801144123,0.326781302690506,0.5937894582748413,-0.020564399659633636,0.32172495126724243,0.5856620669364929,-0.012319057248532772,0.3214479088783264,0.5867637395858765,-0.004845762625336647,three
0.25577279925346375,0.8080377578735352,7.004828717072087e-08,0.22141097486019135,0.7233170866966248,0.026245489716529846,0.22795264422893524,0.6504395008087158,0.036439377814531326,0.24953842163085938,0.6053645014762878,0.043575555086135864,0.27062055468559265,0.5766478180885315,0.049536481499671936,0.23089109361171722,0.5983789563179016,0.006022041197866201,0.2253148853778839,0.49986085295677185,0.0020799071062356234,0.217947319149971,0.44418418407440186,0.003535616211593151,0.21008720993995667,0.4008198380470276,0.006123881321400404,0.26473093032836914,0.6020484566688538,-0.007936672307550907,0.2637590765953064,0.4935035705566406,-0.018025385215878487,0.2616945207118988,0.4304324984550476,-0.019666844978928566,0.2595008611679077,0.38005971908569336,-0.017116257920861244,0.295085608959198,0.6184648871421814,-0.018245991319417953,0.3027450740337372,0.5212554931640625,-0.028261592611670494,0.30469992756843567,0.46348410844802856,-0.03238344192504883,0.30673947930336,0.4193728268146515,-0.031904127448797226,0.322258859872818,0.6475873589515686,-0.02466026321053505,0.32787540555000305,0.5923972129821777,-0.023422900587320328,0.32212916016578674,0.5858147740364075,-0.015094476751983166,0.3208942413330078,0.5887244343757629,-0.007370393257588148,three
0.2560856342315674,0.8100587725639343,4.861727731508836e-08,0.2201821506023407,0.726836085319519,0.02765047922730446,0.22825303673744202,0.6546700596809387,0.0385822094976902,0.25122004747390747,0.6086729764938354,0.046522144228219986,0.2737661600112915,0.5798535943031311,0.05336787924170494,0.23172761499881744,0.5999691486358643,0.007261882536113262,0.22589907050132751,0.5014737248420715,0.0034512642305344343,0.21789072453975677,0.44565263390541077,0.0047151315957307816,0.21006925404071808,0.4020553231239319,0.007163214962929487,0.26543810963630676,0.6031146049499512,-0.006447463296353817,0.26375335454940796,0.49499911069869995,-0.01629268191754818,0.26114702224731445,0.4319625496864319,-0.018008362501859665,0.25877445936203003,0.38121816515922546,-0.015712393447756767,0.2955608069896698,0.6195111870765686,-0.016311492770910263,0.30326777696609497,0.5222181677818298,-0.02545539289712906,0.30571532249450684,0.4642292261123657,-0.02927515283226967,0.30846458673477173,0.42028871178627014,-0.028826449066400528,0.3220363259315491,0.6485533714294434,-0.02216193825006485,0.32756227254867554,0.5948532819747925,-0.01965927891433239,0.3224700689315796,0.5871398448944092,-0.011272218078374863,0.3220277428627014,0.5883049368858337,-0.003822541330009699,three
0.2566704750061035,0.8099119067192078,6.627796977909384e-08,0.22080928087234497,0.7246725559234619,0.026582300662994385,0.22912953794002533,0.6530868411064148,0.036828864365816116,0.25243690609931946,0.6078236699104309,0.04440167173743248,0.27554866671562195,0.5792838931083679,0.05119603872299194,0.2328432947397232,0.6005680561065674,0.005523303523659706,0.22641891241073608,0.5012917518615723,0.0013347351923584938,0.2184961438179016,0.4456137418746948,0.0028818133287131786,0.2106243073940277,0.40233030915260315,0.005681126844137907,0.26644763350486755,0.6043401956558228,-0.007526411674916744,0.2651374340057373,0.4952802062034607,-0.018982097506523132,0.26257947087287903,0.43273991346359253,-0.02081429958343506,0.260226309299469,0.38231366872787476,-0.01813441514968872,0.2961404025554657,0.6211013197898865,-0.01666569709777832,0.3042237460613251,0.5237274169921875,-0.02680363692343235,0.3062512278556824,0.4656923711299896,-0.0301178228110075,0.30893611907958984,0.4217603802680969,-0.0288794357329607,0.32196906208992004,0.6503086686134338,-0.02182897925376892,0.32796555757522583,0.5952523350715637,-0.01962464675307274,0.3228640854358673,0.5863966345787048,-0.010881981812417507,0.322631299495697,0.5869574546813965,-0.0029624237213283777,three
0.25708308815956116,0.8097048997879028,7.578081806514092e-08,0.22076839208602905,0.7252810597419739,0.026352394372224808,0.22777867317199707,0.6537403464317322,0.036756377667188644,0.25122570991516113,0.6090855002403259,0.044198185205459595,0.2743924856185913,0.5820217728614807,0.05065734311938286,0.23181867599487305,0.5999770760536194,0.007471966557204723,0.2261669635772705,0.5010976195335388,0.004495314322412014,0.21924857795238495,0.44580110907554626,0.0065345182083547115,0.21196219325065613,0.40261149406433105,0.009387625381350517,0.26571500301361084,0.6032450199127197,-0.006017432548105717,0.26509058475494385,0.49500513076782227,-0.015962811186909676,0.26291051506996155,0.4322788715362549,-0.01765405386686325,0.26095402240753174,0.3820570707321167,-0.015109600499272346,0.29578402638435364,0.6197287440299988,-0.01584232598543167,0.30398502945899963,0.5225867629051208,-0.025248205289244652,0.3066657483577728,0.46470972895622253,-0.029180191457271576,0.30955904722213745,0.4208914637565613,-0.02863730676472187,0.3220777213573456,0.6486753225326538,-0.02179889753460884,0.3281991481781006,0.5936154127120972,-0.019710253924131393,0.3234207332134247,0.585462212562561,-0.011402321979403496,0.3230019807815552,0.5868827700614929,-0.0038634929805994034,three
0.2579363286495209,0.807405412197113,8.518247085476105e-08,0.2208733856678009,0.7242993712425232,0.025426369160413742,0.22753429412841797,0.65240877866745,0.0356052964925766,0.25107693672180176,0.6068035364151001,0.04312640428543091,0.2738153338432312,0.5787115693092346,0.049872297793626785,0.23286765813827515,0.5986510515213013,0.0066084060817956924,0.22674709558486938,0.49957364797592163,0.0034710951149463654,0.21954116225242615,0.4443202614784241,0.005318209063261747,0.21196351945400238,0.40108853578567505,0.008170709945261478,0.2668127715587616,0.6023772358894348,-0.006104248110204935,0.26586297154426575,0.49293941259384155,-0.016424071043729782,0.26312074065208435,0.43040281534194946,-0.018080534413456917,0.26044100522994995,0.38019225001335144,-0.01538434624671936,0.29687318205833435,0.6187899708747864,-0.015156641602516174,0.30561918020248413,0.520879864692688,-0.024657316505908966,0.30784040689468384,0.46353596448898315,-0.0281686969101429,0.31038084626197815,0.4202600121498108,-0.02714017778635025,0.3229139745235443,0.6474058628082275,-0.020420702174305916,0.3295038938522339,0.5909019708633423,-0.017691930755972862,0.3238978981971741,0.583980143070221,-0.008594808168709278,0.32286012172698975,0.5867562294006348,-0.0004537461791187525,three
0.2578165829181671,0.8081715703010559,6.522005691067534e-08,0.22064898908138275,0.7259025573730469,0.026787318289279938,0.2287164032459259,0.6534995436668396,0.03787871450185776,0.2543008029460907,0.6089962720870972,0.04586316645145416,0.2802032232284546,0.5824805498123169,0.05296153575181961,0.2324334681034088,0.5978419184684753,0.010315670631825924,0.22703588008880615,0.4978734254837036,0.008764361031353474,0.22020405530929565,0.4426212012767792,0.011942943558096886,0.21274468302726746,0.3991115987300873,0.015644561499357224,0.2666456997394562,0.5994429588317871,-0.0031182924285531044,0.26558801531791687,0.49067655205726624,-0.012491934932768345,0.2628972828388214,0.4284211993217468,-0.013259985484182835,0.26039448380470276,0.3781760334968567,-0.009790434502065182,0.2970150113105774,0.6145908236503601,-0.013014866970479488,0.30673709511756897,0.5177322030067444,-0.022478001192212105,0.30924952030181885,0.4608660340309143,-0.02566438354551792,0.31176650524139404,0.4173073172569275,-0.024119073525071144,0.3230084776878357,0.6427344083786011,-0.01900494657456875,0.32945168018341064,0.5843677520751953,-0.014955655671656132,0.32305875420570374,0.581172525882721,-0.004242924507707357,0.32198837399482727,0.5888496041297913,0.004922633990645409,three
0.2580568492412567,0.8120197057723999,7.673288138221324e-08,0.22096042335033417,0.7280607223510742,0.026954255998134613,0.23050156235694885,0.6550704836845398,0.038374342024326324,0.2572752833366394,0.6109092831611633,0.04703588783740997,0.2839307188987732,0.583820641040802,0.05502504110336304,0.23441122472286224,0.5992584824562073,0.00959649495780468,0.22864027321338654,0.49870166182518005,0.008362123742699623,0.221271812915802,0.4431227147579193,0.012075725942850113,0.2138325572013855,0.3997807502746582,0.01612851209938526,0.26858118176460266,0.6015656590461731,-0.0031138898339122534,0.26722416281700134,0.4917697608470917,-0.012796340510249138,0.2642226219177246,0.42959773540496826,-0.013627744279801846,0.26170915365219116,0.3788476288318634,-0.010164959356188774,0.29851940274238586,0.6173816919326782,-0.012053744867444038,0.307949960231781,0.519925057888031,-0.020762719213962555,0.3099587559700012,0.46311402320861816,-0.02364373207092285,0.31228387355804443,0.4198751747608185,-0.022060053423047066,0.3236890733242035,0.6456440687179565,-0.017100445926189423,0.3299255967140198,0.589025616645813,-0.012898015789687634,0.32415276765823364,0.5835989713668823,-0.0031516135204583406,0.3239874243736267,0.588287353515625,0.005314004607498646,three
0.25960081815719604,0.8093075752258301,5.8508348388386366e-08,0.22264179587364197,0.7271239161491394,0.02958107553422451,0.23218396306037903,0.6549199223518372,0.042269159108400345,0.25779885053634644,0.6102367639541626,0.05158158764243126,0.28389066457748413,0.5832895636558533,0.060174889862537384,0.23543736338615417,0.5978052020072937,0.014126426540315151,0.23063603043556213,0.49881890416145325,0.013949627988040447,0.22369572520256042,0.4444730877876282,0.017606278881430626,0.21597164869308472,0.40110570192337036,0.021607916802167892,0.26966190338134766,0.5999767780303955,0.00048759792116470635,0.2683551013469696,0.4922844171524048,-0.007659868337213993,0.2652105689048767,0.4303314983844757,-0.00841747410595417,0.26180413365364075,0.37915700674057007,-0.0052413977682590485,0.29964935779571533,0.6159895062446594,-0.009291033260524273,0.3103577196598053,0.5200542211532593,-0.01717301830649376,0.31275251507759094,0.46325045824050903,-0.01991359330713749,0.31481096148490906,0.4197998642921448,-0.018227415159344673,0.3251176178455353,0.6445652842521667,-0.014883437193930149,0.3320882022380829,0.5863882899284363,-0.008095331490039825,0.3256434500217438,0.582218587398529,0.0037349043413996696,0.324499249458313,0.5887623429298401,0.013274790719151497,three
0.2593096196651459,0.8071562647819519,7.85983900186693e-08,0.22447946667671204,0.7205998301506042,0.02519267052412033,0.23156240582466125,0.6484732031822205,0.03499578684568405,0.25560158491134644,0.6058213710784912,0.04162834212183952,0.27967891097068787,0.5803816914558411,0.04717633128166199,0.23536713421344757,0.5986839532852173,0.007750571705400944,0.23107589781284332,0.5005937814712524,0.005097051616758108,0.22465381026268005,0.4459691643714905,0.007146328222006559,0.2172018438577652,0.4029073715209961,0.009681022725999355,0.26960909366607666,0.6020000576972961,-0.0059119402430951595,0.26805534958839417,0.4945273995399475,-0.015623023733496666,0.2649286985397339,0.4318504333496094,-0.01806686818599701,0.26174166798591614,0.3808673024177551,-0.016387589275836945,0.2999524176120758,0.6188086867332458,-0.016030894592404366,0.30921533703804016,0.5225238800048828,-0.025115540251135826,0.3124399185180664,0.4653358459472656,-0.029250705614686012,0.3148355484008789,0.4210625886917114,-0.029205745086073875,0.3262558579444885,0.6485811471939087,-0.022502774372696877,0.3327327370643616,0.5940653085708618,-0.020902138203382492,0.3282265365123749,0.5849467515945435,-0.012917397543787956,0.32741817831993103,0.5846282839775085,-0.005686953663825989,three
0.2592446804046631,0.8110697269439697,7.695643233773808e-08,0.22316981852054596,0.7254027724266052,0.028657184913754463,0.23107734322547913,0.6522790193557739,0.04062565043568611,0.25560498237609863,0.6084122061729431,0.04936906695365906,0.2812788784503937,0.5830249786376953,0.05728432908654213,0.2352932095527649,0.5998339056968689,0.011464869603514671,0.2312534749507904,0.5006570816040039,0.010643101297318935,0.22474165260791779,0.44570863246917725,0.014242305420339108,0.21730740368366241,0.40258944034576416,0.01818021945655346,0.2693575322628021,0.6031999588012695,-0.0018619332695379853,0.26840171217918396,0.4951234459877014,-0.010431024245917797,0.26539814472198486,0.43300291895866394,-0.01102093793451786,0.26212266087532043,0.3822052478790283,-0.007633415050804615,0.2995365858078003,0.6201971769332886,-0.011259101331233978,0.3092634379863739,0.523343026638031,-0.01872754842042923,0.3115798234939575,0.46614283323287964,-0.021085305139422417,0.3136923313140869,0.4227372705936432,-0.019394472241401672,0.3255711793899536,0.6498132348060608,-0.016616733744740486,0.3318840563297272,0.5944210290908813,-0.010924399830400944,0.3265893757343292,0.5864218473434448,-0.00034514375147409737,0.3263329565525055,0.5883605480194092,0.008514037355780602,three
0.25810396671295166,0.8124362230300903,3.903035050711878e-08,0.22299697995185852,0.7274149060249329,0.030376648530364037,0.2330414056777954,0.6553917527198792,0.04273640364408493,0.2567908763885498,0.6106774210929871,0.051244787871837616,0.2816908359527588,0.5826109647750854,0.058820828795433044,0.2349032312631607,0.601331353187561,0.013608157634735107,0.23145996034145355,0.5036938190460205,0.011767234653234482,0.2252058982849121,0.4487747550010681,0.01407611183822155,0.2183704674243927,0.4054277539253235,0.016984503716230392,0.26758015155792236,0.6040814518928528,-0.0016780177829787135,0.26626718044281006,0.4979340434074402,-0.01048475131392479,0.263424813747406,0.4355984926223755,-0.012524576857686043,0.26004794239997864,0.3849238157272339,-0.010720896534621716,0.29707255959510803,0.6201626062393188,-0.013201036490499973,0.30893656611442566,0.5247565507888794,-0.02222472056746483,0.3130280077457428,0.4668608605861664,-0.026605335995554924,0.31547772884368896,0.4222559332847595,-0.0264695193618536,0.32301390171051025,0.6488363742828369,-0.020462701097130775,0.332180380821228,0.5916261076927185,-0.016436465084552765,0.328738808631897,0.5836179256439209,-0.0071785361506044865,0.328167200088501,0.5853614211082458,0.00053151830798015,three
0.257546991109848,0.8104017972946167,6.700562238393104e-08,0.22309240698814392,0.7261074781417847,0.027569713070988655,0.23163847625255585,0.6540498733520508,0.038384903222322464,0.2543361186981201,0.6095051765441895,0.04567316919565201,0.2778932750225067,0.5822031497955322,0.05193020775914192,0.2338334172964096,0.6022354364395142,0.010388785973191261,0.23051469027996063,0.5036165714263916,0.00773149449378252,0.22485683858394623,0.4484451413154602,0.009283001534640789,0.2183181345462799,0.40532273054122925,0.011738074012100697,0.2672448456287384,0.6054518222808838,-0.004051846917718649,0.26673316955566406,0.49840813875198364,-0.012306799180805683,0.2644183337688446,0.4356556832790375,-0.014452691189944744,0.2612530291080475,0.3853079676628113,-0.01291663572192192,0.29728269577026367,0.6212356090545654,-0.014929763972759247,0.3082762062549591,0.5251247882843018,-0.023012112826108932,0.31203868985176086,0.4675248861312866,-0.027214229106903076,0.31410109996795654,0.4237133860588074,-0.02736850269138813,0.3234667181968689,0.6493052840232849,-0.021941732615232468,0.33149170875549316,0.5934082269668579,-0.018073484301567078,0.32794708013534546,0.5852054953575134,-0.008972739800810814,0.32734590768814087,0.5867470502853394,-0.0013488319236785173,three
0.2577264904975891,0.8087271451950073,8.937470852288243e-08,0.2234443575143814,0.7239675521850586,0.027806920930743217,0.2318292260169983,0.6512501239776611,0.03881683945655823,0.2556582987308502,0.6064448952674866,0.046683743596076965,0.2797966003417969,0.5799806714057922,0.05368712171912193,0.23381218314170837,0.6024248003959656,0.008999635465443134,0.23106572031974792,0.5034209489822388,0.006203159689903259,0.22579050064086914,0.4480931758880615,0.007906203158199787,0.21917563676834106,0.404926061630249,0.010737381875514984,0.2668975591659546,0.6062566041946411,-0.004467355087399483,0.2676207423210144,0.49811506271362305,-0.012623625807464123,0.2659333050251007,0.4353874921798706,-0.014075309969484806,0.26308873295783997,0.38503479957580566,-0.011808848939836025,0.29689595103263855,0.6219030618667603,-0.014116434380412102,0.3072381615638733,0.5259379148483276,-0.021443713456392288,0.31070297956466675,0.4685794711112976,-0.024902252480387688,0.3131225109100342,0.4253934323787689,-0.024421777576208115,0.3233376741409302,0.6492563486099243,-0.01982657052576542,0.33056455850601196,0.5948605537414551,-0.014721950516104698,0.3268710970878601,0.5871502161026001,-0.00498118856921792,0.32696378231048584,0.5884636044502258,0.0031619430519640446,three
0.26480185985565186,0.642643392086029,4.88515240704146e-07,0.30370795726776123,0.6053994297981262,-0.029544992372393608,0.31810876727104187,0.5334295630455017,-0.04165855795145035,0.2718077600002289,0.4791727066040039,-0.050916675478219986,0.22851192951202393,0.4560088813304901,-0.05925684794783592,0.32210659980773926,0.42576104402542114,-0.022440264001488686,0.3473515808582306,0.3417372405529022,-0.03949985280632973,0.3605464696884155,0.28923267126083374,-0.05340597406029701,0.3706287741661072,0.24568501114845276,-0.06377074122428894,0.2849288880825043,0.4127350151538849,-0.021739337593317032,0.2999560534954071,0.3181033432483673,-0.03417729213833809,0.30807211995124817,0.25849103927612305,-0.0469207726418972,0.31363940238952637,0.20925582945346832,-0.05623088404536247,0.25137200951576233,0.42555296421051025,-0.025029635056853294,0.24510139226913452,0.3423479497432709,-0.04011840745806694,0.2437078058719635,0.28783831000328064,-0.05615963414311409,0.2425662726163864,0.2415468394756317,-0.06714113801717758,0.21929572522640228,0.4583529233932495,-0.03104521706700325,0.1950836479663849,0.4047594368457794,-0.048266440629959106,0.1785748302936554,0.36838865280151367,-0.059403371065855026,0.1636284589767456,0.3311777710914612,-0.06650175154209137,four
0.26349952816963196,0.6417413353919983,5.001148224437202e-07,0.30251631140708923,0.6068905591964722,-0.030267633497714996,0.31893107295036316,0.5376001596450806,-0.04321643337607384,0.27545806765556335,0.48266860842704773,-0.053192004561424255,0.23281103372573853,0.45743048191070557,-0.062091175466775894,0.3247815668582916,0.42788341641426086,-0.0234969649463892,0.35360121726989746,0.346674382686615,-0.04097796604037285,0.36851632595062256,0.2952984869480133,-0.055011190474033356,0.3799642324447632,0.253194659948349,-0.06531456857919693,0.28819504380226135,0.4125860333442688,-0.022762062028050423,0.3055853247642517,0.3191959261894226,-0.03541342541575432,0.31427711248397827,0.2603399157524109,-0.04790809005498886,0.3198913335800171,0.21254786849021912,-0.056883759796619415,0.25448301434516907,0.42392292618751526,-0.026094963774085045,0.24941739439964294,0.341043084859848,-0.041458841413259506,0.24821120500564575,0.2861221730709076,-0.057317737489938736,0.24697290360927582,0.23949195444583893,-0.06810308992862701,0.22142481803894043,0.45584362745285034,-0.032225772738456726,0.19716081023216248,0.40303149819374084,-0.04989521950483322,0.18088939785957336,0.36637914180755615,-0.06119060888886452,0.166284441947937,0.3286137282848358,-0.06823841482400894,four
0.26216891407966614,0.6423474550247192,4.952781864631106e-07,0.3013738691806793,0.6070618629455566,-0.028889233246445656,0.3176570236682892,0.5375073552131653,-0.04124951735138893,0.27387353777885437,0.4823337197303772,-0.05085808038711548,0.2314513474702835,0.4580402076244354,-0.05948113650083542,0.32312729954719543,0.4290415942668915,-0.0224885493516922,0.35176223516464233,0.3475427031517029,-0.03959512710571289,0.3670538067817688,0.2964265048503876,-0.053322408348321915,0.3788028955459595,0.25491994619369507,-0.06339554488658905,0.2867349684238434,0.41415935754776,-0.022376257926225662,0.30384230613708496,0.3196932375431061,-0.034888237714767456,0.31305569410324097,0.26034116744995117,-0.047459688037633896,0.3190918266773224,0.21241897344589233,-0.05651036649942398,0.2533097267150879,0.42576900124549866,-0.026208842173218727,0.24781504273414612,0.34210503101348877,-0.041680943220853806,0.24732734262943268,0.28635311126708984,-0.058248430490493774,0.24678272008895874,0.23946213722229004,-0.06952013820409775,0.22068339586257935,0.4574867784976959,-0.03263282775878906,0.1957598626613617,0.403885155916214,-0.050601180642843246,0.1788330376148224,0.36667466163635254,-0.06244644522666931,0.1636286973953247,0.3285389542579651,-0.06992297619581223,four
0.26140090823173523,0.6425806283950806,4.975952947461337e-07,0.30016687512397766,0.6072564125061035,-0.02900882251560688,0.3162572979927063,0.5384187698364258,-0.04179633781313896,0.2732603847980499,0.4830627143383026,-0.05187489092350006,0.23096302151679993,0.45791828632354736,-0.0609414279460907,0.3224882185459137,0.429043173789978,-0.022923313081264496,0.3508949875831604,0.3472162187099457,-0.04025397077202797,0.36588048934936523,0.2958053946495056,-0.05405346676707268,0.3773791790008545,0.25411462783813477,-0.0641733705997467,0.2858911156654358,0.41414856910705566,-0.022872311994433403,0.3026413917541504,0.31962546706199646,-0.03579721599817276,0.31179818511009216,0.2599400281906128,-0.04849142208695412,0.3177756667137146,0.211660236120224,-0.057572443038225174,0.2522304356098175,0.4259933531284332,-0.026744132861495018,0.24649636447429657,0.3421711027622223,-0.042620427906513214,0.24600228667259216,0.28664541244506836,-0.059164222329854965,0.24550004303455353,0.23989339172840118,-0.07033398002386093,0.21953409910202026,0.4579852223396301,-0.033194754272699356,0.19468364119529724,0.404051274061203,-0.05156688764691353,0.1776048243045807,0.36679330468177795,-0.06348717212677002,0.16231468319892883,0.32866171002388,-0.07091748714447021,four
0.2606869041919708,0.6440818905830383,4.972457645635586e-07,0.2993331849575043,0.6084069013595581,-0.029103783890604973,0.31600692868232727,0.5394546985626221,-0.04200655594468117,0.27327778935432434,0.48419246077537537,-0.05219751223921776,0.2306704819202423,0.4589356780052185,-0.06143767386674881,0.32200679183006287,0.42971929907798767,-0.023435136303305626,0.350267231464386,0.34775209426879883,-0.04109535738825798,0.3650332987308502,0.29592496156692505,-0.055166687816381454,0.3763512969017029,0.2537337839603424,-0.0654800608754158,0.2852243185043335,0.414704293012619,-0.023411259055137634,0.30207112431526184,0.32020705938339233,-0.03667283058166504,0.3111739158630371,0.26019930839538574,-0.04958674684166908,0.31709346175193787,0.21156634390354156,-0.058806996792554855,0.2514229118824005,0.42656344175338745,-0.027280490845441818,0.24552778899669647,0.3427700996398926,-0.04335090517997742,0.24488496780395508,0.2872348427772522,-0.0599885992705822,0.24428237974643707,0.2402084618806839,-0.07125896960496902,0.21858981251716614,0.45879438519477844,-0.03373951092362404,0.1939786970615387,0.40506190061569214,-0.05224165692925453,0.17683586478233337,0.36791229248046875,-0.0641852542757988,0.16139519214630127,0.3297019898891449,-0.07164565473794937,four
0.2606036961078644,0.6444939970970154,4.961831336913747e-07,0.29885369539260864,0.6090176105499268,-0.029269929975271225,0.3155830204486847,0.5409143567085266,-0.042568836361169815,0.2732994854450226,0.48528367280960083,-0.05316203832626343,0.23086105287075043,0.45955798029899597,-0.0627981424331665,0.32153189182281494,0.43044957518577576,-0.02420843206346035,0.3499550223350525,0.34833773970603943,-0.04217255860567093,0.3646854758262634,0.2965701222419739,-0.05634796619415283,0.376084566116333,0.25436902046203613,-0.06670235097408295,0.28476831316947937,0.41531428694725037,-0.024223702028393745,0.3016500473022461,0.32056647539138794,-0.037704020738601685,0.31063660979270935,0.26039600372314453,-0.050652001053094864,0.31648868322372437,0.2115025669336319,-0.059919171035289764,0.2508699595928192,0.42710286378860474,-0.028109563514590263,0.24485719203948975,0.3428950309753418,-0.04429792985320091,0.24406269192695618,0.28742092847824097,-0.06093801558017731,0.2434922456741333,0.24065087735652924,-0.07224554568529129,0.21802009642124176,0.45936548709869385,-0.03459611535072327,0.19292941689491272,0.405468225479126,-0.05319885164499283,0.1755295693874359,0.3684277832508087,-0.06521938741207123,0.16010898351669312,0.3303638696670532,-0.07274306565523148,four
0.260001003742218,0.6443862915039062,5.059229692960798e-07,0.2985997498035431,0.6081031560897827,-0.029954388737678528,0.3152044415473938,0.5396765470504761,-0.04364244267344475,0.2713639438152313,0.48470407724380493,-0.05442095547914505,0.2286148965358734,0.45914211869239807,-0.06425352394580841,0.32043197751045227,0.4309249818325043,-0.025374440476298332,0.34925204515457153,0.3484377861022949,-0.043600402772426605,0.36400163173675537,0.2962667942047119,-0.05791926011443138,0.3755248188972473,0.2536888122558594,-0.06843657791614532,0.28368327021598816,0.4160020649433136,-0.025193708017468452,0.30062106251716614,0.32087287306785583,-0.03896142169833183,0.3095708191394806,0.2604374885559082,-0.05237265303730965,0.3155621886253357,0.21114769577980042,-0.06206842511892319,0.249980628490448,0.42797455191612244,-0.028874142095446587,0.24343834817409515,0.34355682134628296,-0.04544271156191826,0.24257545173168182,0.2876597046852112,-0.06272563338279724,0.24202053248882294,0.24067622423171997,-0.07453878223896027,0.21754977107048035,0.46034231781959534,-0.03515132516622543,0.1920669972896576,0.40648016333580017,-0.054199282079935074,0.17444437742233276,0.3692471385002136,-0.06675257533788681,0.15867352485656738,0.33101195096969604,-0.07473411411046982,four
0.25952431559562683,0.6453114748001099,5.074398927717994e-07,0.2979619801044464,0.6093541383743286,-0.030669795349240303,0.3143959045410156,0.5408651232719421,-0.04469078779220581,0.27029094099998474,0.48615825176239014,-0.055646367371082306,0.22728298604488373,0.45999959111213684,-0.0656389370560646,0.31994178891181946,0.4315938949584961,-0.02624240145087242,0.3485179841518402,0.3490862548351288,-0.04475235939025879,0.36320337653160095,0.29664599895477295,-0.059331465512514114,0.37476280331611633,0.25356966257095337,-0.07009559869766235,0.28310179710388184,0.41645383834838867,-0.025864573195576668,0.29999616742134094,0.32131507992744446,-0.03984607383608818,0.30883127450942993,0.26081180572509766,-0.053534507751464844,0.3148283064365387,0.21091610193252563,-0.06349270790815353,0.2492956966161728,0.42850011587142944,-0.029378285631537437,0.24296075105667114,0.3442317247390747,-0.04620175436139107,0.2420388162136078,0.28833431005477905,-0.0637042373418808,0.24142815172672272,0.24106474220752716,-0.07570673525333405,0.21682098507881165,0.461192786693573,-0.035535965114831924,0.19119280576705933,0.40729576349258423,-0.054793037474155426,0.17358696460723877,0.3700673580169678,-0.06747901439666748,0.1578361988067627,0.33164048194885254,-0.07558730244636536,four
0.2589792013168335,0.6453976631164551,5.070989459454722e-07,0.2972489595413208,0.6102056503295898,-0.03064272552728653,0.31439077854156494,0.5424466729164124,-0.044979989528656006,0.2709542214870453,0.4881826937198639,-0.05636029317975044,0.22771289944648743,0.4617154598236084,-0.06689106673002243,0.31963610649108887,0.432212769985199,-0.026865419000387192,0.34818559885025024,0.3499133884906769,-0.04576151445508003,0.36272895336151123,0.2973184585571289,-0.06055563688278198,0.3741496503353119,0.2541334927082062,-0.07148447632789612,0.2827287018299103,0.41687431931495667,-0.02669384516775608,0.29968559741973877,0.3215998709201813,-0.041174955666065216,0.3085062801837921,0.26093989610671997,-0.05514207109808922,0.3143872320652008,0.21095962822437286,-0.06529466062784195,0.24880757927894592,0.42898017168045044,-0.030367311090230942,0.24245035648345947,0.34442755579948425,-0.047538500279188156,0.24119696021080017,0.288291335105896,-0.06516484916210175,0.240305095911026,0.24080732464790344,-0.0772804468870163,0.2161964774131775,0.4618695378303528,-0.03666171059012413,0.19082273542881012,0.40789923071861267,-0.056132592260837555,0.1732553243637085,0.3704836070537567,-0.06890076398849487,0.15751323103904724,0.3318524956703186,-0.07709821313619614,four
0.25864169001579285,0.6452192068099976,5.09125015923928e-07,0.29736652970314026,0.6097744703292847,-0.03052952140569687,0.31469014286994934,0.541860818862915,-0.044805146753787994,0.270728200674057,0.48802971839904785,-0.0560891292989254,0.22750221192836761,0.46193552017211914,-0.06657027453184128,0.3190738558769226,0.4327271580696106,-0.027161961421370506,0.3479076027870178,0.3503037095069885,-0.04602319002151489,0.3624170422554016,0.2976742088794708,-0.060731589794158936,0.37368395924568176,0.25439971685409546,-0.0716007798910141,0.2821941673755646,0.4175134301185608,-0.026991410180926323,0.29947906732559204,0.3220723867416382,-0.04146218299865723,0.3081868290901184,0.26128721237182617,-0.05544876679778099,0.3138844668865204,0.21120575070381165,-0.06564624607563019,0.24839378893375397,0.42950963973999023,-0.030601797625422478,0.24227726459503174,0.344775527715683,-0.04771276190876961,0.2409440129995346,0.2887052297592163,-0.06535430252552032,0.2398633062839508,0.2413451224565506,-0.07752364873886108,0.21593758463859558,0.46220579743385315,-0.036799438297748566,0.19042572379112244,0.4082964062690735,-0.056203097105026245,0.17294493317604065,0.3708115518093109,-0.06895742565393448,0.1572723388671875,0.33208826184272766,-0.07718806713819504,four
0.25912168622016907,0.6456046104431152,5.12398173668771e-07,0.29781776666641235,0.6098030805587769,-0.030505336821079254,0.31514936685562134,0.5416350364685059,-0.04469911754131317,0.27091777324676514,0.4884073734283447,-0.0558924563229084,0.22746330499649048,0.4629586338996887,-0.06633864343166351,0.3186246156692505,0.4328908920288086,-0.027333062142133713,0.3477472960948944,0.3504934310913086,-0.04629126936197281,0.3623369634151459,0.2976551353931427,-0.061061181128025055,0.3735717535018921,0.2540653944015503,-0.07193760573863983,0.2819076180458069,0.41781744360923767,-0.02715773694217205,0.2994072735309601,0.3224514126777649,-0.04167523607611656,0.30791786313056946,0.2615247964859009,-0.05569283664226532,0.31331709027290344,0.21143928170204163,-0.06590452790260315,0.24826829135417938,0.42967408895492554,-0.03074810653924942,0.2422514110803604,0.34493404626846313,-0.047828879207372665,0.24068130552768707,0.28889283537864685,-0.06545989960432053,0.23926644027233124,0.24171516299247742,-0.0776136964559555,0.21587198972702026,0.4622197151184082,-0.03692588955163956,0.19009217619895935,0.40821388363838196,-0.056216493248939514,0.17252057790756226,0.3707391917705536,-0.06889735162258148,0.15677598118782043,0.3320399522781372,-0.07707442343235016,four
0.2595258951187134,0.6464083790779114,5.065670620751916e-07,0.2979845404624939,0.6102997064590454,-0.030008159577846527,0.31511446833610535,0.5415056943893433,-0.04374483600258827,0.27083051204681396,0.4879380464553833,-0.05454853177070618,0.22749987244606018,0.46267151832580566,-0.06454974412918091,0.31873399019241333,0.432843953371048,-0.02619752287864685,0.34796395897865295,0.350416898727417,-0.04487011954188347,0.3626900911331177,0.2975276708602905,-0.05943356454372406,0.3739493489265442,0.25413137674331665,-0.07011808454990387,0.2819187045097351,0.4178910553455353,-0.026017937809228897,0.2993974983692169,0.3229151666164398,-0.040257442742586136,0.30791735649108887,0.2622310519218445,-0.05391857400536537,0.3131614923477173,0.21267114579677582,-0.06374869495630264,0.24824009835720062,0.42986297607421875,-0.02961188182234764,0.2423146814107895,0.34499090909957886,-0.046410225331783295,0.2407839298248291,0.2891295552253723,-0.06359908729791641,0.23924173414707184,0.24203555285930634,-0.07534283399581909,0.21583066880702972,0.4624006152153015,-0.035774484276771545,0.19042345881462097,0.40856724977493286,-0.05491773039102554,0.17291802167892456,0.37123459577560425,-0.06737028807401657,0.1570814549922943,0.33273330330848694,-0.07523822039365768,four
0.2593642473220825,0.6461600065231323,5.03313344779599e-07,0.2979797124862671,0.6101030111312866,-0.03029068000614643,0.31526312232017517,0.5415661334991455,-0.044120993465185165,0.27115046977996826,0.487852543592453,-0.05494280904531479,0.2281649261713028,0.4626186192035675,-0.06493102014064789,0.3195239305496216,0.4335125684738159,-0.026394512504339218,0.34876933693885803,0.3510082960128784,-0.04512743651866913,0.3633427619934082,0.29814592003822327,-0.05977368727326393,0.3743201494216919,0.25480902194976807,-0.07051543146371841,0.28260666131973267,0.4184221923351288,-0.02611760050058365,0.3000899851322174,0.32315361499786377,-0.04039200022816658,0.30850300192832947,0.2623649835586548,-0.05415315181016922,0.31355953216552734,0.21266640722751617,-0.06409502029418945,0.2488107681274414,0.43023261427879333,-0.029629945755004883,0.2427573800086975,0.3451971113681793,-0.04650590196251869,0.24121761322021484,0.28934016823768616,-0.06383243948221207,0.23955494165420532,0.24234840273857117,-0.07568429410457611,0.2163008153438568,0.462616503238678,-0.03573188930749893,0.191162109375,0.4086505174636841,-0.05492404103279114,0.17377632856369019,0.3713661730289459,-0.0674174353480339,0.15794046223163605,0.3330307900905609,-0.07535000890493393,four
0.25978705286979675,0.6467127799987793,5.088261332275579e-07,0.29857906699180603,0.6103166937828064,-0.03025141730904579,0.3157278597354889,0.5412966012954712,-0.04401447996497154,0.27176883816719055,0.48725128173828125,-0.05476274713873863,0.22868898510932922,0.4620712101459503,-0.06464919447898865,0.3196951448917389,0.43324702978134155,-0.02637886442244053,0.3489835262298584,0.3510298728942871,-0.04490092024207115,0.36340099573135376,0.2982250452041626,-0.05935882031917572,0.3743123710155487,0.2545691132545471,-0.07002978771924973,0.28285306692123413,0.418111115694046,-0.0261134821921587,0.3001888692378998,0.32324743270874023,-0.04028087109327316,0.30862656235694885,0.26223576068878174,-0.053812187165021896,0.3137980103492737,0.21231095492839813,-0.06357118487358093,0.2491084784269333,0.4299205541610718,-0.02964477799832821,0.24295729398727417,0.34535571932792664,-0.04647890105843544,0.2414385825395584,0.28947699069976807,-0.06359046697616577,0.23989948630332947,0.24252212047576904,-0.07526072859764099,0.21661528944969177,0.46228787302970886,-0.03578150272369385,0.1909571886062622,0.40861910581588745,-0.05502322316169739,0.17340007424354553,0.37116968631744385,-0.06750541925430298,0.1575748473405838,0.3325849771499634,-0.07539508491754532,four
0.2600625157356262,0.6458419561386108,5.086950523036649e-07,0.29876548051834106,0.6099058389663696,-0.030517954379320145,0.3161134123802185,0.5416802763938904,-0.04461485147476196,0.272527277469635,0.4878523349761963,-0.05567567050457001,0.2296760529279709,0.4623328149318695,-0.06592457741498947,0.3199078142642975,0.43299421668052673,-0.0271568913012743,0.3492593765258789,0.3508739471435547,-0.046025898307561874,0.3637753129005432,0.2981038987636566,-0.06069125980138779,0.3747958838939667,0.2544831335544586,-0.07147350162267685,0.2831583321094513,0.4179282784461975,-0.02686663158237934,0.30051952600479126,0.3230127692222595,-0.041304752230644226,0.3088736832141876,0.26212191581726074,-0.055028416216373444,0.31396883726119995,0.21224655210971832,-0.06495489925146103,0.24942992627620697,0.42976614832878113,-0.030370809137821198,0.24308933317661285,0.3451351523399353,-0.04743891581892967,0.24152415990829468,0.2890910506248474,-0.06485307216644287,0.23996317386627197,0.24203898012638092,-0.07677194476127625,0.21700520813465118,0.4621712863445282,-0.03647869452834129,0.19133780896663666,0.40844979882240295,-0.055841051042079926,0.1737392246723175,0.37123018503189087,-0.06847895681858063,0.1578235924243927,0.33286213874816895,-0.07653859257698059,four
0.26007628440856934,0.6460995078086853,5.098778501633205e-07,0.29853764176368713,0.6103239059448242,-0.030852224677801132,0.31571102142333984,0.5417960286140442,-0.04512316361069679,0.2719569504261017,0.48781800270080566,-0.056296613067388535,0.2287704348564148,0.46196621656417847,-0.0666334480047226,0.32001131772994995,0.43336567282676697,-0.02749045565724373,0.34929758310317993,0.35104960203170776,-0.04639708995819092,0.3636857569217682,0.29825538396835327,-0.061095573008060455,0.3747378885746002,0.25464922189712524,-0.07195236533880234,0.28321319818496704,0.4181501269340515,-0.027124255895614624,0.30046546459198,0.32315242290496826,-0.04170362651348114,0.3088914752006531,0.26226258277893066,-0.055635590106248856,0.3141835927963257,0.2121656984090805,-0.06573554873466492,0.24941818416118622,0.4299090504646301,-0.03056236356496811,0.24297812581062317,0.34508848190307617,-0.047817349433898926,0.24138493835926056,0.28914910554885864,-0.06541633605957031,0.23991814255714417,0.24205456674098969,-0.07746156305074692,0.21703088283538818,0.4622463583946228,-0.036614738404750824,0.19114315509796143,0.40818333625793457,-0.05621585249900818,0.17346760630607605,0.3707325756549835,-0.06906869262456894,0.15754598379135132,0.3320522904396057,-0.07727809250354767,four
0.26001694798469543,0.6463180184364319,5.113252541377733e-07,0.2984229326248169,0.6103147268295288,-0.030756928026676178,0.31537926197052,0.5416388511657715,-0.0450281985104084,0.2718556821346283,0.4876664876937866,-0.056227054446935654,0.22880050539970398,0.4619481563568115,-0.0665985718369484,0.3198341131210327,0.43337559700012207,-0.027561625465750694,0.34923967719078064,0.3510541021823883,-0.046582113951444626,0.36375731229782104,0.29824522137641907,-0.06133533641695976,0.3748214840888977,0.2546555995941162,-0.07219288498163223,0.2830936014652252,0.41829583048820496,-0.027249380946159363,0.30052751302719116,0.3231540620326996,-0.04189205542206764,0.3089352548122406,0.26207292079925537,-0.05579950660467148,0.31405481696128845,0.2118801474571228,-0.06584692746400833,0.24929486215114594,0.4301809072494507,-0.03073286823928356,0.24295268952846527,0.3452190160751343,-0.048006437718868256,0.24132587015628815,0.2891670763492584,-0.06554169207811356,0.2397562861442566,0.24209989607334137,-0.0775056704878807,0.21685878932476044,0.4626070261001587,-0.036826252937316895,0.19117358326911926,0.40842539072036743,-0.05640092492103577,0.1735842525959015,0.37081480026245117,-0.06918656080961227,0.15773826837539673,0.33206379413604736,-0.07732465118169785,four
0.25995978713035583,0.6462326049804688,5.092343258183973e-07,0.29835230112075806,0.6106539964675903,-0.030995866283774376,0.3153536319732666,0.5422981381416321,-0.045407332479953766,0.27201029658317566,0.48788827657699585,-0.056713055819272995,0.22899746894836426,0.4615040719509125,-0.06716366857290268,0.32000425457954407,0.43334177136421204,-0.027641935274004936,0.3491644859313965,0.3507242202758789,-0.04668382182717323,0.3635576367378235,0.29789480566978455,-0.06144661083817482,0.3746053874492645,0.2543869614601135,-0.07232002913951874,0.2831878662109375,0.4181472063064575,-0.02722356654703617,0.3004436492919922,0.322785884141922,-0.04194140061736107,0.30878615379333496,0.26169341802597046,-0.055951233953237534,0.31392601132392883,0.21155864000320435,-0.06606835126876831,0.24931854009628296,0.43003472685813904,-0.03062075562775135,0.2429681420326233,0.34502702951431274,-0.048020489513874054,0.24141648411750793,0.2887570261955261,-0.06574138253927231,0.23994475603103638,0.2415524423122406,-0.07782824337482452,0.21691876649856567,0.46255195140838623,-0.03663267195224762,0.191242516040802,0.4084709584712982,-0.05640692636370659,0.17356577515602112,0.37077635526657104,-0.06940210610628128,0.1576278805732727,0.33198660612106323,-0.07766858488321304,four
0.2603738009929657,0.6460729241371155,5.143634211890458e-07,0.29862093925476074,0.6103649735450745,-0.031195519492030144,0.3155739903450012,0.5426071286201477,-0.04589899629354477,0.27187103033065796,0.488962322473526,-0.05747763440012932,0.22867490351200104,0.4624859392642975,-0.06822068244218826,0.31986525654792786,0.4332716166973114,-0.027970485389232635,0.3490599989891052,0.3508947491645813,-0.047093700617551804,0.363351434469223,0.2981973886489868,-0.06195792183279991,0.3743395209312439,0.2547338008880615,-0.07293950766324997,0.2830684185028076,0.4181566834449768,-0.02759276144206524,0.3004399240016937,0.322784423828125,-0.04239490628242493,0.3088825047016144,0.2618815302848816,-0.05665092542767525,0.31417396664619446,0.2115451544523239,-0.06701327115297318,0.24919427931308746,0.4301190972328186,-0.031027449294924736,0.2427794188261032,0.3450278341770172,-0.04859946668148041,0.241250142455101,0.28885528445243835,-0.0666501447558403,0.23988942801952362,0.24153316020965576,-0.079012930393219,0.21688343584537506,0.4627994894981384,-0.03706375136971474,0.19085773825645447,0.4086688160896301,-0.05693991109728813,0.17315182089805603,0.37117645144462585,-0.07004870474338531,0.157236710190773,0.33250266313552856,-0.07845952361822128,four
0.260233074426651,0.6458213329315186,5.155080771146459e-07,0.2984670400619507,0.6096932291984558,-0.03109004534780979,0.3156491219997406,0.5419166088104248,-0.04575047269463539,0.2716388404369354,0.48895058035850525,-0.057298239320516586,0.22823062539100647,0.4631634056568146,-0.06806770712137222,0.3196433186531067,0.4333653748035431,-0.02802257053554058,0.3487677276134491,0.3509290814399719,-0.04715745151042938,0.36302894353866577,0.2982194125652313,-0.06207725405693054,0.3740175664424896,0.2546748220920563,-0.0731014609336853,0.28287404775619507,0.4184221029281616,-0.02770518884062767,0.300385057926178,0.323092520236969,-0.04242976754903793,0.30874133110046387,0.26220011711120605,-0.05677904188632965,0.31392061710357666,0.21174392104148865,-0.06728425621986389,0.24899975955486298,0.4304347038269043,-0.03117871843278408,0.24259606003761292,0.3455813527107239,-0.048576414585113525,0.24093987047672272,0.28942376375198364,-0.06669480353593826,0.2394597828388214,0.24205465614795685,-0.07919023185968399,0.21657097339630127,0.463083416223526,-0.03724725916981697,0.1904437243938446,0.40892818570137024,-0.05691433325409889,0.17264050245285034,0.3714991807937622,-0.06999313831329346,0.1566716730594635,0.3327200412750244,-0.07846639305353165,four
0.2600836157798767,0.6457907557487488,5.116520469528041e-07,0.29809582233428955,0.6099276542663574,-0.031061898916959763,0.31498879194259644,0.5416155457496643,-0.04558347538113594,0.27126413583755493,0.48788756132125854,-0.05697878450155258,0.22807477414608002,0.4616607129573822,-0.06755679845809937,0.3190265893936157,0.43330898880958557,-0.02778688445687294,0.34780043363571167,0.3508240878582001,-0.04695786535739899,0.36208218336105347,0.2979925274848938,-0.06190180033445358,0.3731498122215271,0.254330039024353,-0.07293680310249329,0.2823929488658905,0.418343722820282,-0.027447421103715897,0.2995406985282898,0.32290709018707275,-0.042284928262233734,0.3078383803367615,0.2617645263671875,-0.05661173164844513,0.31304749846458435,0.21109788119792938,-0.06705890595912933,0.24864405393600464,0.43034663796424866,-0.030918728560209274,0.24221903085708618,0.34560561180114746,-0.048424020409584045,0.2404579073190689,0.28931498527526855,-0.06647122651338577,0.2388516664505005,0.241713285446167,-0.07887384295463562,0.21634143590927124,0.4629368782043457,-0.03698692470788956,0.19035786390304565,0.40870583057403564,-0.05675694718956947,0.17246046662330627,0.37117764353752136,-0.06983784586191177,0.15626460313796997,0.33228614926338196,-0.0782829076051712,four
0.25997355580329895,0.6456066370010376,5.133549052516173e-07,0.2981013059616089,0.6101008057594299,-0.03151364624500275,0.3149249255657196,0.5421503782272339,-0.04633793234825134,0.27113211154937744,0.4884689152240753,-0.05794963985681534,0.22787708044052124,0.4618649184703827,-0.06875111907720566,0.31882205605506897,0.43325603008270264,-0.028539570048451424,0.34791576862335205,0.3505324125289917,-0.047968290746212006,0.36224719882011414,0.29766637086868286,-0.06299811601638794,0.37327829003334045,0.2540966868400574,-0.0740429237484932,0.2821032404899597,0.4183456301689148,-0.028004538267850876,0.29946139454841614,0.32255828380584717,-0.04298849403858185,0.30777278542518616,0.2618301510810852,-0.05731251835823059,0.31286704540252686,0.21171210706233978,-0.06771570444107056,0.24830898642539978,0.43040210008621216,-0.03129222244024277,0.24215061962604523,0.3451900780200958,-0.04895026609301567,0.2403126060962677,0.28884875774383545,-0.06704175472259521,0.23852722346782684,0.24133503437042236,-0.07944285869598389,0.21600660681724548,0.46305471658706665,-0.03718965873122215,0.19029374420642853,0.4086889326572418,-0.05706344544887543,0.17259737849235535,0.3712507486343384,-0.07017208635807037,0.15648901462554932,0.3325433135032654,-0.07859703153371811,four
0.259797602891922,0.6458343863487244,5.109879452902533e-07,0.29795753955841064,0.6102898716926575,-0.031414106488227844,0.3150688707828522,0.5420933961868286,-0.046146295964717865,0.2715865671634674,0.4881213307380676,-0.05766900256276131,0.22826148569583893,0.46150681376457214,-0.06837379932403564,0.3189356327056885,0.43334537744522095,-0.028407642617821693,0.34801262617111206,0.3506242334842682,-0.04770897328853607,0.3622395098209381,0.29776304960250854,-0.06263287365436554,0.3731764853000641,0.25421327352523804,-0.07362014800310135,0.2821006178855896,0.4183749556541443,-0.027894003316760063,0.2993633449077606,0.322674036026001,-0.042808301746845245,0.3076927363872528,0.26194798946380615,-0.057011235505342484,0.31281378865242004,0.21202410757541656,-0.06731516867876053,0.24822629988193512,0.430480033159256,-0.031191904097795486,0.2419808954000473,0.3452279269695282,-0.04878351092338562,0.240213543176651,0.28887659311294556,-0.0666901245713234,0.23847556114196777,0.24147072434425354,-0.07895961403846741,0.21586686372756958,0.46319860219955444,-0.037099044770002365,0.19024215638637543,0.4088079631328583,-0.05696567893028259,0.17259830236434937,0.37122780084609985,-0.07000462710857391,0.15652821958065033,0.3324851095676422,-0.07836413383483887,four
0.25969621539115906,0.645458996295929,5.097967346046062e-07,0.2977350056171417,0.6102903485298157,-0.03161470219492912,0.3148616850376129,0.5425287485122681,-0.046559836715459824,0.2716841399669647,0.48856955766677856,-0.058259058743715286,0.22842589020729065,0.4615306258201599,-0.06914199143648148,0.3190963566303253,0.43338748812675476,-0.02901112660765648,0.34801560640335083,0.35060667991638184,-0.048434339463710785,0.36200201511383057,0.29774847626686096,-0.06341319531202316,0.37270715832710266,0.2540283799171448,-0.07446645200252533,0.2823004722595215,0.4183219075202942,-0.02848982810974121,0.2996455430984497,0.32251250743865967,-0.04354454204440117,0.30783626437187195,0.26178017258644104,-0.0578441321849823,0.3128371238708496,0.21163690090179443,-0.06825430691242218,0.24838665127754211,0.43034452199935913,-0.03176366910338402,0.24214300513267517,0.34515082836151123,-0.04947654530405998,0.2402120977640152,0.2889024019241333,-0.06749957799911499,0.23832638561725616,0.24156729876995087,-0.07989117503166199,0.21592852473258972,0.46299365162849426,-0.03765500336885452,0.19027084112167358,0.40881749987602234,-0.057632796466350555,0.1725115180015564,0.3714553415775299,-0.07078084349632263,0.15635553002357483,0.33277493715286255,-0.07925312221050262,four
0.2599729299545288,0.6456552743911743,5.116415877637337e-07,0.29828178882598877,0.6101373434066772,-0.031166918575763702,0.3153328597545624,0.5418131351470947,-0.045730020850896835,0.27164971828460693,0.4882581830024719,-0.057142168283462524,0.2282600998878479,0.4621361494064331,-0.06776119768619537,0.31900373101234436,0.4331922233104706,-0.028255725279450417,0.3479740023612976,0.3504176735877991,-0.047356195747852325,0.36202019453048706,0.29752254486083984,-0.06212920695543289,0.3727037012577057,0.25377678871154785,-0.07307503372430801,0.28219056129455566,0.41822516918182373,-0.027885332703590393,0.2996155023574829,0.3226490020751953,-0.0426705926656723,0.3078482151031494,0.2616768479347229,-0.056842297315597534,0.31284987926483154,0.2113136351108551,-0.06717618554830551,0.24838683009147644,0.43026378750801086,-0.031294550746679306,0.24212364852428436,0.34512823820114136,-0.04876233637332916,0.240158349275589,0.28891104459762573,-0.06665945798158646,0.2382381707429886,0.24149128794670105,-0.0789785236120224,0.21600693464279175,0.4629029929637909,-0.03730478510260582,0.1901199221611023,0.40886157751083374,-0.05712388828396797,0.17234528064727783,0.3713003396987915,-0.07018661499023438,0.15626999735832214,0.3324161767959595,-0.07860492169857025,four
0.282876193523407,0.6528556942939758,1.9372899728864468e-08,0.24267210066318512,0.5874220132827759,0.019968517124652863,0.24238047003746033,0.5205097198486328,0.036992404609918594,0.2490394562482834,0.4670659899711609,0.05447857081890106,0.25013333559036255,0.42561209201812744,0.07278124243021011,0.26447784900665283,0.43127956986427307,0.012008154764771461,0.2489369511604309,0.3442041575908661,0.01329704187810421,0.23682273924350739,0.2908848226070404,0.017832111567258835,0.2313646525144577,0.25156164169311523,0.022368205711245537,0.29732850193977356,0.4330602288246155,0.007272372953593731,0.29325416684150696,0.32887405157089233,-0.0001208393950946629,0.289484441280365,0.26848524808883667,-0.002470433246344328,0.2899668514728546,0.2209295779466629,-0.0011874474585056305,0.3227992057800293,0.45135846734046936,0.005228623282164335,0.3316372334957123,0.3651711344718933,-0.004830599296838045,0.33634307980537415,0.3096989393234253,-0.014153246767818928,0.3421914279460907,0.2652438282966614,-0.01720617152750492,0.3400264382362366,0.48284289240837097,0.006810782011598349,0.36287978291511536,0.4279695749282837,-0.0008550505735911429,0.3788888454437256,0.39596793055534363,-0.006648003123700619,0.39272812008857727,0.36794227361679077,-0.008485404774546623,four
0.28559932112693787,0.6542126536369324,1.0353016222097722e-08,0.24652519822120667,0.58686763048172,0.023684576153755188,0.24744011461734772,0.5217114090919495,0.04163965955376625,0.25387945771217346,0.4697205424308777,0.05911289155483246,0.25541752576828003,0.43003854155540466,0.07690279930830002,0.26415157318115234,0.4374132454395294,0.014583769254386425,0.24964478611946106,0.3506067395210266,0.016220970079302788,0.23843279480934143,0.2972071170806885,0.02126532420516014,0.23375219106674194,0.25832030177116394,0.026199931278824806,0.29708051681518555,0.43866172432899475,0.00752096064388752,0.29467275738716125,0.33576011657714844,0.0012314706109464169,0.2914765775203705,0.2750970721244812,-0.0001898248738143593,0.2923238277435303,0.22831952571868896,0.0016266165766865015,0.32319000363349915,0.4568295478820801,0.0033076417166739702,0.33250337839126587,0.37035423517227173,-0.006188248749822378,0.33791688084602356,0.3151950538158417,-0.014941554516553879,0.3445267677307129,0.2710265517234802,-0.017894357442855835,0.3415714502334595,0.48809850215911865,0.0030176329892128706,0.36498960852622986,0.43477731943130493,-0.005271843634545803,0.38141927123069763,0.40287214517593384,-0.01111636869609356,0.39553016424179077,0.3748244643211365,-0.012958114966750145,four
0.28456515073776245,0.6558327674865723,3.48444650910551e-08,0.2454453706741333,0.5907312631607056,0.019285785034298897,0.24640297889709473,0.5235885381698608,0.03429148346185684,0.25198617577552795,0.4690442681312561,0.04912123084068298,0.25209811329841614,0.42623335123062134,0.06419028341770172,0.26395899057388306,0.43681153655052185,0.010753601789474487,0.24966934323310852,0.3502615988254547,0.010988683439791203,0.2381487786769867,0.2972729206085205,0.015005004592239857,0.2329033762216568,0.2585303783416748,0.019187279045581818,0.29663532972335815,0.4378231465816498,0.0040597133338451385,0.29434382915496826,0.33666637539863586,-0.002646011533215642,0.29088038206100464,0.27587711811065674,-0.004747898783534765,0.29145294427871704,0.2288321852684021,-0.0036209465470165014,0.32234495878219604,0.4560457766056061,-0.00029499520314857364,0.33251217007637024,0.3701738119125366,-0.010575874708592892,0.33850932121276855,0.31502801179885864,-0.019981319084763527,0.34494078159332275,0.270246684551239,-0.02362816222012043,0.3395819365978241,0.4878873825073242,-0.0012029486242681742,0.36311376094818115,0.4355359673500061,-0.010307655669748783,0.379508376121521,0.4034177362918854,-0.016468225046992302,0.39331871271133423,0.37530282139778137,-0.01865651272237301,four
0.28537943959236145,0.6537489891052246,1.4514175639135374e-08,0.24595651030540466,0.588591456413269,0.02087552659213543,0.24625103175640106,0.5220155119895935,0.038292787969112396,0.25213369727134705,0.4679744839668274,0.05575760453939438,0.2521137297153473,0.42615050077438354,0.07368740439414978,0.2654288113117218,0.43591681122779846,0.013847710564732552,0.25093886256217957,0.35028570890426636,0.015981577336788177,0.2391442358493805,0.29789894819259644,0.020853467285633087,0.23377369344234467,0.2594001889228821,0.025492927059531212,0.2980428636074066,0.43728628754615784,0.00820842757821083,0.294765442609787,0.33607417345046997,0.002817575354129076,0.29108262062072754,0.2762027084827423,0.001043601194396615,0.2915900945663452,0.22919312119483948,0.0022713758517056704,0.3233010470867157,0.4551207423210144,0.00509937247261405,0.33279046416282654,0.3692004978656769,-0.0042145443148911,0.33830875158309937,0.3148612380027771,-0.014063970185816288,0.34471985697746277,0.27083849906921387,-0.017984911799430847,0.34027886390686035,0.48566722869873047,0.0056887236423790455,0.36399009823799133,0.43381911516189575,-0.0028385971672832966,0.38065677881240845,0.4025677442550659,-0.00965078640729189,0.39468640089035034,0.3750612735748291,-0.012362150475382805,four
0.284818559885025,0.6550074815750122,-2.5098951805802017e-09,0.246547132730484,0.5890249013900757,0.022978458553552628,0.2478317767381668,0.5207021832466125,0.041467852890491486,0.2570536136627197,0.468988835811615,0.05929937586188316,0.26129576563835144,0.430181086063385,0.07715292274951935,0.264925479888916,0.4372021555900574,0.016758233308792114,0.2515795826911926,0.35151997208595276,0.019997237250208855,0.24046355485916138,0.2990110516548157,0.025016291067004204,0.23514781892299652,0.2604387402534485,0.029405569657683372,0.29800447821617126,0.4380796551704407,0.009716491214931011,0.29428672790527344,0.3372424244880676,0.006935057695955038,0.29065999388694763,0.27762675285339355,0.006003429181873798,0.29099324345588684,0.23121751844882965,0.007140948437154293,0.3232983648777008,0.45571961998939514,0.005110614001750946,0.3320178687572479,0.36930012702941895,-0.002291603945195675,0.3374018967151642,0.31520071625709534,-0.011764640919864178,0.34376630187034607,0.2712991237640381,-0.016239238902926445,0.34007251262664795,0.48592397570610046,0.00422044238075614,0.3635733127593994,0.4341885447502136,-0.0036176652647554874,0.3801051378250122,0.402808278799057,-0.010158911347389221,0.3941073417663574,0.37518084049224854,-0.013124286197125912,four
0.2840784788131714,0.6571162939071655,3.040888785221796e-08,0.24325983226299286,0.5892667770385742,0.01984291523694992,0.2446623146533966,0.522668182849884,0.03590894490480423,0.25087833404541016,0.4701526463031769,0.051929108798503876,0.2533940374851227,0.4303884208202362,0.06828822195529938,0.2633594274520874,0.4393756687641144,0.01165098324418068,0.24926254153251648,0.35225433111190796,0.01194265391677618,0.23811888694763184,0.2987661063671112,0.01607712171971798,0.23329368233680725,0.25966835021972656,0.020519012585282326,0.29658135771751404,0.4403079152107239,0.005709635093808174,0.29431474208831787,0.33755162358283997,-0.0006641069194301963,0.29070088267326355,0.2765171229839325,-0.0019253970822319388,0.29091930389404297,0.22913998365402222,9.10821690922603e-05,0.3226461410522461,0.4582659900188446,0.0021424153819680214,0.3317376673221588,0.3722445070743561,-0.007473051082342863,0.33709242939949036,0.3169115483760834,-0.016089657321572304,0.34301120042800903,0.272501140832901,-0.018961753696203232,0.3400454819202423,0.4894786775112152,0.0020187918562442064,0.3629680871963501,0.4368343949317932,-0.006655354052782059,0.3789956867694855,0.40474843978881836,-0.012484073638916016,0.39278027415275574,0.3770913779735565,-0.014194204472005367,four
0.284269779920578,0.65479576587677,-7.235432697427768e-09,0.24612656235694885,0.5885745286941528,0.023414742201566696,0.24705810844898224,0.5203354954719543,0.04224129021167755,0.2546159029006958,0.46755313873291016,0.06041434407234192,0.25684085488319397,0.4276370406150818,0.07865604758262634,0.2649456858634949,0.43596333265304565,0.017377210780978203,0.25108855962753296,0.35133230686187744,0.020606709644198418,0.23972369730472565,0.2992206811904907,0.025681177154183388,0.2343004047870636,0.26101070642471313,0.03022940456867218,0.2978639006614685,0.43727079033851624,0.010317564010620117,0.2945033013820648,0.3372347950935364,0.007306602317839861,0.2908744812011719,0.27789103984832764,0.0063990941271185875,0.29127946496009827,0.231674462556839,0.0077422126196324825,0.3232312798500061,0.45533329248428345,0.0057184998877346516,0.33246827125549316,0.3696504235267639,-0.002058098092675209,0.338070273399353,0.3156866729259491,-0.011536693200469017,0.34459108114242554,0.2717878818511963,-0.01577257178723812,0.3401162624359131,0.4858977496623993,0.004927280358970165,0.3637082874774933,0.4341517388820648,-0.0031179531943053007,0.3804382085800171,0.40293315052986145,-0.00963668618351221,0.39451518654823303,0.37545084953308105,-0.012422782368957996,four
0.2840384840965271,0.6566946506500244,1.7026431819999743e-08,0.2437378615140915,0.5887618660926819,0.021149849519133568,0.24481409788131714,0.522647500038147,0.03799787908792496,0.2509072721004486,0.4712315499782562,0.05472883954644203,0.25331470370292664,0.43227535486221313,0.07182837277650833,0.26403483748435974,0.4386345446109772,0.012376176193356514,0.2495558261871338,0.353059321641922,0.012858571484684944,0.2378939837217331,0.29994314908981323,0.017297832295298576,0.23280119895935059,0.26122599840164185,0.021965505555272102,0.2969113290309906,0.43991854786872864,0.00604599341750145,0.2945742607116699,0.33767253160476685,-0.0012865281896665692,0.29087817668914795,0.27668917179107666,-0.0028411459643393755,0.2912493646144867,0.22946301102638245,-0.0007899879128672183,0.3227900266647339,0.45807015895843506,0.0022852690890431404,0.33219772577285767,0.37240689992904663,-0.008336065337061882,0.33753377199172974,0.31698912382125854,-0.017205623909831047,0.34360501170158386,0.27265429496765137,-0.019867166876792908,0.34026604890823364,0.48937076330184937,0.002187127247452736,0.3636194169521332,0.4363499581813812,-0.007205587346106768,0.38000795245170593,0.40414467453956604,-0.013363808393478394,0.39392560720443726,0.3763010799884796,-0.01512390747666359,four
0.283769428730011,0.656273365020752,4.22496215790602e-09,0.24406225979328156,0.5902435183525085,0.02213643305003643,0.2444887012243271,0.5225067138671875,0.040433816611766815,0.24981561303138733,0.4694782793521881,0.058541666716337204,0.24954067170619965,0.4288255274295807,0.07704084366559982,0.2643023431301117,0.43642815947532654,0.015421044081449509,0.24954912066459656,0.35123196244239807,0.017430435866117477,0.23796845972537994,0.2986643314361572,0.02227959595620632,0.23273701965808868,0.2602744698524475,0.02702425606548786,0.2974596619606018,0.4381755292415619,0.009156983345746994,0.29492491483688354,0.33688369393348694,0.004044238477945328,0.2913404405117035,0.2769814431667328,0.0027823271229863167,0.2916574776172638,0.23048564791679382,0.004533585160970688,0.32313719391822815,0.4563288688659668,0.005374915897846222,0.33319762349128723,0.3707044720649719,-0.0037574998568743467,0.3384830355644226,0.3163592517375946,-0.012993792071938515,0.3445183038711548,0.27248477935791016,-0.0163735244423151,0.34029704332351685,0.4871015250682831,0.005333366338163614,0.36407995223999023,0.434914231300354,-0.003176392987370491,0.38084647059440613,0.40344294905662537,-0.009551639668643475,0.394855260848999,0.3759818375110626,-0.011807919479906559,four
0.2837013006210327,0.6587119102478027,-3.2105083036526594e-09,0.2446243017911911,0.5904921293258667,0.024318309500813484,0.2454860508441925,0.5223990678787231,0.04348595440387726,0.2527221143245697,0.4724222421646118,0.06200210377573967,0.2554958760738373,0.43440523743629456,0.08074871450662613,0.2646813988685608,0.4374549090862274,0.017647545784711838,0.2498074769973755,0.3526410162448883,0.020106980577111244,0.23822030425071716,0.2997211813926697,0.024757249280810356,0.23280709981918335,0.2609708607196808,0.029152054339647293,0.2979382574558258,0.4390997290611267,0.010389694944024086,0.2950931787490845,0.33737435936927795,0.006331515498459339,0.2918732464313507,0.2771247625350952,0.005387370008975267,0.29231399297714233,0.2306065559387207,0.007028089836239815,0.3234679698944092,0.45730212330818176,0.005672447383403778,0.3333749771118164,0.3712448477745056,-0.00239992281422019,0.33868685364723206,0.31631872057914734,-0.011412711814045906,0.34497344493865967,0.2721087634563446,-0.01500630285590887,0.3405276834964752,0.488102525472641,0.004820802249014378,0.364314466714859,0.43554502725601196,-0.0030351036693900824,0.3807283639907837,0.40400823950767517,-0.009077402763068676,0.39462196826934814,0.3761446177959442,-0.011322236619889736,four
0.28445714712142944,0.6573699712753296,-2.209182703438728e-08,0.24615541100502014,0.5899285078048706,0.02640947327017784,0.24752545356750488,0.5225356817245483,0.04668710008263588,0.2558497190475464,0.47353580594062805,0.06604286283254623,0.26011666655540466,0.4370538592338562,0.08540208637714386,0.2646067440509796,0.4372042417526245,0.018802979961037636,0.2497345507144928,0.3529905676841736,0.021957814693450928,0.23788219690322876,0.3003639578819275,0.026935482397675514,0.23229727149009705,0.2617282271385193,0.0314113050699234,0.29758206009864807,0.4389461278915405,0.010891984216868877,0.2946121394634247,0.337109237909317,0.007674821652472019,0.2914083003997803,0.27695518732070923,0.007028306368738413,0.29186543822288513,0.23058617115020752,0.008569776080548763,0.3230993151664734,0.45773428678512573,0.005739164538681507,0.3328089714050293,0.3714791238307953,-0.0017497960943728685,0.33844828605651855,0.3165438175201416,-0.011044228449463844,0.3453061282634735,0.2721937298774719,-0.015137236565351486,0.34001052379608154,0.4888370633125305,0.004695429001003504,0.3640751540660858,0.4364128112792969,-0.00321420980617404,0.38081005215644836,0.4047284722328186,-0.009764405898749828,0.39498987793922424,0.376549631357193,-0.012579083442687988,four
0.2844730317592621,0.6591054201126099,-2.7381068079534998e-08,0.24759136140346527,0.5916714668273926,0.027443520724773407,0.24941743910312653,0.5230484008789062,0.048178739845752716,0.25749751925468445,0.47293928265571594,0.06787339597940445,0.2602286636829376,0.4349132478237152,0.08755102753639221,0.2650631368160248,0.4372274875640869,0.019547833129763603,0.24993708729743958,0.3518913984298706,0.02309948205947876,0.23771505057811737,0.29896974563598633,0.02824510633945465,0.23183411359786987,0.2601880133152008,0.03281041607260704,0.2977391481399536,0.4392073452472687,0.011318035423755646,0.2941896617412567,0.33685630559921265,0.008768769912421703,0.29080164432525635,0.27667078375816345,0.00813368521630764,0.2911694347858429,0.23022420704364777,0.009464011527597904,0.3228816092014313,0.4580465257167816,0.005955694243311882,0.33238670229911804,0.3709324300289154,-0.0008951045456342399,0.33772701025009155,0.31602931022644043,-0.010263229720294476,0.3444443643093109,0.271656334400177,-0.014690971001982689,0.33959296345710754,0.4889196455478668,0.004812348634004593,0.36374178528785706,0.43606260418891907,-0.0027177613228559494,0.3808160126209259,0.4041755795478821,-0.009340346790850163,0.3952716886997223,0.3757173717021942,-0.012378525920212269,four
0.28440049290657043,0.6585490703582764,-1.934549587190304e-08,0.2467920184135437,0.5895732641220093,0.026734204962849617,0.24922803044319153,0.5207042098045349,0.047191765159368515,0.2577943205833435,0.4706461429595947,0.06674909591674805,0.26140546798706055,0.43271660804748535,0.08643283694982529,0.26475197076797485,0.43651700019836426,0.019107023254036903,0.24962744116783142,0.3515932857990265,0.022275160998106003,0.23732894659042358,0.2987182140350342,0.027280300855636597,0.23141182959079742,0.2599332332611084,0.03186202794313431,0.29752272367477417,0.43880003690719604,0.011233612895011902,0.2945084273815155,0.3366925120353699,0.008034255355596542,0.29119232296943665,0.2765410542488098,0.00720210000872612,0.29161542654037476,0.22979223728179932,0.008624859154224396,0.3230014741420746,0.4577321708202362,0.00618316326290369,0.3325914740562439,0.3709390163421631,-0.0009925698395818472,0.33782094717025757,0.31613314151763916,-0.010169505141675472,0.3443334698677063,0.27186906337738037,-0.01422907318919897,0.3402523696422577,0.48890551924705505,0.005265797488391399,0.364242285490036,0.43575161695480347,-0.002036914462223649,0.3811227083206177,0.40373745560646057,-0.00830233097076416,0.3955344557762146,0.3751559555530548,-0.010957160964608192,four
0.2841368019580841,0.6584069728851318,-1.6890396858926238e-09,0.24470390379428864,0.5900559425354004,0.024296429008245468,0.2462182343006134,0.5222833752632141,0.043549925088882446,0.25366660952568054,0.4706876277923584,0.0624263696372509,0.2561647295951843,0.4316366910934448,0.08170214295387268,0.2644459307193756,0.43784573674201965,0.016504928469657898,0.24876092374324799,0.3522854745388031,0.019041724503040314,0.23627907037734985,0.2991250455379486,0.024142155423760414,0.23039798438549042,0.2599484622478485,0.02893967553973198,0.2975757122039795,0.4396999478340149,0.009786021895706654,0.29445260763168335,0.33695048093795776,0.004646385554224253,0.29085126519203186,0.27651941776275635,0.003338669892400503,0.29124149680137634,0.22914542257785797,0.0049720751121640205,0.3233092725276947,0.4582808017730713,0.0058856019750237465,0.3326253294944763,0.37181007862091064,-0.0026099674869328737,0.3376731276512146,0.31657925248146057,-0.011631481349468231,0.34397849440574646,0.2719630300998688,-0.015015761367976665,0.3407958745956421,0.4897010028362274,0.005949290469288826,0.36432915925979614,0.43599933385849,-0.0015760286478325725,0.3809748589992523,0.40379732847213745,-0.007517629768699408,0.3952491879463196,0.37531131505966187,-0.00965902116149664,four
0.285315603017807,0.6546130180358887,-3.407868121030333e-08,0.2474992275238037,0.5870963931083679,0.029399564489722252,0.2485799491405487,0.5195777416229248,0.051128387451171875,0.2586895823478699,0.4723249077796936,0.07166037708520889,0.26501184701919556,0.43759840726852417,0.09218259900808334,0.2632337808609009,0.43493056297302246,0.020896101370453835,0.24821949005126953,0.350326806306839,0.02573670819401741,0.2359304577112198,0.29842159152030945,0.031609710305929184,0.2302365005016327,0.26035594940185547,0.036430127918720245,0.2969928979873657,0.43708038330078125,0.012439370155334473,0.29293715953826904,0.3354697525501251,0.010682635940611362,0.2894618809223175,0.2761436104774475,0.010148421861231327,0.2899876832962036,0.23037485778331757,0.011238088831305504,0.32276788353919983,0.45600780844688416,0.0071804276667535305,0.3319045901298523,0.36971038579940796,0.001208720961585641,0.33688268065452576,0.3152598738670349,-0.008083377033472061,0.3437042236328125,0.2714892625808716,-0.012720588594675064,0.34007108211517334,0.48641371726989746,0.0063892244361341,0.3641562759876251,0.4344402253627777,-0.0003939454327337444,0.38085755705833435,0.40288853645324707,-0.006835728883743286,0.3948301672935486,0.37471339106559753,-0.009969041682779789,four
0.2844279110431671,0.6555894017219543,-3.666927739232051e-08,0.24768927693367004,0.5891655087471008,0.029686659574508667,0.24839891493320465,0.5230585336685181,0.051055800169706345,0.2579022943973541,0.4761711657047272,0.07116559892892838,0.2635204493999481,0.4418785274028778,0.09126710891723633,0.26371029019355774,0.4367802143096924,0.020143460482358932,0.24870307743549347,0.35195523500442505,0.024338897317647934,0.2366952896118164,0.2995651364326477,0.029827499762177467,0.23119157552719116,0.26115256547927856,0.0344107411801815,0.2973489463329315,0.4382667541503906,0.011399251408874989,0.2928878664970398,0.3363890051841736,0.00861209537833929,0.28933247923851013,0.27634602785110474,0.007683505769819021,0.2898128926753998,0.2304314523935318,0.008650630712509155,0.3230268657207489,0.45688381791114807,0.005998223088681698,0.3319563865661621,0.36996543407440186,-0.000502394512295723,0.3370663523674011,0.3154226541519165,-0.009455084800720215,0.3439880311489105,0.2719895839691162,-0.013708249665796757,0.34022924304008484,0.487072229385376,0.005085109267383814,0.36387479305267334,0.4348991811275482,-0.002020354149863124,0.38026684522628784,0.40368714928627014,-0.008230475708842278,0.39407822489738464,0.375837504863739,-0.011046680621802807,four
0.28418150544166565,0.655272901058197,1.1738175764719472e-08,0.24396546185016632,0.5870025753974915,0.022151228040456772,0.24475879967212677,0.5186409950256348,0.03954209387302399,0.2511236071586609,0.46620869636535645,0.05674972012639046,0.25273597240448,0.4262363016605377,0.07422236353158951,0.26420578360557556,0.4377776086330414,0.01219222042709589,0.24852389097213745,0.35190290212631226,0.012670135125517845,0.2360021322965622,0.2987785339355469,0.016599981114268303,0.23003941774368286,0.2593376338481903,0.020697586238384247,0.29729413986206055,0.4387519061565399,0.00576085364446044,0.29429325461387634,0.3365042805671692,-0.0007980723748914897,0.2906709313392639,0.27602553367614746,-0.0026925019919872284,0.2911219894886017,0.22856727242469788,-0.0014537327224388719,0.3228438198566437,0.4563998281955719,0.0021112035028636456,0.3324643671512604,0.37052083015441895,-0.007525804918259382,0.3378427028656006,0.31547868251800537,-0.016696644946932793,0.3443482220172882,0.27135157585144043,-0.020153984427452087,0.33985528349876404,0.48689931631088257,0.002229227451607585,0.36354467272758484,0.4349055588245392,-0.00646713562309742,0.3802284300327301,0.403505802154541,-0.012730857357382774,0.39430850744247437,0.3756354749202728,-0.014986302703619003,four
0.2844342887401581,0.6566756963729858,6.400413532503535e-09,0.2440343201160431,0.5878589153289795,0.02329583279788494,0.24474892020225525,0.5202003121376038,0.04117660969495773,0.2525573968887329,0.469897985458374,0.05873532593250275,0.2562909722328186,0.4320501685142517,0.07658462226390839,0.26429080963134766,0.43809476494789124,0.013551373034715652,0.24865299463272095,0.3524314761161804,0.014352794736623764,0.2361893355846405,0.2991831302642822,0.01805930584669113,0.2303341031074524,0.2596738040447235,0.021900678053498268,0.29752811789512634,0.4395162761211395,0.0067702108062803745,0.2940903604030609,0.33726608753204346,0.001041573123075068,0.2905302345752716,0.27672529220581055,-0.0007084438693709671,0.29101186990737915,0.2292473018169403,0.0003783281717915088,0.3229515552520752,0.45731765031814575,0.0028028145898133516,0.3322088420391083,0.3707166910171509,-0.006050176918506622,0.33738473057746887,0.3158324062824249,-0.015076790004968643,0.34387579560279846,0.2719787359237671,-0.01866985112428665,0.33989930152893066,0.4875805974006653,0.0026712403632700443,0.3636334240436554,0.43524855375289917,-0.00573642086237669,0.38017600774765015,0.40392860770225525,-0.011933483183383942,0.3943018913269043,0.3760238289833069,-0.014217190444469452,four
0.2826234996318817,0.6565220355987549,4.90223897031683e-08,0.2437547743320465,0.587913990020752,0.01677677407860756,0.24563345313072205,0.5201829075813293,0.030221058055758476,0.24996289610862732,0.4633272588253021,0.04356440529227257,0.24905216693878174,0.4172821044921875,0.057449810206890106,0.26494598388671875,0.4387727677822113,0.010077128186821938,0.25115805864334106,0.3532099425792694,0.00889682024717331,0.24055325984954834,0.30089929699897766,0.011578483507037163,0.2359197735786438,0.26167139410972595,0.015043281018733978,0.2974235415458679,0.4402741491794586,0.004189412575215101,0.2961786985397339,0.338306188583374,-0.003553821938112378,0.2930895686149597,0.27750298380851746,-0.006179493386298418,0.2933407127857208,0.23035487532615662,-0.005073437001556158,0.3237011134624481,0.4586535096168518,0.0003575117152649909,0.3351764976978302,0.37294718623161316,-0.00950391311198473,0.3415576219558716,0.31849831342697144,-0.01755061000585556,0.34757566452026367,0.27454763650894165,-0.01998608000576496,0.3415752947330475,0.490458220243454,-0.0005402530077844858,0.36542055010795593,0.4366494417190552,-0.007843823172152042,0.3814065754413605,0.40397554636001587,-0.012227254919707775,0.3950326144695282,0.37538397312164307,-0.012971045449376106,four
0.28064361214637756,0.663098931312561,-1.0032398911619111e-08,0.24245968461036682,0.5947226881980896,0.019449764862656593,0.24525493383407593,0.5246984958648682,0.035666197538375854,0.25146883726119995,0.4696938395500183,0.05174994096159935,0.2528906464576721,0.42583855986595154,0.06811963021755219,0.2667977213859558,0.44224441051483154,0.012667151167988777,0.25343596935272217,0.358506441116333,0.01279547531157732,0.24217870831489563,0.30694690346717834,0.01588411070406437,0.2364996075630188,0.2689063847064972,0.019408144056797028,0.2990339994430542,0.4449537396430969,0.006513298489153385,0.2971227169036865,0.344088077545166,0.0004250391211826354,0.29373234510421753,0.28449246287345886,-0.0016879255417734385,0.29374608397483826,0.23824343085289001,-0.0006900458829477429,0.32388079166412354,0.4638037383556366,0.0025287766475230455,0.33535900712013245,0.37849605083465576,-0.007130440790206194,0.34153079986572266,0.32480013370513916,-0.016324758529663086,0.34773290157318115,0.2816718816757202,-0.019774068146944046,0.3396967947483063,0.49555936455726624,0.001887444406747818,0.3643343448638916,0.44224050641059875,-0.006552392616868019,0.3809700906276703,0.41045713424682617,-0.01249151024967432,0.39469411969184875,0.3827713131904602,-0.014563353732228279,four
0.28033575415611267,0.6618144512176514,1.2709666208365888e-08,0.24376457929611206,0.5925078988075256,0.02003426104784012,0.24753624200820923,0.5241469740867615,0.03587285429239273,0.25403472781181335,0.4686651825904846,0.051161061972379684,0.2553649842739105,0.4235195517539978,0.06698691844940186,0.26684460043907166,0.44184446334838867,0.015310138463973999,0.25344422459602356,0.35792097449302673,0.01598578318953514,0.24219192564487457,0.30676475167274475,0.01951366290450096,0.23668259382247925,0.26907050609588623,0.023543763905763626,0.29850348830223083,0.44423502683639526,0.008746004663407803,0.2970207929611206,0.3432890772819519,0.002857969142496586,0.2935592532157898,0.28381067514419556,0.0009638500050641596,0.2933800518512726,0.2384590357542038,0.0024691636208444834,0.3237916827201843,0.463041216135025,0.0043119462206959724,0.3351822793483734,0.37719058990478516,-0.004113109316676855,0.3414793908596039,0.32441627979278564,-0.0117700370028615,0.34761130809783936,0.28230369091033936,-0.014008755795657635,0.34067416191101074,0.4953126609325409,0.0030737488996237516,0.36478009819984436,0.44078201055526733,-0.0027093528769910336,0.38098910450935364,0.40891727805137634,-0.006499163340777159,0.3946007490158081,0.38175711035728455,-0.007004751358181238,four
0.2802402973175049,0.659547746181488,1.7102536276070168e-08,0.243622288107872,0.5912104249000549,0.020810069516301155,0.24691733717918396,0.524231493473053,0.03693181276321411,0.25272709131240845,0.468075156211853,0.05255860090255737,0.2533875107765198,0.4227212369441986,0.06883905082941055,0.26637980341911316,0.4420965909957886,0.015132561326026917,0.2530389726161957,0.35700857639312744,0.016413025557994843,0.24192853271961212,0.30546802282333374,0.020835144445300102,0.23688480257987976,0.2674051523208618,0.02557152509689331,0.29806095361709595,0.4439902603626251,0.008819845505058765,0.2967463433742523,0.3421902060508728,0.0024200642947107553,0.29347920417785645,0.28246745467185974,0.0007695637759752572,0.2936656177043915,0.23692704737186432,0.0027520807925611734,0.3236403465270996,0.46239009499549866,0.004949494730681181,0.3350265324115753,0.37625229358673096,-0.0033871738705784082,0.34114667773246765,0.3230525255203247,-0.010438157245516777,0.3471636474132538,0.2807813286781311,-0.012031899765133858,0.3409867286682129,0.49418652057647705,0.00441091600805521,0.364850252866745,0.43928205966949463,-0.0007835619035176933,0.38121822476387024,0.40734532475471497,-0.004080414306372404,0.3949255049228668,0.3801921010017395,-0.00411364296451211,four
0.2802318334579468,0.6594195365905762,2.1020362339640997e-08,0.24345186352729797,0.592734694480896,0.018632885068655014,0.24545827507972717,0.5266655683517456,0.03340752422809601,0.25048235058784485,0.4716157019138336,0.04776059091091156,0.25043848156929016,0.42735475301742554,0.06250858306884766,0.2665005922317505,0.44222402572631836,0.013333323411643505,0.2531689405441284,0.35814329981803894,0.013841962441802025,0.24207548797130585,0.3071044981479645,0.017191650345921516,0.2364765703678131,0.2689405381679535,0.02087888866662979,0.29830920696258545,0.44394561648368835,0.0068940347991883755,0.29693707823753357,0.34347259998321533,0.00045728491386398673,0.29340070486068726,0.2838553786277771,-0.0019285638118162751,0.2929627597332001,0.2379455268383026,-0.0008383915992453694,0.32367751002311707,0.46256163716316223,0.0025774657260626554,0.3349745273590088,0.3772186040878296,-0.00666177598759532,0.34108924865722656,0.32402825355529785,-0.014908633194863796,0.3468298017978668,0.280983567237854,-0.017550265416502953,0.34052911400794983,0.4946422278881073,0.0013906300300732255,0.36467641592025757,0.441182941198349,-0.005451235454529524,0.38086315989494324,0.4096854329109192,-0.009791919961571693,0.3943711221218109,0.3825720548629761,-0.010635172948241234,four
0.2797805070877075,0.6601006388664246,2.6245695394777613e-08,0.242300882935524,0.5931435227394104,0.01733880490064621,0.24457766115665436,0.525230348110199,0.03188247233629227,0.24868759512901306,0.46729397773742676,0.04631723091006279,0.2474239021539688,0.4198012351989746,0.061411693692207336,0.26590651273727417,0.44246000051498413,0.01267873216420412,0.2518831491470337,0.3585563600063324,0.012827332131564617,0.24093370139598846,0.3072737455368042,0.016107602044939995,0.23608973622322083,0.2689276933670044,0.019926203414797783,0.297588050365448,0.4441052973270416,0.007223703898489475,0.295833557844162,0.3438475430011749,0.0002768653503153473,0.2922533452510834,0.284382700920105,-0.0019750234205275774,0.29226166009902954,0.23828871548175812,-0.000466395664261654,0.32319527864456177,0.4624767601490021,0.0037871405947953463,0.3344249129295349,0.3775255084037781,-0.005499884486198425,0.34088823199272156,0.32489314675331116,-0.013254230841994286,0.34703704714775085,0.2825694978237152,-0.015301406383514404,0.34038180112838745,0.49440357089042664,0.003313470399007201,0.3644132912158966,0.4412252902984619,-0.003132991259917617,0.3807694911956787,0.40989577770233154,-0.007245917804539204,0.39461714029312134,0.3833104372024536,-0.007775622885674238,four
0.27969199419021606,0.6576927304267883,1.4458069408362917e-08,0.24232758581638336,0.5913366675376892,0.019032930955290794,0.24451357126235962,0.523963987827301,0.03472297266125679,0.24995169043540955,0.46683210134506226,0.05027288198471069,0.25111985206604004,0.42182260751724243,0.06653867661952972,0.2649955451488495,0.4420303702354431,0.013598287478089333,0.2512115240097046,0.35771018266677856,0.014345929957926273,0.24040740728378296,0.305928111076355,0.01852358691394329,0.2357620894908905,0.2676345705986023,0.023059168830513954,0.2968936562538147,0.4437120854854584,0.007990183308720589,0.2950204908847809,0.34269028902053833,0.0009263585088774562,0.2917470932006836,0.283174991607666,-0.0008107913890853524,0.292166531085968,0.23703376948833466,0.0012614072766155005,0.3229427635669708,0.46170324087142944,0.004661032930016518,0.3338031768798828,0.37658604979515076,-0.004308769945055246,0.33989933133125305,0.32347702980041504,-0.011580086313188076,0.345939576625824,0.28079313039779663,-0.013194755651056767,0.34073829650878906,0.49293798208236694,0.004457097966223955,0.3642714023590088,0.439463347196579,-0.0014365846291184425,0.38067036867141724,0.40767702460289,-0.005344518925994635,0.3946114778518677,0.3807750344276428,-0.0057168458588421345,four
0.27979785203933716,0.6575848460197449,1.9732535605498924e-08,0.24227532744407654,0.5907512307167053,0.01918083429336548,0.2441437840461731,0.5255788564682007,0.03424501046538353,0.24902993440628052,0.47081875801086426,0.04897990822792053,0.24976135790348053,0.42754122614860535,0.06431718170642853,0.26414772868156433,0.4417000114917755,0.012975345365703106,0.25130364298820496,0.3575003445148468,0.012644120492041111,0.2406354397535324,0.3057117462158203,0.016097042709589005,0.23573774099349976,0.2674420475959778,0.020148910582065582,0.29642999172210693,0.44381850957870483,0.006691851653158665,0.2952675223350525,0.34286803007125854,-0.0013280613347887993,0.2921503782272339,0.28331899642944336,-0.003596177324652672,0.29236191511154175,0.2371273785829544,-0.0018893168307840824,0.32244887948036194,0.462495893239975,0.00267032184638083,0.33363837003707886,0.3775676190853119,-0.007445808965712786,0.33960801362991333,0.32371827960014343,-0.014990931376814842,0.3452090322971344,0.2804309129714966,-0.01666358672082424,0.3401680290699005,0.49434906244277954,0.001846788451075554,0.36374926567077637,0.440956711769104,-0.005233938340097666,0.3795536756515503,0.40865468978881836,-0.009284267202019691,0.3927854299545288,0.38069188594818115,-0.00962776131927967,four
0.2814522981643677,0.6605801582336426,2.8992877432187925e-08,0.2431824505329132,0.5950203537940979,0.018659424036741257,0.24465711414813995,0.5295644402503967,0.033357489854097366,0.25007760524749756,0.47590741515159607,0.047911930829286575,0.25066637992858887,0.43279892206192017,0.06303028762340546,0.26617133617401123,0.4439026415348053,0.011570466682314873,0.25328218936920166,0.3595205545425415,0.011511891148984432,0.2424183487892151,0.30757415294647217,0.014728527516126633,0.2375081479549408,0.2688125967979431,0.018408657982945442,0.29854846000671387,0.4461103081703186,0.005631894338876009,0.2965337336063385,0.34478506445884705,-0.0015319340163841844,0.2935677468776703,0.2848716378211975,-0.00405618641525507,0.2943301200866699,0.23852916061878204,-0.0030989181250333786,0.3237490952014923,0.4646797478199005,0.0020033421460539103,0.33422377705574036,0.3785860538482666,-0.008077972568571568,0.33984652161598206,0.32480093836784363,-0.016719341278076172,0.3458140194416046,0.2820890545845032,-0.019490497186779976,0.3404133915901184,0.4957650303840637,0.0016499246703460813,0.3645241856575012,0.4423462152481079,-0.0061290632002055645,0.38091492652893066,0.4109034836292267,-0.01108552236109972,0.3948173522949219,0.38343334197998047,-0.012294182553887367,four
0.281627893447876,0.6608279943466187,9.420661584158552e-09,0.24589665234088898,0.5946234464645386,0.020584717392921448,0.2485225796699524,0.5251093506813049,0.03622134402394295,0.25208279490470886,0.46842485666275024,0.051127202808856964,0.24980968236923218,0.4211553931236267,0.06611914932727814,0.2687821686267853,0.4425821602344513,0.014150732196867466,0.2548046112060547,0.3591097891330719,0.014885667711496353,0.24357791244983673,0.30817240476608276,0.018488219007849693,0.2383173406124115,0.2704871892929077,0.022377707064151764,0.29951947927474976,0.4444229006767273,0.006926590111106634,0.2979419529438019,0.34458625316619873,0.0018176417797803879,0.2950107157230377,0.2850854992866516,0.00035701505839824677,0.29543337225914,0.23968122899532318,0.0017416337504982948,0.3238268494606018,0.463352769613266,0.0018397362437099218,0.33479344844818115,0.37859997153282166,-0.007005609106272459,0.34091615676879883,0.32501354813575745,-0.015609636902809143,0.34712132811546326,0.2819068133831024,-0.018791941925883293,0.3398338556289673,0.4953792989253998,0.00012764551502186805,0.3647475838661194,0.4428896903991699,-0.007190230302512646,0.38168686628341675,0.41142532229423523,-0.012321696616709232,0.3956354260444641,0.38401755690574646,-0.013941443525254726,four
0.28226417303085327,0.6575065851211548,-5.719448803453986e-10,0.24746179580688477,0.5908544063568115,0.023908521980047226,0.2495473474264145,0.5218066573143005,0.041550397872924805,0.2533136308193207,0.46502602100372314,0.058006998151540756,0.25165829062461853,0.4181886911392212,0.0747581496834755,0.26975828409194946,0.43929991126060486,0.019626133143901825,0.25601187348365784,0.3565394878387451,0.022797802463173866,0.24488618969917297,0.3068830966949463,0.02761637419462204,0.2398916780948639,0.2698344588279724,0.03217420354485512,0.3003465533256531,0.441596120595932,0.01189794484525919,0.29897192120552063,0.34219732880592346,0.008470107801258564,0.2960222661495209,0.2836374044418335,0.007373556960374117,0.296475887298584,0.23880846798419952,0.008851739577949047,0.32479777932167053,0.46102261543273926,0.0066207475028932095,0.33590131998062134,0.37715020775794983,-9.805079571378883e-06,0.3418422341346741,0.32409781217575073,-0.007688365876674652,0.3481750190258026,0.28129318356513977,-0.010530083440244198,0.34146758913993835,0.4931381642818451,0.004963891580700874,0.36592182517051697,0.44074636697769165,0.000389883469324559,0.38261717557907104,0.4097592234611511,-0.0033276632893830538,0.39632195234298706,0.3824443817138672,-0.004243121482431889,four
0.2822854816913605,0.6586644053459167,2.9765912401558126e-08,0.24629278481006622,0.5905576348304749,0.016171712428331375,0.24940648674964905,0.5213685035705566,0.02894989214837551,0.2538137435913086,0.46244287490844727,0.04157278314232826,0.25163769721984863,0.412850558757782,0.054916542023420334,0.2701355516910553,0.44132035970687866,0.010676051490008831,0.2564706802368164,0.35771477222442627,0.009073402732610703,0.24489964544773102,0.3069121539592743,0.011042988859117031,0.23900336027145386,0.2687322199344635,0.013955963775515556,0.30056366324424744,0.4446306824684143,0.004663563799113035,0.2994742691516876,0.34438538551330566,-0.003268776461482048,0.2963980436325073,0.2849767208099365,-0.0066832685843110085,0.29657402634620667,0.23835329711437225,-0.006458134390413761,0.3250960409641266,0.46386176347732544,0.0005592185189016163,0.3374793529510498,0.37919896841049194,-0.009475510567426682,0.34430989623069763,0.32605287432670593,-0.01774892397224903,0.35055476427078247,0.28251147270202637,-0.020589739084243774,0.34200841188430786,0.4958668649196625,-0.0007023660000413656,0.3661538064479828,0.4426213502883911,-0.007730547338724136,0.3826119601726532,0.4110444486141205,-0.012043722905218601,0.3965463936328888,0.3824564218521118,-0.01305194292217493,four
0.2817314565181732,0.6582090854644775,3.06663245908112e-08,0.24535225331783295,0.5880275368690491,0.017806345596909523,0.24819403886795044,0.5184574127197266,0.03139670565724373,0.25237002968788147,0.459830641746521,0.044314153492450714,0.25095057487487793,0.41125744581222534,0.057838596403598785,0.2697966694831848,0.4409548044204712,0.013878954574465752,0.256985068321228,0.3579883575439453,0.012880408205091953,0.24569126963615417,0.30766379833221436,0.01500331237912178,0.23958365619182587,0.2698172330856323,0.018036089837551117,0.30045464634895325,0.4442410171031952,0.006978477351367474,0.3002969026565552,0.3450353741645813,1.4655031918664463e-05,0.2974187433719635,0.28580403327941895,-0.0030089004430919886,0.29746371507644653,0.2396281659603119,-0.002461421536281705,0.32538536190986633,0.4634462296962738,0.0019253459759056568,0.33759862184524536,0.3793935179710388,-0.007135644089430571,0.34426456689834595,0.3266202211380005,-0.014743112027645111,0.3501453995704651,0.2834528088569641,-0.017175795510411263,0.34274822473526,0.49555325508117676,-0.0002751405700109899,0.3668491840362549,0.44259345531463623,-0.00619190139696002,0.38316306471824646,0.4112219512462616,-0.009610481560230255,0.3968826234340668,0.3833155035972595,-0.009979498572647572,four
0.2809886634349823,0.6560684442520142,3.753830313257822e-08,0.24511660635471344,0.5857827663421631,0.01980186067521572,0.24778206646442413,0.5172467827796936,0.03413940221071243,0.25152158737182617,0.4590288996696472,0.047487255185842514,0.2505820393562317,0.41112640500068665,0.061508554965257645,0.2700575888156891,0.4407860040664673,0.016254503279924393,0.25710880756378174,0.35759076476097107,0.01682884991168976,0.24605998396873474,0.3075112998485565,0.020116230472922325,0.2405182123184204,0.26959288120269775,0.023941148072481155,0.30039751529693604,0.44338780641555786,0.009170766919851303,0.30010735988616943,0.34375447034835815,0.00275057228282094,0.2974468171596527,0.28450846672058105,0.0003316037473268807,0.2978857457637787,0.23861059546470642,0.0015912664821371436,0.3255941867828369,0.46215757727622986,0.004239674657583237,0.3375667929649353,0.3775041997432709,-0.003541139420121908,0.34432253241539,0.3246915638446808,-0.01000073179602623,0.3502645194530487,0.2818904221057892,-0.011499319225549698,0.343496710062027,0.4941284656524658,0.0023109426256269217,0.3675585091114044,0.44026631116867065,-0.0014612420927733183,0.38375145196914673,0.4085189402103424,-0.003413980361074209,0.3970356583595276,0.38066792488098145,-0.002735062036663294,four
0.28031638264656067,0.6563284397125244,3.6360606969765286e-08,0.24387475848197937,0.5830264091491699,0.017923641949892044,0.2476063370704651,0.5134340524673462,0.030992405489087105,0.2511930465698242,0.4540426731109619,0.04336118698120117,0.2506129741668701,0.40476566553115845,0.05649908632040024,0.27021682262420654,0.44070491194725037,0.013590008951723576,0.2570456266403198,0.35753703117370605,0.012446600012481213,0.2457544505596161,0.30678653717041016,0.014341340400278568,0.24005040526390076,0.2681175768375397,0.017240962013602257,0.30048510432243347,0.4438333511352539,0.006946695502847433,0.29995250701904297,0.34435224533081055,-0.00041380501352250576,0.2969323396682739,0.28461697697639465,-0.0037025809288024902,0.2970026731491089,0.23796245455741882,-0.0032154626678675413,0.3257693648338318,0.46232497692108154,0.0023582219146192074,0.33798789978027344,0.37792307138442993,-0.005590624175965786,0.34487423300743103,0.3253103494644165,-0.012108854949474335,0.3507273495197296,0.283131867647171,-0.013867411762475967,0.34374213218688965,0.49366527795791626,0.0004958033096045256,0.3678644895553589,0.44068658351898193,-0.0031457000877708197,0.3838704824447632,0.40916427969932556,-0.005213927011936903,0.39714017510414124,0.3816783130168915,-0.00474304286763072,four
0.7160914540290833,0.637359619140625,2.5155569005619327e-07,0.6735476851463318,0.6018949747085571,-0.01820811815559864,0.6533335447311401,0.5272011756896973,-0.022996777668595314,0.6895580887794495,0.4681585133075714,-0.027501175180077553,0.729243278503418,0.4526995122432709,-0.03209622949361801,0.6429078578948975,0.4364393353462219,-0.003704117378219962,0.6103758811950684,0.36536383628845215,-0.01214582473039627,0.5907962322235107,0.3235146999359131,-0.02202196791768074,0.575217068195343,0.2871825695037842,-0.03144119679927826,0.6776072978973389,0.41891488432884216,-0.006930775940418243,0.6594293117523193,0.33330437541007996,-0.012977391481399536,0.6488909125328064,0.2830926477909088,-0.023035569116473198,0.6405094861984253,0.24332216382026672,-0.031469181180000305,0.7116666436195374,0.4249987006187439,-0.013868636451661587,0.7117078900337219,0.3476191461086273,-0.02263285592198372,0.7127236723899841,0.2971920371055603,-0.0348622128367424,0.7123417258262634,0.2523930072784424,-0.044475968927145004,0.7425200343132019,0.4456198513507843,-0.023311322554945946,0.7470824718475342,0.38533276319503784,-0.03204835206270218,0.7502594590187073,0.3465369641780853,-0.037374891340732574,0.7516356706619263,0.3107752799987793,-0.04237920790910721,four
0.7095821499824524,0.6323146820068359,2.7191134677195805e-07,0.667085587978363,0.5971404314041138,-0.018750719726085663,0.646518349647522,0.5255208611488342,-0.024514414370059967,0.6811253428459167,0.46665117144584656,-0.02986370585858822,0.719977080821991,0.4509926736354828,-0.03530988097190857,0.6337881684303284,0.43472158908843994,-0.005942154675722122,0.600557804107666,0.36365947127342224,-0.015201553702354431,0.5806424617767334,0.3214331567287445,-0.025267641991376877,0.5651169419288635,0.28366684913635254,-0.03475620970129967,0.668279767036438,0.4160541892051697,-0.00910322368144989,0.6481196284294128,0.3305930197238922,-0.015837354585528374,0.6365511417388916,0.2786872386932373,-0.026030248031020164,0.6279280185699463,0.23621225357055664,-0.03456325829029083,0.702433168888092,0.42129188776016235,-0.01584896259009838,0.7016404867172241,0.34656500816345215,-0.02531001716852188,0.7033627033233643,0.29732465744018555,-0.037386488169431686,0.7040278911590576,0.25334131717681885,-0.04667890816926956,0.73350989818573,0.4413767158985138,-0.025110887363553047,0.7369799017906189,0.3819013833999634,-0.03409994766116142,0.7399153113365173,0.3444221317768097,-0.03913203999400139,0.7415163516998291,0.30959147214889526,-0.043801795691251755,four
0.7096291184425354,0.6320633888244629,2.729201469264808e-07,0.6670545339584351,0.5969902276992798,-0.018666168674826622,0.6462969183921814,0.5251368880271912,-0.02424042299389839,0.681153416633606,0.46630820631980896,-0.02941543608903885,0.7203332781791687,0.4511716663837433,-0.034699711948633194,0.6336219906806946,0.4347544014453888,-0.005797645077109337,0.6001569032669067,0.3637023866176605,-0.014958668500185013,0.5801657438278198,0.3214755058288574,-0.024983543902635574,0.5645983219146729,0.28363916277885437,-0.0344594269990921,0.6681095361709595,0.41596585512161255,-0.008944961242377758,0.6478368043899536,0.3303906321525574,-0.015510505065321922,0.6359745860099792,0.27817806601524353,-0.025647038593888283,0.6270387768745422,0.2353086620569229,-0.034172605723142624,0.7022286057472229,0.42118385434150696,-0.015675468370318413,0.7015617489814758,0.3463956117630005,-0.024996615946292877,0.7032288312911987,0.2969544231891632,-0.03714173659682274,0.7038529515266418,0.25289127230644226,-0.046506501734256744,0.7331807613372803,0.4412945508956909,-0.024922730401158333,0.7368020415306091,0.382018119096756,-0.03389160335063934,0.7397652268409729,0.3446095883846283,-0.038982417434453964,0.741417407989502,0.309941828250885,-0.04369756579399109,four
0.7087643146514893,0.633563220500946,2.692676730475796e-07,0.6661280989646912,0.5987762212753296,-0.01870018057525158,0.6451765894889832,0.5260998010635376,-0.02425326034426689,0.6798747777938843,0.466641902923584,-0.029447853565216064,0.7192278504371643,0.4516599774360657,-0.034790750592947006,0.6333392262458801,0.4358322322368622,-0.005987352691590786,0.6000180244445801,0.36472684144973755,-0.01525209192186594,0.5798993110656738,0.3225906789302826,-0.025250323116779327,0.5641893148422241,0.2848418653011322,-0.03468616306781769,0.6678358912467957,0.41684937477111816,-0.009173458442091942,0.6475017666816711,0.3308248519897461,-0.01574176363646984,0.6355752348899841,0.27837610244750977,-0.025634458288550377,0.6266021728515625,0.23537002503871918,-0.0339849479496479,0.702072262763977,0.42184552550315857,-0.0159685630351305,0.7013677954673767,0.34671658277511597,-0.025213969871401787,0.7030341029167175,0.2975245714187622,-0.03695940226316452,0.7036263942718506,0.2536773681640625,-0.04603330045938492,0.73314368724823,0.44165855646133423,-0.025319479405879974,0.7364761829376221,0.38185304403305054,-0.03394581377506256,0.7394187450408936,0.34442052245140076,-0.03864298388361931,0.7410387992858887,0.30992016196250916,-0.04311789944767952,four
0.7084724307060242,0.6338881254196167,2.7113665623801353e-07,0.6656109094619751,0.5994155406951904,-0.01889713481068611,0.6442906856536865,0.5265199542045593,-0.024452002719044685,0.6795875430107117,0.46700096130371094,-0.029587389901280403,0.7192680835723877,0.45103588700294495,-0.034864310175180435,0.6328724026679993,0.4359038770198822,-0.006194970570504665,0.5998156666755676,0.3647807240486145,-0.015476669184863567,0.5797811150550842,0.32260310649871826,-0.025619806721806526,0.5641195178031921,0.28473979234695435,-0.03523559123277664,0.6674673557281494,0.41697561740875244,-0.00929111335426569,0.6473339796066284,0.330740362405777,-0.015839358791708946,0.6354783773422241,0.27806928753852844,-0.025869155302643776,0.6265617609024048,0.23470722138881683,-0.03440903499722481,0.701586127281189,0.42209112644195557,-0.01601123996078968,0.7009833455085754,0.3465394079685211,-0.02521529048681259,0.7025963068008423,0.29710114002227783,-0.03709101304411888,0.7030985355377197,0.25303104519844055,-0.04637440666556358,0.7325243949890137,0.4421604871749878,-0.025308482348918915,0.7361120581626892,0.3823360204696655,-0.034137558192014694,0.7389874458312988,0.3447344899177551,-0.03908345475792885,0.7404153943061829,0.3099696636199951,-0.04378219321370125,four
0.7087615728378296,0.6344331502914429,2.6930436547445424e-07,0.6658504009246826,0.5991085767745972,-0.018235744908452034,0.6444797515869141,0.5261034965515137,-0.023574793711304665,0.6793291568756104,0.4663316011428833,-0.028676837682724,0.7187326550483704,0.4510517120361328,-0.03398348391056061,0.6329695582389832,0.43653327226638794,-0.00539264315739274,0.5998064279556274,0.3655877709388733,-0.014636402949690819,0.5797268152236938,0.3240336775779724,-0.024803629145026207,0.5641562938690186,0.2866172790527344,-0.0343962199985981,0.6673489212989807,0.417580783367157,-0.008767353370785713,0.6469950675964355,0.3310415744781494,-0.015191045589745045,0.6350390315055847,0.2778783142566681,-0.025202156975865364,0.6263322830200195,0.23405691981315613,-0.03373325988650322,0.7015283107757568,0.42268362641334534,-0.015734685584902763,0.7006032466888428,0.34751030802726746,-0.02470058761537075,0.702039361000061,0.298134982585907,-0.0364740714430809,0.7026208639144897,0.25395405292510986,-0.045729923993349075,0.7327408790588379,0.44273141026496887,-0.025250572711229324,0.7363061904907227,0.3832314610481262,-0.03368896245956421,0.7389535903930664,0.34558922052383423,-0.038409460335969925,0.7401865720748901,0.3106221556663513,-0.04301066696643829,four
0.7086453437805176,0.6347376704216003,2.6678975473259925e-07,0.665585994720459,0.599009096622467,-0.01771692745387554,0.6440646052360535,0.5266298651695251,-0.022822491824626923,0.6781615614891052,0.4671027362346649,-0.027830177918076515,0.7171840071678162,0.45231521129608154,-0.033042725175619125,0.6329513192176819,0.4363362193107605,-0.0043360646814107895,0.5995172262191772,0.3656036853790283,-0.013268973678350449,0.5795301198959351,0.3241862952709198,-0.023212140426039696,0.5641506910324097,0.2867570221424103,-0.032659851014614105,0.6670843958854675,0.41751453280448914,-0.00794806145131588,0.6465045809745789,0.33140265941619873,-0.01426866464316845,0.634310245513916,0.2785329222679138,-0.024272611364722252,0.6253563165664673,0.23496301472187042,-0.032751038670539856,0.7012133598327637,0.4226019084453583,-0.015146140940487385,0.7002382278442383,0.3476378917694092,-0.024117060005664825,0.7015058994293213,0.29840683937072754,-0.03597428277134895,0.7018458843231201,0.25430989265441895,-0.04521667957305908,0.7324272990226746,0.44264063239097595,-0.024845315143465996,0.7358169555664062,0.38323771953582764,-0.03323033079504967,0.7383911609649658,0.3457692861557007,-0.03797313570976257,0.7395607829093933,0.3109598159790039,-0.042560286819934845,four
0.7088567018508911,0.6348960399627686,2.6336013547734183e-07,0.6657094955444336,0.5996302962303162,-0.017872508615255356,0.6441228985786438,0.5273151993751526,-0.023073766380548477,0.6780086755752563,0.46760398149490356,-0.028116196393966675,0.7170544266700745,0.45324957370758057,-0.03335093334317207,0.6329345107078552,0.4365689754486084,-0.004620540887117386,0.5995275378227234,0.36568009853363037,-0.013612102717161179,0.5793616771697998,0.32397663593292236,-0.023678766563534737,0.5638176202774048,0.28637444972991943,-0.03326347470283508,0.6670640110969543,0.4175933599472046,-0.008195209316909313,0.6463533639907837,0.3317008912563324,-0.014651400968432426,0.6341032981872559,0.2788802981376648,-0.024838654324412346,0.6250075101852417,0.23527267575263977,-0.03348575159907341,0.7011561989784241,0.4225555658340454,-0.015337048098444939,0.700290858745575,0.3471648395061493,-0.02446308545768261,0.7016201615333557,0.2976524829864502,-0.03656277433037758,0.7019478678703308,0.25345873832702637,-0.04600173607468605,0.7323571443557739,0.44245463609695435,-0.024977728724479675,0.7358514666557312,0.3829014301300049,-0.03363821282982826,0.7384514212608337,0.3452397584915161,-0.038667626678943634,0.7396833300590515,0.31039297580718994,-0.04345596209168434,four
0.7089924812316895,0.635086178779602,2.675293444553972e-07,0.6655861735343933,0.6000906229019165,-0.017916209995746613,0.6438795924186707,0.527654230594635,-0.02312251552939415,0.6774110794067383,0.46805402636528015,-0.028158338740468025,0.716336190700531,0.4543098509311676,-0.03338206559419632,0.6329352855682373,0.4365115761756897,-0.004525509662926197,0.5995123386383057,0.3656107783317566,-0.013455333188176155,0.5793388485908508,0.3236500322818756,-0.02348955161869526,0.5638800859451294,0.28578558564186096,-0.033058807253837585,0.6670190691947937,0.417562872171402,-0.008128260262310505,0.6464112401008606,0.33164292573928833,-0.01452205702662468,0.6342108249664307,0.27864426374435425,-0.024657880887389183,0.6252115964889526,0.23495829105377197,-0.03325321525335312,0.701167106628418,0.4226032495498657,-0.015312381088733673,0.7002149224281311,0.34676578640937805,-0.02438996359705925,0.7016066312789917,0.29677480459213257,-0.0364735946059227,0.7020536065101624,0.2522776126861572,-0.04590780287981033,0.7324435114860535,0.4426690340042114,-0.025007393211126328,0.7358680963516235,0.3830128610134125,-0.033589497208595276,0.7384542226791382,0.3452500104904175,-0.03854944184422493,0.7396829128265381,0.3103901743888855,-0.043294429779052734,four
0.7092354893684387,0.6347188353538513,2.6721966150944354e-07,0.6661490201950073,0.5993545055389404,-0.01773332990705967,0.6445133090019226,0.5270013213157654,-0.023062685504555702,0.6778258681297302,0.46741539239883423,-0.028222229331731796,0.7168019413948059,0.4533773958683014,-0.033558089286088943,0.6331341862678528,0.43624135851860046,-0.004911269526928663,0.5999836325645447,0.3650912940502167,-0.014070146717131138,0.579885721206665,0.32296669483184814,-0.024174805730581284,0.564247190952301,0.2849932909011841,-0.03377967327833176,0.6672215461730957,0.41717708110809326,-0.008665177039802074,0.6467718482017517,0.3310720920562744,-0.015311182476580143,0.6347261667251587,0.27826589345932007,-0.025453632697463036,0.6256715655326843,0.23477181792259216,-0.034024354070425034,0.7014358639717102,0.42213186621665955,-0.015943698585033417,0.7007172703742981,0.34633323550224304,-0.025270601734519005,0.7024137377738953,0.2962847054004669,-0.037316277623176575,0.7029989361763,0.25174620747566223,-0.04666096717119217,0.732729971408844,0.4422593116760254,-0.025688624009490013,0.7361953258514404,0.38245633244514465,-0.0344461053609848,0.7389050126075745,0.3445819914340973,-0.03936336562037468,0.7402217388153076,0.3096771836280823,-0.044027186930179596,four
0.7089919447898865,0.6345767378807068,2.715763685046113e-07,0.6659073829650879,0.5995914340019226,-0.017844855785369873,0.6445516347885132,0.5264310836791992,-0.022968927398324013,0.6784549355506897,0.46662870049476624,-0.027971403673291206,0.7179152965545654,0.45338812470436096,-0.03316505253314972,0.6334362626075745,0.4360990524291992,-0.004537789151072502,0.6000393629074097,0.36463838815689087,-0.013538901694118977,0.5798455476760864,0.32259613275527954,-0.02350323647260666,0.5642680525779724,0.2845751643180847,-0.03300129249691963,0.6674188375473022,0.41690564155578613,-0.008215062320232391,0.6466200351715088,0.3302833139896393,-0.014646758325397968,0.6341660022735596,0.2770706117153168,-0.024663733318448067,0.62480628490448,0.23326799273490906,-0.03310168907046318,0.7016385197639465,0.42193683981895447,-0.015474649146199226,0.700889527797699,0.34617555141448975,-0.024539479985833168,0.7024415135383606,0.29640793800354004,-0.03645084798336029,0.7028756737709045,0.2521599531173706,-0.04566742107272148,0.7328915596008301,0.44208410382270813,-0.025253169238567352,0.7362685203552246,0.3821622431278229,-0.03361004590988159,0.739051878452301,0.34445464611053467,-0.03830640763044357,0.7404202222824097,0.3097227215766907,-0.04283307492733002,four
0.7096537947654724,0.6350212097167969,2.680665716070507e-07,0.6663067936897278,0.5994901657104492,-0.01774057373404503,0.6449666023254395,0.5265015959739685,-0.02305690199136734,0.6795136332511902,0.4669724702835083,-0.02833249233663082,0.7190992832183838,0.4531565308570862,-0.033896178007125854,0.6336830258369446,0.43555548787117004,-0.0050725690089166164,0.6000900268554688,0.36409205198287964,-0.014424947090446949,0.5798228979110718,0.32221293449401855,-0.02451024390757084,0.564018726348877,0.2842094898223877,-0.03409590199589729,0.6678287386894226,0.41658592224121094,-0.00903482735157013,0.6464836597442627,0.32987573742866516,-0.01601536199450493,0.633651614189148,0.27653682231903076,-0.026394957676529884,0.6239222884178162,0.23256652057170868,-0.035056162625551224,0.7020530104637146,0.422080397605896,-0.016551842913031578,0.7010261416435242,0.3473975658416748,-0.026193968951702118,0.7020898461341858,0.29815059900283813,-0.038430288434028625,0.7019910216331482,0.2536613941192627,-0.04779433459043503,0.7334418296813965,0.44256874918937683,-0.0265338197350502,0.7370746731758118,0.3825528621673584,-0.03531545773148537,0.73964524269104,0.34454429149627686,-0.0402679368853569,0.7406280040740967,0.30904585123062134,-0.04496107995510101,four
0.7100231647491455,0.6356754899024963,2.672860830443824e-07,0.6666910648345947,0.6002578139305115,-0.018083572387695312,0.6454401016235352,0.5260448455810547,-0.023238375782966614,0.6803271770477295,0.46635961532592773,-0.0282344538718462,0.7201292514801025,0.4528645873069763,-0.03346358239650726,0.6338853240013123,0.4357135593891144,-0.005296799819916487,0.6004987359046936,0.3641429841518402,-0.014598114416003227,0.5802508592605591,0.32209935784339905,-0.02462172694504261,0.56416916847229,0.2841782569885254,-0.034149691462516785,0.6682953834533691,0.4168104827404022,-0.009036453440785408,0.6470646858215332,0.32984670996665955,-0.01594039425253868,0.6340815424919128,0.2763630449771881,-0.026147812604904175,0.6239960193634033,0.23228619992733002,-0.0346369706094265,0.7026917934417725,0.4224262237548828,-0.016365351155400276,0.7016175985336304,0.3473394513130188,-0.026047291234135628,0.70291668176651,0.2979050278663635,-0.03816269710659981,0.7029916644096375,0.25319206714630127,-0.047364410012960434,0.7341795563697815,0.4428898096084595,-0.026190390810370445,0.7377198338508606,0.38246798515319824,-0.03509129211306572,0.7404399514198303,0.34439316391944885,-0.03999192640185356,0.7415660619735718,0.30887293815612793,-0.04457991570234299,four
0.7108049392700195,0.6360275745391846,2.722318299674953e-07,0.6671363711357117,0.600446879863739,-0.018303148448467255,0.6461007595062256,0.5262836813926697,-0.023603232577443123,0.6810068488121033,0.46657198667526245,-0.028717665001749992,0.7209810018539429,0.45328378677368164,-0.034035298973321915,0.6344219446182251,0.43609121441841125,-0.005371434614062309,0.600780189037323,0.36417609453201294,-0.014771777205169201,0.580594539642334,0.32171881198883057,-0.02478848770260811,0.5646069049835205,0.2835875451564789,-0.034252434968948364,0.6689634323120117,0.41683343052864075,-0.009118101559579372,0.647554874420166,0.32930898666381836,-0.016118960455060005,0.6343576908111572,0.2756330370903015,-0.026394551619887352,0.6239879131317139,0.231682687997818,-0.034850336611270905,0.7035634517669678,0.4222467541694641,-0.016474438831210136,0.7026390433311462,0.34683758020401,-0.026289213448762894,0.7040085196495056,0.2970849573612213,-0.03852153196930885,0.7040570378303528,0.25219327211380005,-0.04772450029850006,0.7351803183555603,0.4427841603755951,-0.026326967403292656,0.7388289570808411,0.38245058059692383,-0.03516187146306038,0.7416903972625732,0.34436559677124023,-0.039928801357746124,0.7428252100944519,0.30892711877822876,-0.044389091432094574,four
0.7112349271774292,0.6360346674919128,2.6998489488505584e-07,0.6675131320953369,0.6006430983543396,-0.01850488968193531,0.646001935005188,0.5275914669036865,-0.024206411093473434,0.6806944608688354,0.46823668479919434,-0.029696408659219742,0.7206236124038696,0.4542286694049835,-0.035403747111558914,0.6348803639411926,0.4360395073890686,-0.005937451962381601,0.6010956168174744,0.3641504645347595,-0.01568261720240116,0.5807919502258301,0.3214651942253113,-0.025909023359417915,0.5646278262138367,0.28315863013267517,-0.03550553321838379,0.6695454716682434,0.41687893867492676,-0.009828024543821812,0.6478581428527832,0.3292338252067566,-0.017295734956860542,0.6342147588729858,0.27543124556541443,-0.027947019785642624,0.6233090162277222,0.23139357566833496,-0.03667376562952995,0.704110324382782,0.4223438799381256,-0.017312325537204742,0.7032212615013123,0.3465609848499298,-0.027601279318332672,0.7041414976119995,0.29660868644714355,-0.04012123867869377,0.70359867811203,0.25164565443992615,-0.049486953765153885,0.7356880307197571,0.44307196140289307,-0.02727697044610977,0.7394086718559265,0.38244691491127014,-0.03644062206149101,0.7419961094856262,0.34402090311050415,-0.04138396307826042,0.7427527904510498,0.3083314299583435,-0.045969102531671524,four
0.7120521664619446,0.6364571452140808,2.7355443421583914e-07,0.6683527827262878,0.6010125279426575,-0.01851186901330948,0.6464012265205383,0.5274608731269836,-0.024151455610990524,0.6813154220581055,0.46765002608299255,-0.029572471976280212,0.7217159271240234,0.45334067940711975,-0.03515896573662758,0.6353578567504883,0.4361025393009186,-0.005954213440418243,0.6017400026321411,0.3639909625053406,-0.01572291925549507,0.5814809799194336,0.32122373580932617,-0.0259642843157053,0.5651368498802185,0.2829408049583435,-0.0355403795838356,0.6701699495315552,0.41688981652259827,-0.009786305017769337,0.6489818692207336,0.3291514217853546,-0.01719466596841812,0.6354141235351562,0.27496010065078735,-0.027714064344763756,0.6244772672653198,0.2305430769920349,-0.036322034895420074,0.7046982645988464,0.42238298058509827,-0.017222926020622253,0.7039035558700562,0.34658586978912354,-0.027421483770012856,0.7049098610877991,0.29628652334213257,-0.039766669273376465,0.7045601010322571,0.2510566711425781,-0.04897478595376015,0.7362110614776611,0.443067729473114,-0.02716117352247238,0.7401386499404907,0.3823593258857727,-0.036226287484169006,0.7428586483001709,0.34382542967796326,-0.04100024700164795,0.7437983155250549,0.30827122926712036,-0.04541238024830818,four
0.7123041749000549,0.6363377571105957,2.7639660515887954e-07,0.6685843467712402,0.6004934310913086,-0.018238792195916176,0.6471893191337585,0.5271450281143188,-0.023925984278321266,0.6823235154151917,0.4677276611328125,-0.029487846419215202,0.7225053906440735,0.45320385694503784,-0.03530697524547577,0.6359664797782898,0.4358140826225281,-0.005624281242489815,0.6021322011947632,0.3639184832572937,-0.015587828122079372,0.5816856622695923,0.3210822343826294,-0.026120223104953766,0.5653029680252075,0.2827455997467041,-0.03590332344174385,0.6707667112350464,0.41658031940460205,-0.009666127152740955,0.6498081088066101,0.3286716043949127,-0.017242616042494774,0.6360820531845093,0.2743144631385803,-0.028132984414696693,0.6249774098396301,0.22963732481002808,-0.03706711530685425,0.7052484154701233,0.42200767993927,-0.017290214076638222,0.704497754573822,0.34574031829833984,-0.027512457221746445,0.705233097076416,0.2950372099876404,-0.04010689631104469,0.7046698331832886,0.24950054287910461,-0.04959876090288162,0.7365949749946594,0.44270625710487366,-0.027394579723477364,0.7407152652740479,0.38210582733154297,-0.03652657940983772,0.7434325814247131,0.34342288970947266,-0.041439544409513474,0.7443811297416687,0.30766284465789795,-0.046007007360458374,four
0.712502658367157,0.6355356574058533,2.777436236556241e-07,0.6688899993896484,0.6000691652297974,-0.018365297466516495,0.6470121145248413,0.5270644426345825,-0.024127723649144173,0.6818028092384338,0.4681246280670166,-0.029756564646959305,0.7219910621643066,0.45327821373939514,-0.03560679405927658,0.6363340020179749,0.43525901436805725,-0.005978747736662626,0.6024847626686096,0.3630470633506775,-0.016149314120411873,0.5822837948799133,0.31997817754745483,-0.02668352983891964,0.5660620331764221,0.2815859019756317,-0.03639823943376541,0.6711141467094421,0.4161485433578491,-0.009992808103561401,0.6502782106399536,0.32800984382629395,-0.01777942106127739,0.6363770961761475,0.2736460566520691,-0.0286258477717638,0.624985933303833,0.22911684215068817,-0.03745054826140404,0.7055521011352539,0.4216756224632263,-0.01760491356253624,0.7047731280326843,0.34586411714553833,-0.02798684686422348,0.705785870552063,0.29516172409057617,-0.04045860469341278,0.7054957151412964,0.24961304664611816,-0.049777861684560776,0.7368028163909912,0.4424935579299927,-0.02771162800490856,0.7408319115638733,0.3817439079284668,-0.036871787160634995,0.7436387538909912,0.3431853652000427,-0.04166879132390022,0.7446534037590027,0.30750608444213867,-0.04610788822174072,four
0.7128688097000122,0.6364641189575195,2.7113844680570764e-07,0.6692695021629333,0.6008039712905884,-0.018140530213713646,0.6470666527748108,0.5273683071136475,-0.023755226284265518,0.6816927194595337,0.4680190682411194,-0.02924034744501114,0.7217156887054443,0.4530004560947418,-0.03495923429727554,0.6365630626678467,0.4350522756576538,-0.005841641221195459,0.6028922200202942,0.3628229796886444,-0.015811029821634293,0.5826730132102966,0.3198627531528473,-0.026221631094813347,0.5663085579872131,0.28156614303588867,-0.03590499237179756,0.6714229583740234,0.41608524322509766,-0.009896565228700638,0.6508035659790039,0.32830387353897095,-0.017595408484339714,0.6369127035140991,0.27431386709213257,-0.02834867499768734,0.6254068613052368,0.23013989627361298,-0.0371212512254715,0.705796480178833,0.4216836094856262,-0.017517035827040672,0.7049787044525146,0.3461710214614868,-0.027818787842988968,0.7059727311134338,0.29578229784965515,-0.04012118652462959,0.7056642174720764,0.25044944882392883,-0.04933927208185196,0.7369530200958252,0.44244420528411865,-0.02761426568031311,0.7408069372177124,0.38142451643943787,-0.03673010319471359,0.7436172366142273,0.3428584337234497,-0.04146210476756096,0.7447022795677185,0.3072269558906555,-0.04586009681224823,four
0.718222975730896,0.5794543027877808,4.3752785927608784e-07,0.7500113844871521,0.49928727746009827,0.01399639155715704,0.7451959848403931,0.4398871958255768,0.015741746872663498,0.7226865291595459,0.4046241044998169,0.015772785991430283,0.6985928416252136,0.3852458596229553,0.013910740613937378,0.7324860095977783,0.40105608105659485,-0.015359246172010899,0.740125834941864,0.30865001678466797,-0.027122635394334793,0.7419279217720032,0.2544211149215698,-0.03126773238182068,0.7430150508880615,0.21406695246696472,-0.03250570967793465,0.6999539136886597,0.4083259105682373,-0.025294646620750427,0.6951477527618408,0.30675411224365234,-0.03644658625125885,0.6885871887207031,0.2474505752325058,-0.040986936539411545,0.6826522946357727,0.2039029747247696,-0.043525565415620804,0.6697684526443481,0.42853835225105286,-0.03235809504985809,0.6445716619491577,0.34950512647628784,-0.04052363336086273,0.6303474307060242,0.3015798330307007,-0.0472438670694828,0.6223074197769165,0.2670558989048004,-0.05168132856488228,0.6465288996696472,0.45638132095336914,-0.03692817687988281,0.6236684918403625,0.39925727248191833,-0.04404384642839432,0.6113709807395935,0.365306556224823,-0.04773759841918945,0.6035900115966797,0.3364321291446686,-0.04956228658556938,four
0.7162622809410095,0.5709521770477295,4.3572092067734047e-07,0.737252950668335,0.48828956484794617,0.01176997646689415,0.7255121469497681,0.4292599856853485,0.009633385576307774,0.6964701414108276,0.40570327639579773,0.005016027018427849,0.6682964563369751,0.39834168553352356,-0.0021820294205099344,0.7213971018791199,0.3979305922985077,-0.01776299811899662,0.7263608574867249,0.3094468414783478,-0.03272360935807228,0.7260605692863464,0.25697606801986694,-0.03991064429283142,0.7254000902175903,0.2173975110054016,-0.043572764843702316,0.6923159956932068,0.4067354202270508,-0.02962997741997242,0.6835393309593201,0.31015390157699585,-0.04197728633880615,0.6751023530960083,0.2528831362724304,-0.048418737947940826,0.6677483916282654,0.21068549156188965,-0.05297786742448807,0.6642314195632935,0.4291248321533203,-0.03927617147564888,0.6358293294906616,0.35196077823638916,-0.04910537973046303,0.6190232038497925,0.3038698732852936,-0.05846835672855377,0.608163595199585,0.26705318689346313,-0.06534021347761154,0.6413365602493286,0.4587290287017822,-0.04666944593191147,0.6155723929405212,0.40566086769104004,-0.056188080459833145,0.6001056432723999,0.3719271421432495,-0.06219000741839409,0.5881579518318176,0.34151169657707214,-0.06620681285858154,four
0.7165103554725647,0.5718697309494019,4.308827783461311e-07,0.7373337149620056,0.48948416113853455,0.01185869611799717,0.7255957722663879,0.42965564131736755,0.00993940606713295,0.6965094804763794,0.40563374757766724,0.005519979167729616,0.6680877804756165,0.3981964588165283,-0.0014756338205188513,0.721173882484436,0.3980535864830017,-0.017205916345119476,0.7256353497505188,0.30970779061317444,-0.031839556992053986,0.7251304388046265,0.2573903203010559,-0.03881692886352539,0.7243371605873108,0.21804839372634888,-0.042366448789834976,0.6921648979187012,0.4068334102630615,-0.02905694581568241,0.6834359169006348,0.3107340335845947,-0.041203178465366364,0.6750434041023254,0.25341951847076416,-0.047632839530706406,0.6676050424575806,0.21141891181468964,-0.05219362676143646,0.6642263531684875,0.42937254905700684,-0.038701124489307404,0.6358253955841064,0.3519444465637207,-0.04846759885549545,0.6191472411155701,0.30399736762046814,-0.05793651193380356,0.6081798076629639,0.26762473583221436,-0.06487058103084564,0.6414320468902588,0.4592476189136505,-0.046065837144851685,0.6157451272010803,0.40605810284614563,-0.05568151921033859,0.6002925634384155,0.3720664978027344,-0.061879076063632965,0.5881049036979675,0.3415430188179016,-0.0660148486495018,four
0.7171223163604736,0.5735689997673035,4.325236204749672e-07,0.7378292083740234,0.49126768112182617,0.01213930081576109,0.7255035042762756,0.43102630972862244,0.010423451662063599,0.6962154507637024,0.4066265821456909,0.006160395219922066,0.6679717302322388,0.3992079794406891,-0.0006731580942869186,0.7212004065513611,0.3991926610469818,-0.01680668257176876,0.7253695130348206,0.310561865568161,-0.031415242701768875,0.7249295115470886,0.25803130865097046,-0.03836119920015335,0.7243056297302246,0.21871404349803925,-0.04183708131313324,0.6920148730278015,0.40772053599357605,-0.02880104072391987,0.6831737160682678,0.31072860956192017,-0.040940333157777786,0.6748118996620178,0.25293225049972534,-0.047287363559007645,0.6675521731376648,0.2108546495437622,-0.05167091637849808,0.6639638543128967,0.4302220940589905,-0.03858991712331772,0.63551926612854,0.3522588312625885,-0.04834602773189545,0.618845522403717,0.30363425612449646,-0.05787824094295502,0.6079592704772949,0.26686662435531616,-0.0647779256105423,0.6412032842636108,0.4603864848613739,-0.04607373848557472,0.6154586672782898,0.4065770208835602,-0.05570301041007042,0.5997006297111511,0.3721550405025482,-0.06195364519953728,0.5872485637664795,0.3414039611816406,-0.06607826799154282,four
0.7166281938552856,0.5736194252967834,4.321884432556544e-07,0.7373061180114746,0.490744948387146,0.01286251749843359,0.7253173589706421,0.4314911663532257,0.011405838653445244,0.6970827579498291,0.4070148468017578,0.007206625770777464,0.6691626906394958,0.3992159068584442,0.00044163005077280104,0.7208771109580994,0.3987073600292206,-0.015968672931194305,0.7254694700241089,0.3107401132583618,-0.030639132484793663,0.7250921726226807,0.25843727588653564,-0.037754736840724945,0.7245811223983765,0.21898892521858215,-0.04135749489068985,0.6919312477111816,0.40708014369010925,-0.028332291170954704,0.6831298470497131,0.310319185256958,-0.040720343589782715,0.6747027635574341,0.2524828314781189,-0.04722342640161514,0.667497456073761,0.2100248783826828,-0.051698073744773865,0.6639149188995361,0.42955997586250305,-0.03844938054680824,0.6355130076408386,0.35211801528930664,-0.04837418347597122,0.6186251044273376,0.3039860427379608,-0.05773963779211044,0.6077070236206055,0.2672545909881592,-0.06446217745542526,0.6409285068511963,0.4599805772304535,-0.046230532228946686,0.6150296926498413,0.4065910577774048,-0.05576368421316147,0.5991143584251404,0.37281256914138794,-0.0616694800555706,0.5866040587425232,0.3421894907951355,-0.0655103474855423,four
0.7162481546401978,0.5722693204879761,4.241849183017621e-07,0.7369912266731262,0.4898904263973236,0.012591051869094372,0.7255331873893738,0.4306993782520294,0.011087257415056229,0.6975153684616089,0.40594908595085144,0.006874915212392807,0.6696910858154297,0.39809831976890564,2.5360830477438867e-05,0.7204629182815552,0.3989022970199585,-0.016186993569135666,0.7254198789596558,0.31089383363723755,-0.03043406642973423,0.7250947952270508,0.25908899307250977,-0.0371260829269886,0.7245547771453857,0.22012771666049957,-0.04050704836845398,0.6913977265357971,0.40715453028678894,-0.028269261121749878,0.682763397693634,0.3113330006599426,-0.04036211967468262,0.6742963194847107,0.2542702257633209,-0.04666445031762123,0.6669936776161194,0.21258793771266937,-0.051113732159137726,0.6634864211082458,0.42946240305900574,-0.03810974955558777,0.635405421257019,0.3521631062030792,-0.047852665185928345,0.618492841720581,0.30430400371551514,-0.05735349655151367,0.6073173880577087,0.26802265644073486,-0.06430093199014664,0.6408059000968933,0.4594935476779938,-0.04560869559645653,0.6151382327079773,0.4068366289138794,-0.05517116189002991,0.5993888974189758,0.37337398529052734,-0.061353933066129684,0.5869082808494568,0.34326493740081787,-0.06548313796520233,four
0.7164559364318848,0.5711613893508911,4.335290100243583e-07,0.7378991842269897,0.4895012378692627,0.011761044152081013,0.7267310619354248,0.4302941858768463,0.009688976220786572,0.6984153985977173,0.4051561951637268,0.0051855286583304405,0.6704846024513245,0.39691370725631714,-0.0019135306356474757,0.7206895351409912,0.3990996181964874,-0.018016047775745392,0.7253535389900208,0.31107786297798157,-0.032872214913368225,0.7250562310218811,0.2587275505065918,-0.039988841861486435,0.7244199514389038,0.2197267860174179,-0.0435652919113636,0.6913036704063416,0.4078284800052643,-0.02976369671523571,0.6825637817382812,0.31141650676727295,-0.042249660938978195,0.6742536425590515,0.253850519657135,-0.04881644994020462,0.6670403480529785,0.21219724416732788,-0.05341996252536774,0.663252055644989,0.4301801919937134,-0.0392301082611084,0.6353168487548828,0.35223275423049927,-0.04919493570923805,0.6186144351959229,0.3039543032646179,-0.05879224091768265,0.607721745967865,0.267747163772583,-0.06579247117042542,0.6406542658805847,0.459891676902771,-0.04638693109154701,0.61517333984375,0.4065546691417694,-0.05606966093182564,0.5996387600898743,0.372579425573349,-0.06229512020945549,0.5874132513999939,0.3420448303222656,-0.06642165780067444,four
0.7170330286026001,0.5728209614753723,4.3444077846288565e-07,0.7388230562210083,0.49164506793022156,0.012128634378314018,0.727389395236969,0.4321034848690033,0.010584075935184956,0.6992936134338379,0.40615561604499817,0.00652574235573411,0.6713173389434814,0.397909939289093,-0.00013004490756429732,0.7211524844169617,0.3996916711330414,-0.016998417675495148,0.7256661653518677,0.3116319179534912,-0.03145410120487213,0.7251214981079102,0.2590950131416321,-0.03840399533510208,0.7242316007614136,0.22006109356880188,-0.04191441833972931,0.6916332840919495,0.40823230147361755,-0.028842836618423462,0.6827002763748169,0.3119344115257263,-0.04127125442028046,0.674218475818634,0.25407248735427856,-0.04794299975037575,0.6667472124099731,0.21205416321754456,-0.052526652812957764,0.6634534001350403,0.43062588572502136,-0.038383688777685165,0.6354295611381531,0.35276442766189575,-0.048344146460294724,0.6187778115272522,0.30439603328704834,-0.05794769898056984,0.6078217029571533,0.26800188422203064,-0.06482676416635513,0.6406379342079163,0.46072202920913696,-0.045588329434394836,0.615325391292572,0.40703505277633667,-0.05518333241343498,0.5998400449752808,0.37278321385383606,-0.061289627104997635,0.5876404047012329,0.34203335642814636,-0.06524156779050827,four
0.7174898386001587,0.5740681290626526,4.268905513526988e-07,0.7379132509231567,0.49139630794525146,0.012915071099996567,0.7258434891700745,0.43262234330177307,0.011667926795780659,0.6978589296340942,0.4083307087421417,0.007634243927896023,0.6701560616493225,0.4006328284740448,0.0009729965822771192,0.7212508320808411,0.3992167115211487,-0.015178446657955647,0.7257385849952698,0.31188368797302246,-0.029215319082140923,0.7250997424125671,0.2600541412830353,-0.03614628314971924,0.7242162227630615,0.22105656564235687,-0.03973676264286041,0.6919654011726379,0.4072917401790619,-0.02739708125591278,0.6829889416694641,0.312247097492218,-0.039050716906785965,0.6743505597114563,0.2553940415382385,-0.04543023556470871,0.6669737696647644,0.21374374628067017,-0.04996686428785324,0.6638187766075134,0.4296122193336487,-0.037381164729595184,0.6359407901763916,0.3525790870189667,-0.04669251665472984,0.6192644238471985,0.30495914816856384,-0.056001216173172,0.6084126830101013,0.2686837911605835,-0.06283330917358398,0.6407070159912109,0.4600662887096405,-0.045046962797641754,0.6152123212814331,0.4068966209888458,-0.05422060936689377,0.599548876285553,0.3733270764350891,-0.0600527785718441,0.5873193740844727,0.3429716229438782,-0.06387728452682495,four
0.7175425887107849,0.5732547044754028,4.226901921811077e-07,0.7372018098831177,0.49048471450805664,0.013681503012776375,0.724683403968811,0.4321240484714508,0.013017350807785988,0.6966472864151001,0.40925925970077515,0.009416419081389904,0.6690957546234131,0.4024730324745178,0.003229490714147687,0.720421314239502,0.3984551429748535,-0.013642607256770134,0.7248882055282593,0.31205475330352783,-0.027258375659585,0.7245122790336609,0.261052668094635,-0.03380396217107773,0.7241711616516113,0.2224004715681076,-0.03712160512804985,0.6915786862373352,0.40604808926582336,-0.026050986722111702,0.6829624772071838,0.31144100427627563,-0.03732476755976677,0.6745866537094116,0.25510460138320923,-0.043256886303424835,0.667624294757843,0.2135596126317978,-0.047423701733350754,0.6637319922447205,0.42824259400367737,-0.03626694902777672,0.6358692049980164,0.35205212235450745,-0.045369911938905716,0.6191209554672241,0.305038720369339,-0.05448216572403908,0.608312726020813,0.2688104212284088,-0.06112782284617424,0.6407785415649414,0.4589258134365082,-0.04411769658327103,0.6151986718177795,0.4068320691585541,-0.053262896835803986,0.5994020104408264,0.37396204471588135,-0.05908047407865524,0.5870867371559143,0.34410807490348816,-0.0628650039434433,four
0.7180731892585754,0.5742315053939819,4.2154928792115243e-07,0.7373327016830444,0.49105268716812134,0.013749619945883751,0.7247364521026611,0.43271583318710327,0.013010158203542233,0.6965767741203308,0.4099925756454468,0.009257033467292786,0.6687079668045044,0.4037235379219055,0.002866403665393591,0.7203203439712524,0.39958083629608154,-0.013401049189269543,0.7245999574661255,0.3124333620071411,-0.026945404708385468,0.723818838596344,0.2610730528831482,-0.033513426780700684,0.722898542881012,0.2220478057861328,-0.03685148060321808,0.6917378902435303,0.4075930118560791,-0.025876734405755997,0.6827031970024109,0.31285274028778076,-0.03703025355935097,0.6735419631004333,0.25628048181533813,-0.04299541190266609,0.6656451225280762,0.2143888622522354,-0.047246649861335754,0.6639929413795471,0.4298193156719208,-0.036157090216875076,0.6360538005828857,0.3531608283519745,-0.04502497985959053,0.6190869808197021,0.3059691786766052,-0.054008226841688156,0.6079720854759216,0.26967841386795044,-0.060600973665714264,0.6408008337020874,0.4602336585521698,-0.04409773275256157,0.6150391101837158,0.4076578915119171,-0.052856769412755966,0.5990334153175354,0.3745262920856476,-0.05842282995581627,0.5865641832351685,0.3446168899536133,-0.06206898391246796,four
0.7273471355438232,0.5798776149749756,4.23906641344729e-07,0.7470632791519165,0.4963805079460144,0.013493942096829414,0.7350166440010071,0.4389773905277252,0.01296030543744564,0.7077013850212097,0.4143349826335907,0.009477472864091396,0.68120938539505,0.406046986579895,0.0033915501553565264,0.7287754416465759,0.4072968661785126,-0.01341318991035223,0.7338812351226807,0.3222537636756897,-0.02707398124039173,0.7333178520202637,0.2716202139854431,-0.033318892121315,0.732809841632843,0.23272497951984406,-0.03641483187675476,0.7011976838111877,0.41462889313697815,-0.02590138651430607,0.6919346451759338,0.3200085163116455,-0.03841310366988182,0.6827824115753174,0.26304328441619873,-0.044471729546785355,0.6754031181335449,0.220998615026474,-0.04840678349137306,0.6739887595176697,0.43684089183807373,-0.036252859979867935,0.6458815932273865,0.3611578047275543,-0.046714868396520615,0.6285154819488525,0.31376856565475464,-0.05566888675093651,0.6172713041305542,0.27747994661331177,-0.06168702244758606,0.6509333848953247,0.4678489863872528,-0.044222671538591385,0.6252028346061707,0.41392984986305237,-0.054345566779375076,0.6093012094497681,0.3798358738422394,-0.06028468534350395,0.596748948097229,0.3494821786880493,-0.06390590220689774,four
0.7268089652061462,0.5798429846763611,4.2903502617264166e-07,0.7464322447776794,0.497694194316864,0.01363606471568346,0.7345284819602966,0.43995583057403564,0.013198836706578732,0.7069509029388428,0.41452205181121826,0.009988629259169102,0.6799100041389465,0.4062612056732178,0.0043528880923986435,0.728448748588562,0.4088694453239441,-0.014660181477665901,0.7325676679611206,0.3228948414325714,-0.028587985783815384,0.7313319444656372,0.27176952362060547,-0.034516096115112305,0.7305215001106262,0.23338933289051056,-0.037204086780548096,0.7007759213447571,0.41687843203544617,-0.02714679017663002,0.690636396408081,0.32075580954551697,-0.04043314605951309,0.6812558174133301,0.26297491788864136,-0.046547386795282364,0.6740208864212036,0.22101272642612457,-0.05021768435835838,0.6732978820800781,0.43915772438049316,-0.03734616935253143,0.6448740363121033,0.36328673362731934,-0.04847881570458412,0.6282804608345032,0.3146815896034241,-0.0577518530189991,0.6180656552314758,0.2776821255683899,-0.06373164802789688,0.6496744155883789,0.46988821029663086,-0.045037392526865005,0.6239162087440491,0.4167623221874237,-0.055442437529563904,0.6079087257385254,0.38251030445098877,-0.06155851483345032,0.5955454111099243,0.3519527316093445,-0.06517726927995682,four
0.7264598608016968,0.577300488948822,4.28080511483131e-07,0.7455765008926392,0.49533867835998535,0.013374913483858109,0.7336803674697876,0.4387514889240265,0.012787091545760632,0.7064165472984314,0.4142422676086426,0.009495758451521397,0.6798807978630066,0.40639469027519226,0.0038288829382508993,0.7282550930976868,0.4080420136451721,-0.014416307210922241,0.7322587966918945,0.32275551557540894,-0.028260640799999237,0.7309263348579407,0.27192994952201843,-0.03425799682736397,0.7301493883132935,0.23384308815002441,-0.036955878138542175,0.7003541588783264,0.4161209762096405,-0.026595624163746834,0.6901717782020569,0.3210144639015198,-0.03971724212169647,0.6811916828155518,0.26383018493652344,-0.045675285160541534,0.6743756532669067,0.2223721742630005,-0.04917814955115318,0.6728062629699707,0.438192218542099,-0.03653731942176819,0.6448779702186584,0.36264562606811523,-0.047389592975378036,0.628628671169281,0.3141414523124695,-0.056421034038066864,0.6185513734817505,0.2770498991012573,-0.062217481434345245,0.649544358253479,0.4684903621673584,-0.04402279481291771,0.624127209186554,0.4162079095840454,-0.05416138470172882,0.6081638932228088,0.38223087787628174,-0.060030143707990646,0.5957084894180298,0.3517957031726837,-0.06342048197984695,four
0.727655291557312,0.5785881876945496,4.3907803615184093e-07,0.7463359236717224,0.49589091539382935,0.012789534404873848,0.7333264350891113,0.4385034441947937,0.011795404367148876,0.7052750587463379,0.415753573179245,0.007966387085616589,0.6783008575439453,0.40945327281951904,0.0017385924002155662,0.7286118268966675,0.40770745277404785,-0.013568231835961342,0.7321537137031555,0.3226027488708496,-0.027187740430235863,0.7309096455574036,0.2720133662223816,-0.0333290733397007,0.7302132248878479,0.23422612249851227,-0.03617476671934128,0.7002180814743042,0.41538894176483154,-0.025601603090763092,0.689877986907959,0.3216569721698761,-0.03810098394751549,0.6813166737556458,0.2647136449813843,-0.044037170708179474,0.6748210787773132,0.22371727228164673,-0.04762027785181999,0.6724631786346436,0.43732547760009766,-0.035572558641433716,0.6448279023170471,0.36186012625694275,-0.045751143246889114,0.6289705634117126,0.3136707842350006,-0.05486480891704559,0.6189072728157043,0.2770993113517761,-0.060856375843286514,0.649268627166748,0.46764665842056274,-0.0432182140648365,0.6241545081138611,0.4162304997444153,-0.0528285950422287,0.608117401599884,0.38274073600769043,-0.0586593933403492,0.5953600406646729,0.3531455397605896,-0.062073301523923874,four
0.7278810143470764,0.5803132057189941,4.339394195085333e-07,0.7479069828987122,0.49689981341362,0.013876333832740784,0.7351471185684204,0.4390029311180115,0.013855825178325176,0.7072915434837341,0.4146079421043396,0.010937974788248539,0.6806033849716187,0.40722155570983887,0.005661163944751024,0.7302359342575073,0.4081377685070038,-0.012263313867151737,0.7339056730270386,0.32350170612335205,-0.02538151666522026,0.732886791229248,0.27289479970932007,-0.031167980283498764,0.7323687076568604,0.23489902913570404,-0.03381602093577385,0.7018275260925293,0.4151744842529297,-0.024488354101777077,0.6915495991706848,0.3210894465446472,-0.03700382634997368,0.6830560564994812,0.26316189765930176,-0.04290391132235527,0.6764891743659973,0.22103825211524963,-0.04635319486260414,0.6740289926528931,0.43683695793151855,-0.03453041613101959,0.6457836031913757,0.3615908920764923,-0.04485149681568146,0.6296736001968384,0.31324800848960876,-0.05384064465761185,0.6195089221000671,0.27636998891830444,-0.05958764627575874,0.6507681608200073,0.467272013425827,-0.04212240129709244,0.6253138780593872,0.41562628746032715,-0.05191905423998833,0.6092002391815186,0.3820970356464386,-0.05774809047579765,0.5963780879974365,0.3522797226905823,-0.061059027910232544,four
0.7282132506370544,0.57974773645401,4.292559481200442e-07,0.7470300197601318,0.4971252679824829,0.013657023198902607,0.7356038093566895,0.4395779073238373,0.013242910616099834,0.7082756757736206,0.41461873054504395,0.010113709606230259,0.6819950342178345,0.4065188467502594,0.004554936662316322,0.7280393838882446,0.40993252396583557,-0.014099623076617718,0.73209547996521,0.3249315619468689,-0.02770351804792881,0.7310466170310974,0.27437400817871094,-0.03340188041329384,0.7305437922477722,0.23651696741580963,-0.03589698299765587,0.7004735469818115,0.41761013865470886,-0.02638285607099533,0.6905323266983032,0.3226000666618347,-0.03919299319386482,0.6816392540931702,0.26526588201522827,-0.04480624943971634,0.6749323010444641,0.22399933636188507,-0.048090480268001556,0.673456609249115,0.4396543502807617,-0.036430347710847855,0.6461318731307983,0.36302343010902405,-0.047237686812877655,0.6297668814659119,0.31435084342956543,-0.05625822767615318,0.6195248365402222,0.2772091031074524,-0.06207630783319473,0.6506852507591248,0.4701840281486511,-0.043951328843832016,0.6248441338539124,0.4183259606361389,-0.05444137379527092,0.608407735824585,0.38459810614585876,-0.060590747743844986,0.5953938364982605,0.3545994758605957,-0.06411716341972351,four
0.7273826003074646,0.5781723856925964,4.460319757981779e-07,0.7446550130844116,0.4952320456504822,0.011975107714533806,0.7323464155197144,0.4382078945636749,0.010459723882377148,0.7039517760276794,0.41546449065208435,0.0062355599366128445,0.6770980954170227,0.40912970900535583,-0.0003933807893190533,0.7273674011230469,0.40989065170288086,-0.014299469068646431,0.7315090894699097,0.3250758945941925,-0.02823612280189991,0.7300958633422852,0.2746264338493347,-0.03437015414237976,0.7292026281356812,0.23694197833538055,-0.03713902086019516,0.6999924182891846,0.4181407690048218,-0.02618243545293808,0.6897944808006287,0.3245566189289093,-0.039062146097421646,0.6807785630226135,0.26779377460479736,-0.04490629583597183,0.6739590167999268,0.2268178015947342,-0.04835714399814606,0.6728439331054688,0.44050726294517517,-0.036125507205724716,0.6455608010292053,0.36452651023864746,-0.04683295637369156,0.6294732689857483,0.316186785697937,-0.055710721760988235,0.6193517446517944,0.27956873178482056,-0.061348456889390945,0.6495460271835327,0.47101467847824097,-0.043787986040115356,0.6241296529769897,0.41870248317718506,-0.05373239889740944,0.608008623123169,0.3843584954738617,-0.0594438761472702,0.5953282117843628,0.3543859124183655,-0.06267391890287399,four
0.7280795574188232,0.5791655778884888,4.280283576463262e-07,0.7457045316696167,0.4964737296104431,0.013577187433838844,0.7336791157722473,0.43930989503860474,0.013156179338693619,0.7062163352966309,0.414253830909729,0.009904037229716778,0.6801686882972717,0.40559351444244385,0.004219735972583294,0.72794109582901,0.4102080166339874,-0.013043243438005447,0.7317876815795898,0.3258442282676697,-0.02635282278060913,0.7303786873817444,0.275320827960968,-0.03215866535902023,0.7292550206184387,0.23792335391044617,-0.03465116024017334,0.7002630829811096,0.4184299111366272,-0.02522883005440235,0.6898840069770813,0.32497715950012207,-0.0375070758163929,0.6805354356765747,0.2684573531150818,-0.042962998151779175,0.6732592582702637,0.22824253141880035,-0.046113017946481705,0.6728432774543762,0.44047093391418457,-0.035258699208498,0.6459150910377502,0.36441656947135925,-0.04519352689385414,0.6298772096633911,0.31623759865760803,-0.05346473678946495,0.619810163974762,0.2799699306488037,-0.05874341353774071,0.6492831707000732,0.47094637155532837,-0.04287180304527283,0.6238110065460205,0.41847240924835205,-0.05199301615357399,0.6078193783760071,0.3844766914844513,-0.05704881623387337,0.5954005122184753,0.3545924127101898,-0.05978327989578247,four
0.7506088018417358,0.6125993728637695,1.9063614331571443e-07,0.6959371566772461,0.5829383730888367,-0.01513642817735672,0.6496208906173706,0.5289753675460815,-0.020997777581214905,0.6216168403625488,0.47823894023895264,-0.026438048109412193,0.5994868874549866,0.43749669194221497,-0.03092801757156849,0.6894065141677856,0.43188586831092834,-0.002360137179493904,0.6689443588256836,0.3644636273384094,-0.012685397639870644,0.6574172973632812,0.3277978301048279,-0.02315761148929596,0.647777259349823,0.294603168964386,-0.03164895996451378,0.7216943502426147,0.4203910827636719,-0.006713521666824818,0.7089108824729919,0.34494978189468384,-0.014095695689320564,0.7018674612045288,0.30100032687187195,-0.02329658344388008,0.6955028772354126,0.2636202573776245,-0.03109711967408657,0.7530564665794373,0.4257998466491699,-0.014634297229349613,0.7538098096847534,0.3552907705307007,-0.025093620643019676,0.7545017004013062,0.3114846348762512,-0.032155778259038925,0.7534081339836121,0.2725737988948822,-0.03789940103888512,0.7832144498825073,0.4450893998146057,-0.024403110146522522,0.7884936332702637,0.39205947518348694,-0.034567948430776596,0.7917026281356812,0.3571556806564331,-0.03758995980024338,0.7935901880264282,0.32396963238716125,-0.03991475701332092,hello
0.7538329362869263,0.6181076169013977,1.999699179577874e-07,0.6986889243125916,0.5881649255752563,-0.01654934696853161,0.6516996026039124,0.534004271030426,-0.024453600868582726,0.6225246787071228,0.4858573377132416,-0.03168369457125664,0.5956566333770752,0.4503682553768158,-0.03868205100297928,0.6922554969787598,0.4342597424983978,-0.008148401975631714,0.6705815196037292,0.36561888456344604,-0.02074912004172802,0.6578387022018433,0.32720252871513367,-0.0333656445145607,0.6469327807426453,0.29084354639053345,-0.043615683913230896,0.7240866422653198,0.42203760147094727,-0.012968052178621292,0.7101521492004395,0.3427470922470093,-0.022722391411662102,0.7022652626037598,0.2950860559940338,-0.03397310525178909,0.6953328251838684,0.254486083984375,-0.04337209463119507,0.7555952072143555,0.429280549287796,-0.021087847650051117,0.7580980658531189,0.35453832149505615,-0.03353267163038254,0.759300708770752,0.3079291880130768,-0.04264506325125694,0.7586820721626282,0.2661210894584656,-0.049897417426109314,0.7861489057540894,0.4505922198295593,-0.031007088720798492,0.7927773594856262,0.3947225511074066,-0.04288606345653534,0.7963799238204956,0.35792726278305054,-0.04709101840853691,0.7983787655830383,0.3223441243171692,-0.05041911453008652,hello
0.759064257144928,0.6094719171524048,2.2809243205301755e-07,0.7056658267974854,0.5777639150619507,-0.016834158450365067,0.6590567827224731,0.5273262858390808,-0.02596038021147251,0.628601610660553,0.4823892414569855,-0.03434146195650101,0.6007695198059082,0.4490985870361328,-0.042628102004528046,0.6990859508514404,0.4252769649028778,-0.012881940230727196,0.6769605875015259,0.3533945083618164,-0.027364501729607582,0.6626788377761841,0.3128073215484619,-0.040503013879060745,0.6506140232086182,0.2748626470565796,-0.050867315381765366,0.7314505577087402,0.4135935604572296,-0.017968548461794853,0.717994749546051,0.33262819051742554,-0.029184792190790176,0.7095427513122559,0.28418028354644775,-0.04054885357618332,0.7020827531814575,0.24243447184562683,-0.04986909031867981,0.7632534503936768,0.4213467240333557,-0.026102202013134956,0.7666962146759033,0.34650421142578125,-0.03954751044511795,0.7684391140937805,0.29942649602890015,-0.04834975302219391,0.7680035829544067,0.2571755349636078,-0.05526936799287796,0.7937651872634888,0.44371309876441956,-0.036020006984472275,0.8038042783737183,0.38866832852363586,-0.04858754947781563,0.8091839551925659,0.35198965668678284,-0.05265307426452637,0.8126723766326904,0.31632229685783386,-0.055687811225652695,hello
0.7510230541229248,0.6050758361816406,2.771724609829107e-07,0.6966950297355652,0.5751465559005737,-0.02053028903901577,0.6510303616523743,0.5232803225517273,-0.031226789578795433,0.6228729486465454,0.47977936267852783,-0.040220193564891815,0.599740207195282,0.4461188316345215,-0.04897085204720497,0.6971632242202759,0.4125168025493622,-0.015566409565508366,0.679270327091217,0.3369767665863037,-0.02973545901477337,0.6688739657402039,0.29236435890197754,-0.04276857152581215,0.6609176397323608,0.25321826338768005,-0.05306721106171608,0.7330381274223328,0.40229859948158264,-0.019022952765226364,0.7265211343765259,0.3192873001098633,-0.03080102428793907,0.7222289443016052,0.2686932682991028,-0.043433092534542084,0.718327522277832,0.22573888301849365,-0.053537458181381226,0.7651939988136292,0.4117867648601532,-0.02580518275499344,0.7741652131080627,0.3350057601928711,-0.03994009271264076,0.7793790698051453,0.2857460379600525,-0.05158933624625206,0.7821769714355469,0.24294020235538483,-0.06043701618909836,0.7936297059059143,0.43670281767845154,-0.03450487554073334,0.8068886399269104,0.3812601566314697,-0.04795512184500694,0.8147329688072205,0.343635618686676,-0.054179467260837555,0.8204653263092041,0.3084789514541626,-0.058749958872795105,hello
0.778607964515686,0.5822193622589111,3.112940305527445e-07,0.7244836688041687,0.5519659519195557,-0.02187851071357727,0.6797735691070557,0.49758902192115784,-0.03190026432275772,0.6542907953262329,0.44641757011413574,-0.040118083357810974,0.6317632794380188,0.40544527769088745,-0.04802925884723663,0.7293645143508911,0.39186158776283264,-0.014880161732435226,0.7157971262931824,0.3166238069534302,-0.028198013082146645,0.7073349952697754,0.2717874050140381,-0.040932539850473404,0.7011384963989258,0.23123161494731903,-0.05132933333516121,0.7644754648208618,0.3826439380645752,-0.017468268051743507,0.7630152106285095,0.29670101404190063,-0.027151215821504593,0.7620663642883301,0.24445493519306183,-0.038124822080135345,0.7617526650428772,0.2013934999704361,-0.047626376152038574,0.7958150506019592,0.3927631378173828,-0.023722851648926735,0.8058539628982544,0.3160783052444458,-0.03584543615579605,0.8121192455291748,0.26772451400756836,-0.045497775077819824,0.8170128464698792,0.225309818983078,-0.05365538224577904,0.8237749338150024,0.4169769585132599,-0.03233875706791878,0.8389648795127869,0.3639323115348816,-0.04484475404024124,0.8495317697525024,0.3280448615550995,-0.05020126700401306,0.8595116138458252,0.2937139868736267,-0.054490718990564346,hello
0.7829595804214478,0.5829720497131348,2.500722757758922e-07,0.7291132807731628,0.5517182350158691,-0.01850227639079094,0.6853728294372559,0.5004180669784546,-0.027216648682951927,0.6608627438545227,0.4514423906803131,-0.034718941897153854,0.6396483182907104,0.4107952117919922,-0.04171055927872658,0.7313061356544495,0.39923664927482605,-0.011611582711338997,0.7144084572792053,0.32677820324897766,-0.0244595967233181,0.7049432396888733,0.28433990478515625,-0.036611221730709076,0.6977688074111938,0.24577607214450836,-0.04624314606189728,0.765002965927124,0.38900458812713623,-0.015149669721722603,0.7583128809928894,0.3068552017211914,-0.024129226803779602,0.7531015872955322,0.258015513420105,-0.03420960530638695,0.7484354972839355,0.21776695549488068,-0.042663946747779846,0.7963000535964966,0.39761748909950256,-0.02201562374830246,0.8030897974967957,0.3240869641304016,-0.032945726066827774,0.8073002099990845,0.27775225043296814,-0.040866121649742126,0.8099019527435303,0.23737044632434845,-0.047453880310058594,0.825571596622467,0.420887291431427,-0.031032109633088112,0.8393107652664185,0.36850911378860474,-0.041809409856796265,0.8470848202705383,0.33302009105682373,-0.04548428952693939,0.8536006212234497,0.2992632985115051,-0.048288967460393906,hello
0.7808696627616882,0.5941585302352905,2.3627634959666466e-07,0.7275271415710449,0.5631111264228821,-0.017762186005711555,0.6841976642608643,0.5114625692367554,-0.026096835732460022,0.6592137217521667,0.463517427444458,-0.033363502472639084,0.6383117437362671,0.4224937856197357,-0.040290217846632004,0.7280960083007812,0.4097432792186737,-0.01059087086468935,0.7097146511077881,0.3383549749851227,-0.023127539083361626,0.6985208988189697,0.29634612798690796,-0.03540400043129921,0.689836323261261,0.25764405727386475,-0.04545610398054123,0.7609772086143494,0.39942920207977295,-0.014751182869076729,0.75180584192276,0.3171581029891968,-0.02440737746655941,0.7456125617027283,0.2672521770000458,-0.035581909120082855,0.74031662940979,0.22557342052459717,-0.0448792390525341,0.7923442125320435,0.4083905816078186,-0.022155677899718285,0.7974075675010681,0.33313652873039246,-0.03418797627091408,0.7997744679450989,0.2855536937713623,-0.043585170060396194,0.8004018068313599,0.24307626485824585,-0.051266688853502274,0.8219507932662964,0.43137219548225403,-0.03149166703224182,0.8341273069381714,0.3777410686016083,-0.043650008738040924,0.8415425419807434,0.34151938557624817,-0.04853978380560875,0.8475956916809082,0.3060219883918762,-0.05228477343916893,hello
0.7815229892730713,0.5993221998214722,2.688433653474931e-07,0.7285898327827454,0.5674116611480713,-0.021263374015688896,0.68776935338974,0.5127966403961182,-0.029695844277739525,0.6672682166099548,0.46053698658943176,-0.036609530448913574,0.6485810279846191,0.4159156382083893,-0.042734064161777496,0.733969509601593,0.4101967215538025,-0.008940782397985458,0.7177594304084778,0.33807623386383057,-0.021412301808595657,0.707689106464386,0.29551365971565247,-0.034046322107315063,0.7009144425392151,0.2566617727279663,-0.044212330132722855,0.7668236494064331,0.40184518694877625,-0.0111380061134696,0.7596529722213745,0.3198932707309723,-0.020400850102305412,0.7551366090774536,0.26930665969848633,-0.031388670206069946,0.752265453338623,0.22727426886558533,-0.04048912227153778,0.79759281873703,0.411681592464447,-0.01739628054201603,0.8015143871307373,0.3372970223426819,-0.029081624001264572,0.8037480115890503,0.29160189628601074,-0.03817644715309143,0.8051572442054749,0.250551700592041,-0.04562341421842575,0.8271933794021606,0.4348472058773041,-0.02619335800409317,0.8403609395027161,0.3828657269477844,-0.03786863386631012,0.8490704298019409,0.34827157855033875,-0.04296552389860153,0.8575122356414795,0.3137512803077698,-0.04689634218811989,hello
0.7569506764411926,0.6077359318733215,2.6574502953735646e-07,0.7016910910606384,0.5765916109085083,-0.021048417314887047,0.6590893864631653,0.5223021507263184,-0.030480867251753807,0.6358163952827454,0.4724617600440979,-0.038270432502031326,0.6150890588760376,0.4321998357772827,-0.04544616490602493,0.7060530185699463,0.41590505838394165,-0.01205169502645731,0.6915993094444275,0.34143680334091187,-0.025682849809527397,0.6823756694793701,0.2957915663719177,-0.038802485913038254,0.6753000020980835,0.255754292011261,-0.049011994153261185,0.740053653717041,0.40815988183021545,-0.013893811032176018,0.734714686870575,0.32762017846107483,-0.023709440603852272,0.7303194999694824,0.2786703109741211,-0.034659236669540405,0.7262283563613892,0.23704960942268372,-0.043591637164354324,0.7714800238609314,0.41796648502349854,-0.019420165568590164,0.7750867009162903,0.3455902934074402,-0.030981052666902542,0.7771369814872742,0.3005070686340332,-0.0401008240878582,0.7776355147361755,0.2606167793273926,-0.0473487451672554,0.8014684319496155,0.44172656536102295,-0.027371037751436234,0.8145713806152344,0.38857609033584595,-0.038486775010824203,0.8230246901512146,0.3543993830680847,-0.04333258792757988,0.8303231000900269,0.3221026659011841,-0.04686284065246582,hello
0.7384721040725708,0.6245697736740112,2.1660082438756945e-07,0.6840528249740601,0.5983381867408752,-0.020331166684627533,0.6372964382171631,0.5502855777740479,-0.03087129071354866,0.6084973216056824,0.5041258335113525,-0.04033753275871277,0.5830701589584351,0.4636286795139313,-0.049130406230688095,0.6736567616462708,0.44085749983787537,-0.009564775042235851,0.6477832198143005,0.37389370799064636,-0.024182992056012154,0.6320154070854187,0.3352302312850952,-0.03839479759335518,0.6192309260368347,0.2990782856941223,-0.049696724861860275,0.7046058177947998,0.42846471071243286,-0.013325119391083717,0.6871974468231201,0.34799909591674805,-0.025467051193118095,0.67534339427948,0.2997201681137085,-0.03846413642168045,0.6651934385299683,0.25822263956069946,-0.04865266755223274,0.7359054684638977,0.4354894757270813,-0.020970996469259262,0.7281380295753479,0.3604128658771515,-0.03532734513282776,0.7219603061676025,0.3151499330997467,-0.045836351811885834,0.7154425978660583,0.27423906326293945,-0.05379979684948921,0.7687240839004517,0.45701178908348083,-0.030874960124492645,0.7739816904067993,0.401933878660202,-0.044716980308294296,0.7766610383987427,0.36522457003593445,-0.05097083002328873,0.7778041958808899,0.3293321132659912,-0.055429887026548386,hello
0.7461509108543396,0.6164906024932861,2.2285436784841295e-07,0.6917667388916016,0.5859538912773132,-0.016534393653273582,0.6473156213760376,0.5366809964179993,-0.025065923109650612,0.620388925075531,0.4924474358558655,-0.033322207629680634,0.5970614552497864,0.45494765043258667,-0.040970977395772934,0.6870422959327698,0.4322248697280884,-0.007655848283320665,0.66759192943573,0.36399978399276733,-0.022031961008906364,0.6555252075195312,0.32476165890693665,-0.03574030101299286,0.6462472081184387,0.2901579737663269,-0.04601108282804489,0.7175697684288025,0.42206650972366333,-0.012363462708890438,0.7044196128845215,0.34237146377563477,-0.02274690940976143,0.6960982084274292,0.2954997420310974,-0.03354118391871452,0.6893001198768616,0.25595808029174805,-0.042062532156705856,0.7487816214561462,0.4290419816970825,-0.020553406327962875,0.7442826628684998,0.3546830415725708,-0.03261340782046318,0.7411915063858032,0.3118572235107422,-0.03935801982879639,0.7371549010276794,0.27439039945602417,-0.04459763690829277,0.7816448211669922,0.4503510892391205,-0.03093513660132885,0.7903288006782532,0.3953920900821686,-0.04192942753434181,0.7942558526992798,0.3601456880569458,-0.04464739188551903,0.7961474657058716,0.327279269695282,-0.046406928449869156,hello
0.7544275522232056,0.6101996898651123,2.538128001106088e-07,0.6999986171722412,0.5755151510238647,-0.01708654686808586,0.6596710681915283,0.5206542015075684,-0.02469935268163681,0.6360095143318176,0.4701365828514099,-0.03168511390686035,0.6114874482154846,0.43422743678092957,-0.038153305649757385,0.7079490423202515,0.41862502694129944,-0.007038658484816551,0.6922912001609802,0.34566932916641235,-0.020013678818941116,0.6834139823913574,0.3022785782814026,-0.032643675804138184,0.6766079068183899,0.26466625928878784,-0.042290426790714264,0.7405056953430176,0.4129927456378937,-0.01071441825479269,0.7332301139831543,0.33226442337036133,-0.01991789974272251,0.7281181216239929,0.2843951880931854,-0.03035208396613598,0.7235939502716064,0.24474221467971802,-0.03858787193894386,0.7714288830757141,0.4232136607170105,-0.017832506448030472,0.7737882733345032,0.3510778546333313,-0.029184114187955856,0.7734198570251465,0.30614936351776123,-0.03677007183432579,0.7716991901397705,0.2677828371524811,-0.04250476881861687,0.8012555837631226,0.4472000300884247,-0.027093037962913513,0.8141494989395142,0.3939644694328308,-0.03769548982381821,0.8202863335609436,0.35869768261909485,-0.0410318560898304,0.8246014714241028,0.3257715702056885,-0.04322612285614014,hello
0.7610198259353638,0.6062991619110107,2.970165269289282e-07,0.7078644037246704,0.5691158771514893,-0.02045707032084465,0.6665590405464172,0.5142644643783569,-0.02964838221669197,0.644494354724884,0.46218135952949524,-0.037303678691387177,0.6242402791976929,0.42095857858657837,-0.044065143913030624,0.7182000875473022,0.4144666790962219,-0.010476299561560154,0.7075772881507874,0.33958661556243896,-0.022932730615139008,0.7025330662727356,0.2958027422428131,-0.03523282706737518,0.6991126537322998,0.2570626139640808,-0.044720496982336044,0.7516560554504395,0.40895727276802063,-0.012438339181244373,0.7511397004127502,0.32638874650001526,-0.020631464198231697,0.7499840259552002,0.27749577164649963,-0.030200161039829254,0.7486861348152161,0.23757493495941162,-0.038181085139513016,0.7820353507995605,0.42022639513015747,-0.018157120794057846,0.7894986867904663,0.34728726744651794,-0.027816133573651314,0.7933059930801392,0.3020922541618347,-0.03505728393793106,0.7954355478286743,0.2630283832550049,-0.041226375848054886,0.8110147714614868,0.4444977939128876,-0.0264319758862257,0.8269635438919067,0.3929738998413086,-0.03601119667291641,0.8359323740005493,0.35908153653144836,-0.039532292634248734,0.8434628248214722,0.3270546793937683,-0.04220692068338394,hello
0.7507488131523132,0.6107206344604492,2.855388174793916e-07,0.6974509358406067,0.5796799659729004,-0.02249559387564659,0.6561705470085144,0.5260525941848755,-0.03276003897190094,0.6336361765861511,0.47695642709732056,-0.04103611782193184,0.6132246851921082,0.4372986853122711,-0.048457805067300797,0.7052408456802368,0.41904231905937195,-0.012522026896476746,0.6936255693435669,0.34541448950767517,-0.025211336091160774,0.6881762742996216,0.3015056848526001,-0.03754200041294098,0.685865581035614,0.2636304497718811,-0.04716116935014725,0.7393815517425537,0.4126155376434326,-0.013564732857048512,0.7370626330375671,0.3320607542991638,-0.022810740396380424,0.7356208562850952,0.2837466597557068,-0.03318450227379799,0.7354066967964172,0.24368444085121155,-0.04169859737157822,0.7700561285018921,0.42407670617103577,-0.018429791554808617,0.7770311832427979,0.35107940435409546,-0.029841044917702675,0.7801545858383179,0.3069685101509094,-0.03872137889266014,0.782095730304718,0.268633633852005,-0.04575953260064125,0.7988889813423157,0.4495598077774048,-0.02580956183373928,0.8147153258323669,0.39728689193725586,-0.037237994372844696,0.8236504197120667,0.36235618591308594,-0.042407549917697906,0.8311153650283813,0.3289804458618164,-0.04611453041434288,hello
0.7527143359184265,0.6170932054519653,2.16536278685453e-07,0.6986886262893677,0.586238443851471,-0.020089657977223396,0.655798614025116,0.534013569355011,-0.029792264103889465,0.6301928758621216,0.4857151210308075,-0.038265421986579895,0.6071129441261292,0.4442502558231354,-0.04591648653149605,0.6977701783180237,0.42940568923950195,-0.00814764853566885,0.6794269680976868,0.35785090923309326,-0.021087875589728355,0.6684708595275879,0.31576335430145264,-0.03411536291241646,0.6599405407905579,0.2786659002304077,-0.04441315680742264,0.730552613735199,0.42087242007255554,-0.011006871238350868,0.7202281951904297,0.34074321389198303,-0.020774956792593002,0.7135412693023682,0.2924262285232544,-0.032259538769721985,0.7079913020133972,0.2518669366836548,-0.0415736548602581,0.7615698575973511,0.431243360042572,-0.01770448125898838,0.7608922719955444,0.35692211985588074,-0.0294918455183506,0.7599673867225647,0.31270623207092285,-0.03858467936515808,0.7578975558280945,0.27311381697654724,-0.04585615545511246,0.7921394109725952,0.45554137229919434,-0.026731206104159355,0.8017487525939941,0.4008390009403229,-0.038268301635980606,0.8069922924041748,0.3650217652320862,-0.04319799318909645,0.8111609816551208,0.33030664920806885,-0.04683823883533478,hello
0.7577825784683228,0.6141676306724548,2.200599311663609e-07,0.7053343057632446,0.5824379920959473,-0.017399674281477928,0.662561297416687,0.5284388661384583,-0.025698287412524223,0.6392255425453186,0.4781568646430969,-0.03311391547322273,0.6146921515464783,0.4418686330318451,-0.04004623368382454,0.7050630450248718,0.4263589382171631,-0.008915248326957226,0.6870872974395752,0.3558245897293091,-0.022791501134634018,0.6747896671295166,0.31516188383102417,-0.03624656796455383,0.6637217402458191,0.27793043851852417,-0.04666108265519142,0.7363711595535278,0.4184088110923767,-0.012990476563572884,0.7268412113189697,0.33925431966781616,-0.023076428100466728,0.7201706767082214,0.29239851236343384,-0.03381463885307312,0.713883638381958,0.2522008419036865,-0.042429208755493164,0.7668002247810364,0.42867130041122437,-0.020510856062173843,0.7643816471099854,0.356853723526001,-0.03271973133087158,0.7612858414649963,0.31339597702026367,-0.04042593389749527,0.7575486898422241,0.27391815185546875,-0.04643048346042633,0.7977482080459595,0.452435165643692,-0.03015359304845333,0.8067490458488464,0.3987090587615967,-0.04150230064988136,0.8118764758110046,0.36407873034477234,-0.04504912346601486,0.8161880373954773,0.3299904763698578,-0.0475672222673893,hello
0.7715272903442383,0.607235312461853,2.3871450594015187e-07,0.71952223777771,0.5699211955070496,-0.016858983784914017,0.6801191568374634,0.5165743827819824,-0.024689551442861557,0.659188449382782,0.4672386646270752,-0.031900450587272644,0.6422795057296753,0.42543405294418335,-0.03833412751555443,0.723634660243988,0.41930848360061646,-0.008429266512393951,0.7074741125106812,0.34733396768569946,-0.02158072218298912,0.6993059515953064,0.3050026297569275,-0.03376520425081253,0.6941414475440979,0.26833969354629517,-0.04293221980333328,0.7545868754386902,0.4135367274284363,-0.012098733335733414,0.7481864094734192,0.332700252532959,-0.02166522853076458,0.7446233034133911,0.28575795888900757,-0.03179199993610382,0.7427799701690674,0.24789190292358398,-0.03965267911553383,0.7850437164306641,0.42377790808677673,-0.01907995343208313,0.7872052788734436,0.3516273498535156,-0.030321959406137466,0.7888010740280151,0.3091927170753479,-0.037788040935993195,0.7896945476531982,0.2734370231628418,-0.04348551481962204,0.8159316778182983,0.44778934121131897,-0.028189975768327713,0.829367995262146,0.3955787718296051,-0.03908424824476242,0.8362104892730713,0.3608468174934387,-0.042950455099344254,0.8417975902557373,0.32872262597084045,-0.0453878715634346,hello
0.7760106921195984,0.601344108581543,2.7131400770485925e-07,0.7242919206619263,0.5625644326210022,-0.01743186078965664,0.6857029795646667,0.5071116089820862,-0.02450564131140709,0.6675764918327332,0.45573189854621887,-0.030773112550377846,0.6523703932762146,0.4124346971511841,-0.03625424578785896,0.7391998767852783,0.41189277172088623,-0.007211793214082718,0.7298675179481506,0.3389987349510193,-0.018482249230146408,0.7245354652404785,0.29612186551094055,-0.029640981927514076,0.7200844883918762,0.2587886452674866,-0.03841419145464897,0.7719328999519348,0.4086003601551056,-0.010559293441474438,0.772537350654602,0.32801690697669983,-0.01859232969582081,0.7722140550613403,0.28060775995254517,-0.028208378702402115,0.7716149687767029,0.24127869307994843,-0.036022067070007324,0.8011813759803772,0.42084088921546936,-0.017398234456777573,0.8089770078659058,0.3484605550765991,-0.028004920110106468,0.8133832216262817,0.30468177795410156,-0.03569471091032028,0.8158220052719116,0.2660227417945862,-0.041741762310266495,0.828997015953064,0.44589516520500183,-0.026392793282866478,0.8469398617744446,0.3948160707950592,-0.03737129271030426,0.85774827003479,0.36125701665878296,-0.04154682531952858,0.8667010068893433,0.3293779194355011,-0.04432295262813568,hello
0.777614414691925,0.5996643304824829,2.909042962073727e-07,0.7264746427536011,0.5644092559814453,-0.02056717872619629,0.6876742243766785,0.5083033442497253,-0.028858669102191925,0.669050931930542,0.4564717411994934,-0.03551633656024933,0.6528738141059875,0.4127092659473419,-0.041230663657188416,0.7414547204971313,0.4093705117702484,-0.008506406098604202,0.7331392765045166,0.33678382635116577,-0.019475731998682022,0.7284097075462341,0.2937905788421631,-0.03089696727693081,0.7255206108093262,0.25588327646255493,-0.04010515287518501,0.7750611901283264,0.4055452346801758,-0.01016317494213581,0.7780330181121826,0.3259742259979248,-0.017313024029135704,0.7795771360397339,0.2789517045021057,-0.026214085519313812,0.7811978459358215,0.2407873570919037,-0.03388998284935951,0.804492712020874,0.41846853494644165,-0.015786513686180115,0.8153579235076904,0.3467360734939575,-0.02568209357559681,0.8208417892456055,0.30381256341934204,-0.033152759075164795,0.8249712586402893,0.2664649486541748,-0.03944878280162811,0.8314674496650696,0.4442589581012726,-0.02391565777361393,0.8492363095283508,0.3945411443710327,-0.034427840262651443,0.8606837391853333,0.36260786652565,-0.03852119669318199,0.8716020584106445,0.33151906728744507,-0.04154498502612114,hello
0.770978569984436,0.6058359742164612,2.8546278940666525e-07,0.719502866268158,0.5729798674583435,-0.02159825712442398,0.6793470978736877,0.5197638273239136,-0.03190266713500023,0.6591154932975769,0.47103071212768555,-0.040238574147224426,0.6431674957275391,0.42993858456611633,-0.04772268235683441,0.7278510332107544,0.4160395860671997,-0.013337312266230583,0.7170156836509705,0.3452681601047516,-0.02644072100520134,0.7113286852836609,0.3032028079032898,-0.038980115205049515,0.708057701587677,0.2665776014328003,-0.04856562241911888,0.7612693905830383,0.4097033441066742,-0.014766067266464233,0.7631914019584656,0.3297044038772583,-0.02440005913376808,0.7649649381637573,0.28250938653945923,-0.0344913974404335,0.767381489276886,0.2434784322977066,-0.042520102113485336,0.7908143401145935,0.42073920369148254,-0.019858574494719505,0.7983624339103699,0.35009729862213135,-0.0312868095934391,0.8032517433166504,0.30650022625923157,-0.04029163718223572,0.8075492978096008,0.26933130621910095,-0.04720420017838478,0.8185794949531555,0.4455653131008148,-0.027363117784261703,0.8351004123687744,0.39434614777565,-0.03869868814945221,0.8457390069961548,0.3606643080711365,-0.04383092746138573,0.8553488254547119,0.32945555448532104,-0.047307420521974564,hello
0.7608111500740051,0.6153057813644409,2.7733020147024945e-07,0.7062122225761414,0.5855991244316101,-0.02013956569135189,0.6640739440917969,0.5319051742553711,-0.029095511883497238,0.6422567963600159,0.48261138796806335,-0.036644887179136276,0.6206727027893066,0.44554436206817627,-0.04349685087800026,0.7090680003166199,0.42569953203201294,-0.009455876424908638,0.6933963298797607,0.35406550765037537,-0.022282440215349197,0.6852429509162903,0.3098558783531189,-0.03492581844329834,0.6800432205200195,0.27137237787246704,-0.04485112428665161,0.7424772381782532,0.4175304174423218,-0.011751942336559296,0.7368762493133545,0.3374868631362915,-0.02148820273578167,0.7349136471748352,0.2886371612548828,-0.03228624537587166,0.7342698574066162,0.24754004180431366,-0.04086314141750336,0.773506224155426,0.42783308029174805,-0.017841877415776253,0.7758362293243408,0.3561757206916809,-0.0299910306930542,0.7781321406364441,0.3114907145500183,-0.039808765053749084,0.7794882655143738,0.2723696529865265,-0.0472157746553421,0.8040034770965576,0.4522768557071686,-0.026230882853269577,0.8172366619110107,0.4001023769378662,-0.03767479583621025,0.8249543309211731,0.36590975522994995,-0.04308323934674263,0.8312177062034607,0.33319157361984253,-0.04702883958816528,hello
0.7596787214279175,0.617429792881012,2.3412030714098364e-07,0.7081261873245239,0.5858912467956543,-0.01990419067442417,0.6657845973968506,0.5359600186347961,-0.03030424378812313,0.6396356821060181,0.4905233681201935,-0.03952527418732643,0.6166340112686157,0.44972941279411316,-0.04807650297880173,0.7045726776123047,0.4319085478782654,-0.010221850126981735,0.6846702098846436,0.3617914915084839,-0.02446691505610943,0.6713599562644958,0.32150551676750183,-0.03815988823771477,0.6602644324302673,0.28466176986694336,-0.04874410107731819,0.7369827628135681,0.4228173494338989,-0.013539154082536697,0.7262452840805054,0.3425538241863251,-0.024390093982219696,0.7190620303153992,0.29390883445739746,-0.03631105646491051,0.7126365303993225,0.25189030170440674,-0.04583629593253136,0.7679290175437927,0.4322940409183502,-0.020569337531924248,0.765857994556427,0.35834476351737976,-0.03325674310326576,0.7650666236877441,0.31378331780433655,-0.042484305799007416,0.7629457116127014,0.27339833974838257,-0.04967625439167023,0.7984524965286255,0.4552593529224396,-0.02984660491347313,0.8064953088760376,0.4005011022090912,-0.04181711748242378,0.8119518160820007,0.3648422658443451,-0.04646805673837662,0.8162003755569458,0.3304041624069214,-0.04984522610902786,hello
0.7659896612167358,0.6135234236717224,2.2049842129945318e-07,0.7143710851669312,0.5815054774284363,-0.017527267336845398,0.6723417043685913,0.5302114486694336,-0.025779716670513153,0.6487370729446411,0.48365986347198486,-0.033208418637514114,0.6270103454589844,0.4441942870616913,-0.040173597633838654,0.7135355472564697,0.42709991335868835,-0.009033258073031902,0.6941858530044556,0.3575708270072937,-0.02257375791668892,0.6820670366287231,0.31655192375183105,-0.035565197467803955,0.6723716855049133,0.27931907773017883,-0.04569832235574722,0.7449438571929932,0.41823306679725647,-0.013108227401971817,0.7348046898841858,0.33919644355773926,-0.023349078372120857,0.7277852296829224,0.29249709844589233,-0.03439713269472122,0.7218318581581116,0.252328097820282,-0.0431722067296505,0.7757190465927124,0.4272770285606384,-0.02059878408908844,0.7748637795448303,0.35534223914146423,-0.03293325752019882,0.7726728320121765,0.311410516500473,-0.04114348068833351,0.7696238160133362,0.27141863107681274,-0.047542158514261246,0.8066660165786743,0.450580894947052,-0.03019792027771473,0.8172182440757751,0.3980589210987091,-0.04195722937583923,0.8234388828277588,0.3641224503517151,-0.045884162187576294,0.8284687995910645,0.33065444231033325,-0.04857974499464035,hello
0.7768132090568542,0.6030080318450928,2.5505565304229094e-07,0.7239742279052734,0.5670493245124817,-0.018252108246088028,0.6831470727920532,0.5159544944763184,-0.027161583304405212,0.6618581414222717,0.46773216128349304,-0.034944742918014526,0.6440445780754089,0.4258715510368347,-0.04210950434207916,0.7282083034515381,0.4189382791519165,-0.012274425476789474,0.7121806144714355,0.3471251130104065,-0.025931913405656815,0.7040819525718689,0.3053015470504761,-0.038204461336135864,0.6988411545753479,0.2679406404495239,-0.04743642359972,0.7610144019126892,0.4122024476528168,-0.01553327590227127,0.7559146285057068,0.3313714265823364,-0.025413915514945984,0.7522810101509094,0.28383660316467285,-0.03554760292172432,0.7497429251670837,0.24443136155605316,-0.04368721321225166,0.7916403412818909,0.42213842272758484,-0.022070005536079407,0.795650839805603,0.35068047046661377,-0.03340127319097519,0.7970163822174072,0.3064786493778229,-0.04114307835698128,0.7973305583000183,0.2683779001235962,-0.04731958359479904,0.8214995265007019,0.4453428387641907,-0.03077279031276703,0.8347529768943787,0.3931398391723633,-0.04190865159034729,0.8413964509963989,0.3583104610443115,-0.0459393672645092,0.84666508436203,0.32558679580688477,-0.04868149384856224,hello
0.7804519534111023,0.5977845191955566,2.8754382697115943e-07,0.728030800819397,0.5622811913490295,-0.019215408712625504,0.6875261068344116,0.5097752809524536,-0.027685068547725677,0.666939377784729,0.459515780210495,-0.03493637591600418,0.6503971219062805,0.41597551107406616,-0.041234090924263,0.7389367818832397,0.41208577156066895,-0.008802021853625774,0.7284374237060547,0.33952370285987854,-0.020649097859859467,0.7231364250183105,0.2975313663482666,-0.03224905952811241,0.7192315459251404,0.26017487049102783,-0.041336238384246826,0.7722364664077759,0.4072006940841675,-0.011457787826657295,0.7712939977645874,0.32754960656166077,-0.019701514393091202,0.7704639434814453,0.28040575981140137,-0.02926054038107395,0.7695735692977905,0.24097208678722382,-0.037131763994693756,0.8021251559257507,0.4188792109489441,-0.017820823937654495,0.8093217611312866,0.3480825126171112,-0.028099391609430313,0.8136410713195801,0.304838627576828,-0.03516819328069687,0.816254734992981,0.2663768231868744,-0.04096905142068863,0.8306188583374023,0.44335418939590454,-0.026558389887213707,0.84641033411026,0.3931111991405487,-0.03688395023345947,0.8559640645980835,0.3598201274871826,-0.04036705940961838,0.8642266988754272,0.3275283873081207,-0.04278835654258728,hello
0.7785674333572388,0.5976153612136841,2.829361562817212e-07,0.7266325950622559,0.5634281635284424,-0.019548209384083748,0.6876475811004639,0.5084292888641357,-0.02725035324692726,0.6683856248855591,0.45783859491348267,-0.033532626926898956,0.6514459252357483,0.4153262972831726,-0.039006393402814865,0.7401847839355469,0.40937334299087524,-0.007345933932811022,0.7310879826545715,0.33736342191696167,-0.017938725650310516,0.7257554531097412,0.29450857639312744,-0.029222264885902405,0.7219681739807129,0.25672996044158936,-0.03845996782183647,0.7736278772354126,0.4047545790672302,-0.009541709907352924,0.7748757600784302,0.3258630633354187,-0.016619423404335976,0.7749133110046387,0.27889108657836914,-0.02586277574300766,0.7750658988952637,0.24034525454044342,-0.03385281190276146,0.8031356334686279,0.4167364835739136,-0.015599100850522518,0.8119775652885437,0.3443922698497772,-0.02554301917552948,0.8162680864334106,0.3009619116783142,-0.03338344395160675,0.8192282319068909,0.26259857416152954,-0.04004241153597832,0.8303141593933105,0.4416123628616333,-0.024039926007390022,0.8469163179397583,0.39143452048301697,-0.034804485738277435,0.8575941324234009,0.3592596650123596,-0.039191149175167084,0.8676924109458923,0.3275080621242523,-0.04248029366135597,hello
0.7723687291145325,0.6030987501144409,2.893111172852514e-07,0.7202587127685547,0.5699090957641602,-0.021025655791163445,0.6793783903121948,0.5160171389579773,-0.0312977135181427,0.6575597524642944,0.46776020526885986,-0.03971428424119949,0.6415466070175171,0.42743024230003357,-0.04733281955122948,0.728185772895813,0.4146791100502014,-0.013864550739526749,0.7181214690208435,0.34320253133773804,-0.027476385235786438,0.7127982378005981,0.3010753095149994,-0.040148764848709106,0.7100836634635925,0.264058917760849,-0.04977462440729141,0.7612553238868713,0.4091462790966034,-0.015710309147834778,0.7621213793754578,0.32955649495124817,-0.026053007692098618,0.7625118494033813,0.2815956473350525,-0.03646872192621231,0.7636614441871643,0.24114644527435303,-0.044659167528152466,0.7908523678779602,0.4202769994735718,-0.021103519946336746,0.7972784638404846,0.34989362955093384,-0.03293178975582123,0.8009430170059204,0.30628207325935364,-0.04169898107647896,0.8040534257888794,0.26848846673965454,-0.04837880656123161,0.8189730048179626,0.4447534680366516,-0.028835050761699677,0.8342035412788391,0.3929547369480133,-0.04041251912713051,0.8439797163009644,0.3586907684803009,-0.04539842531085014,0.852869987487793,0.32653260231018066,-0.04870862886309624,hello
0.7615752816200256,0.6115595698356628,2.645562062753015e-07,0.7071640491485596,0.5809588432312012,-0.02043854258954525,0.6651948690414429,0.5283882021903992,-0.029535051435232162,0.6424681544303894,0.4797208309173584,-0.03720103204250336,0.621221661567688,0.44236424565315247,-0.04419261962175369,0.7118757963180542,0.42457520961761475,-0.009498613886535168,0.6963090300559998,0.3538346290588379,-0.02210470661520958,0.6883189678192139,0.31077083945274353,-0.034647177904844284,0.6838175058364868,0.272726833820343,-0.04452040046453476,0.745305061340332,0.41598910093307495,-0.011619285680353642,0.7389177083969116,0.336649626493454,-0.02088010683655739,0.7355577349662781,0.28871315717697144,-0.03156218305230141,0.7339826226234436,0.24781565368175507,-0.040262166410684586,0.7762261629104614,0.42523691058158875,-0.017527785152196884,0.7790523171424866,0.3534197211265564,-0.028962356969714165,0.7806938886642456,0.31009209156036377,-0.03824243322014809,0.7814943790435791,0.2720980644226074,-0.045470573008060455,0.80638188123703,0.4485050439834595,-0.02581903152167797,0.8194045424461365,0.39629867672920227,-0.03686603531241417,0.8268842101097107,0.36220771074295044,-0.042012616991996765,0.8329609632492065,0.3295323848724365,-0.045782241970300674,hello
0.7606279253959656,0.6144668459892273,2.3460185616386298e-07,0.707767903804779,0.5832441449165344,-0.019817184656858444,0.6646928191184998,0.5331457257270813,-0.030139468610286713,0.6384738683700562,0.48688843846321106,-0.039326734840869904,0.6156189441680908,0.44654786586761475,-0.04792417585849762,0.7056527733802795,0.4301910400390625,-0.010079522617161274,0.6862570643424988,0.3598366677761078,-0.024023573845624924,0.6739704608917236,0.31910258531570435,-0.03758122771978378,0.6641538739204407,0.2813138961791992,-0.048310231417417526,0.737792432308197,0.42102235555648804,-0.01360634621232748,0.7264817357063293,0.3412220776081085,-0.024866022169589996,0.7191952466964722,0.29268890619277954,-0.03726906701922417,0.7130300998687744,0.2501686215400696,-0.047188811004161835,0.7685373425483704,0.4302755296230316,-0.02079526148736477,0.7660738229751587,0.35577866435050964,-0.034113362431526184,0.7649987936019897,0.3113836646080017,-0.044089436531066895,0.7629787921905518,0.2709210216999054,-0.05183989182114601,0.7989765405654907,0.4531538188457489,-0.030175689607858658,0.807266354560852,0.3988696038722992,-0.04311233386397362,0.8133047819137573,0.3632477819919586,-0.04876275360584259,0.8186216354370117,0.32855933904647827,-0.05284316837787628,hello
0.7642763257026672,0.6123591661453247,2.3160370687946852e-07,0.7121620178222656,0.5794860124588013,-0.017386918887495995,0.6699087023735046,0.5269614458084106,-0.025986578315496445,0.645986795425415,0.4793107509613037,-0.033776652067899704,0.6227816939353943,0.4413914978504181,-0.04113238304853439,0.7128416895866394,0.42453694343566895,-0.009412525221705437,0.694724440574646,0.3537754714488983,-0.02309112437069416,0.6830306649208069,0.3127196431159973,-0.03623390942811966,0.6733582615852356,0.27575281262397766,-0.04653383418917656,0.7443656325340271,0.41661739349365234,-0.01367435697466135,0.7344220280647278,0.33732345700263977,-0.024220390245318413,0.7272782325744629,0.29010772705078125,-0.035607680678367615,0.7208057641983032,0.24984268844127655,-0.04468639940023422,0.7752534747123718,0.42621907591819763,-0.02130935713648796,0.774041473865509,0.3538692593574524,-0.033954769372940063,0.7715213894844055,0.30969852209091187,-0.042569003999233246,0.7678579688072205,0.2696237564086914,-0.049324896186590195,0.8065597414970398,0.449778288602829,-0.030985819175839424,0.8177475929260254,0.396928995847702,-0.04311008378863335,0.8236054182052612,0.3626876771450043,-0.04754436016082764,0.8277500867843628,0.3291313052177429,-0.0506751611828804,hello
0.7759979963302612,0.602171003818512,2.553627780343959e-07,0.722565770149231,0.56430584192276,-0.016948817297816277,0.681454062461853,0.5124477744102478,-0.025240670889616013,0.6596925258636475,0.46465998888015747,-0.03269871324300766,0.6423864960670471,0.42386484146118164,-0.03955846652388573,0.7273901700973511,0.41660839319229126,-0.01055602915585041,0.7123656868934631,0.3445941209793091,-0.023725394159555435,0.7048323154449463,0.30257686972618103,-0.03584170341491699,0.6998218297958374,0.2654057443141937,-0.04501985386013985,0.7598832249641418,0.4102076590061188,-0.014388810843229294,0.7552434802055359,0.3289637565612793,-0.02398129180073738,0.7515063881874084,0.2812340557575226,-0.03406062349677086,0.7487135529518127,0.24198666214942932,-0.042105719447135925,0.790622353553772,0.4201825261116028,-0.021420741453766823,0.7941320538520813,0.3479362726211548,-0.03251875936985016,0.7953940033912659,0.303941547870636,-0.040147069841623306,0.7958368062973022,0.26654231548309326,-0.0461878627538681,0.8207889199256897,0.4435909390449524,-0.030534982681274414,0.83418869972229,0.390827476978302,-0.041525375097990036,0.8414793610572815,0.3560495972633362,-0.04543363302946091,0.8476165533065796,0.32372182607650757,-0.048019129782915115,hello
0.7801711559295654,0.5962855815887451,2.7101899036097166e-07,0.7278355360031128,0.5596908926963806,-0.018885424360632896,0.6874151229858398,0.5052620768547058,-0.027223847806453705,0.6674227714538574,0.45429909229278564,-0.03440475091338158,0.6507563591003418,0.41167429089546204,-0.040805619210004807,0.7398310899734497,0.40952399373054504,-0.010487106628715992,0.7294817566871643,0.3370401859283447,-0.023511385545134544,0.7243941426277161,0.29474830627441406,-0.03569505363702774,0.720853328704834,0.257021963596344,-0.0451284795999527,0.7732597589492798,0.40499794483184814,-0.013503288850188255,0.7715746760368347,0.32544460892677307,-0.023276260122656822,0.7707516551017761,0.2778552770614624,-0.03361840918660164,0.7705431580543518,0.23716634511947632,-0.041894011199474335,0.8034197092056274,0.4169699251651764,-0.02005384862422943,0.811191201210022,0.34575313329696655,-0.03196965530514717,0.8163138628005981,0.30246657133102417,-0.039644721895456314,0.8197632431983948,0.26352450251579285,-0.04555416479706764,0.8321608304977417,0.442001074552536,-0.028839631006121635,0.8484179973602295,0.3913426399230957,-0.04059145972132683,0.8578981161117554,0.35760799050331116,-0.044744011014699936,0.8658638596534729,0.32454484701156616,-0.04745163023471832,hello
0.778627872467041,0.5946043133735657,2.9455671324285504e-07,0.7271003127098083,0.5594279766082764,-0.0193569865077734,0.68834388256073,0.5039103031158447,-0.02739890106022358,0.6687796115875244,0.45307457447052,-0.03410262241959572,0.6511551141738892,0.41096779704093933,-0.040106382220983505,0.7423630952835083,0.40514427423477173,-0.008211350068449974,0.7348737716674805,0.33269697427749634,-0.01898113451898098,0.7306507229804993,0.28982993960380554,-0.030341634526848793,0.7278093099594116,0.25199538469314575,-0.03967566415667534,0.7757977843284607,0.4014022648334503,-0.010792357847094536,0.7774566411972046,0.32154256105422974,-0.018359791487455368,0.7783083915710449,0.273715615272522,-0.028008947148919106,0.7792233824729919,0.23444637656211853,-0.03631388768553734,0.8052847385406494,0.4143189489841461,-0.017135290428996086,0.8154826164245605,0.3424069881439209,-0.027621451765298843,0.8210455775260925,0.29882222414016724,-0.035946402698755264,0.8249754309654236,0.26038289070129395,-0.042884837836027145,0.832282304763794,0.4399343430995941,-0.025783361867070198,0.8494821190834045,0.3890453279018402,-0.03703603520989418,0.8605035543441772,0.35638970136642456,-0.04174589738249779,0.870766818523407,0.32424622774124146,-0.04524141177535057,hello
0.7717231512069702,0.5998039245605469,2.7817179670819314e-07,0.7199733257293701,0.566490113735199,-0.02092929184436798,0.6802562475204468,0.5109730958938599,-0.030658936128020287,0.659033477306366,0.4628312587738037,-0.038590580224990845,0.6431366801261902,0.4222133755683899,-0.04577836021780968,0.7319958806037903,0.4094470143318176,-0.012532426975667477,0.7223802804946899,0.33784955739974976,-0.025506790727376938,0.717507004737854,0.29547351598739624,-0.03779364004731178,0.7153041362762451,0.25853490829467773,-0.047411900013685226,0.7658883929252625,0.40416526794433594,-0.014921033754944801,0.7675695419311523,0.3246394991874695,-0.025107908993959427,0.7686727643013,0.2765659689903259,-0.03578708693385124,0.7706605792045593,0.23654337227344513,-0.04434645175933838,0.7952900528907776,0.416441410779953,-0.02101096697151661,0.8064256906509399,0.3436824083328247,-0.033678680658340454,0.8130813837051392,0.2997288107872009,-0.04298404976725578,0.8182886838912964,0.2617124915122986,-0.05008291080594063,0.8215457797050476,0.44236981868743896,-0.029355844482779503,0.8383780717849731,0.3910331130027771,-0.042013127356767654,0.8495014309883118,0.3571052849292755,-0.04745540767908096,0.8595352172851562,0.32507795095443726,-0.05118739604949951,hello
0.7626436352729797,0.6073698401451111,2.594791794763296e-07,0.7087036371231079,0.5784101486206055,-0.021502727642655373,0.6672573685646057,0.5245651006698608,-0.031148001551628113,0.6453703045845032,0.4743133783340454,-0.03886113688349724,0.6230848431587219,0.43860408663749695,-0.04598569497466087,0.7137118577957153,0.41938599944114685,-0.0123557448387146,0.6987862586975098,0.34749847650527954,-0.024777542799711227,0.6916576027870178,0.304112046957016,-0.037001099437475204,0.6881760954856873,0.2659037113189697,-0.04671597108244896,0.7480998039245605,0.41014933586120605,-0.013921779580414295,0.7431713938713074,0.329098641872406,-0.022902287542819977,0.7411439418792725,0.28085440397262573,-0.03336670249700546,0.7408810257911682,0.24031482636928558,-0.042056191712617874,0.7792443037033081,0.41979095339775085,-0.019115136936306953,0.7875230312347412,0.3480917811393738,-0.03039797954261303,0.7942084074020386,0.30353593826293945,-0.04017925634980202,0.7996497750282288,0.2653188705444336,-0.0478656105697155,0.8081043362617493,0.44372329115867615,-0.02663927897810936,0.8226354718208313,0.3913682699203491,-0.03756042197346687,0.831790566444397,0.3574889898300171,-0.04279695078730583,0.8396517038345337,0.32550573348999023,-0.04676459729671478,hello
0.7647287249565125,0.6118831038475037,1.7853817269042338e-07,0.7124601602554321,0.5808303356170654,-0.018170371651649475,0.6699948906898499,0.5279361009597778,-0.02706804871559143,0.6443166732788086,0.4799981415271759,-0.035016924142837524,0.6204546093940735,0.44119712710380554,-0.04236923158168793,0.7101882100105286,0.42361825704574585,-0.008212831802666187,0.6888899207115173,0.35309624671936035,-0.021165817975997925,0.6753011345863342,0.3110691010951996,-0.03409481793642044,0.664408802986145,0.27299681305885315,-0.04456545040011406,0.7425916790962219,0.4135880470275879,-0.012178062461316586,0.7284976243972778,0.3347061276435852,-0.022214597091078758,0.7208989262580872,0.28728097677230835,-0.03345538675785065,0.7145994901657104,0.247155100107193,-0.04267542064189911,0.7739559412002563,0.42328694462776184,-0.01972164586186409,0.7750908136367798,0.3504663109779358,-0.031993329524993896,0.7774580717086792,0.30459263920783997,-0.0411561019718647,0.7781283855438232,0.26371026039123535,-0.048480961471796036,0.8044407367706299,0.44717469811439514,-0.02934078313410282,0.8131418228149414,0.39297008514404297,-0.041157592087984085,0.819064199924469,0.3571479618549347,-0.045860838145017624,0.823701798915863,0.32238736748695374,-0.049444567412137985,hello
0.7741138339042664,0.6012576818466187,2.1980292785883648e-07,0.722868800163269,0.5674818754196167,-0.018082186579704285,0.6809136867523193,0.5193794369697571,-0.02751464955508709,0.6559228301048279,0.4756215810775757,-0.03593220189213753,0.6368059515953064,0.43449681997299194,-0.043744590133428574,0.7194680571556091,0.4170079231262207,-0.011351735331118107,0.6994438171386719,0.3470762372016907,-0.02499251812696457,0.6877377033233643,0.30626246333122253,-0.0377078503370285,0.6793273687362671,0.26919180154800415,-0.047509435564279556,0.7508596181869507,0.4082411229610443,-0.015013323165476322,0.7399960160255432,0.3304353654384613,-0.025277355685830116,0.7324649095535278,0.285163015127182,-0.035898689180612564,0.7264125347137451,0.24700000882148743,-0.044399820268154144,0.7816648483276367,0.4172455966472626,-0.022011902183294296,0.7836235165596008,0.34552156925201416,-0.03438860923051834,0.7836496233940125,0.3013911843299866,-0.04258260875940323,0.7826741933822632,0.26201945543289185,-0.04894014075398445,0.8119900226593018,0.4402030110359192,-0.03104824386537075,0.8233558535575867,0.38697996735572815,-0.04294842481613159,0.8303901553153992,0.3529044985771179,-0.04680214077234268,0.8360998034477234,0.31954458355903625,-0.04934346675872803,hello
0.7826112508773804,0.5942356586456299,2.3481364053168363e-07,0.7296079397201538,0.558488667011261,-0.016829228028655052,0.6906248331069946,0.5061157941818237,-0.024523643776774406,0.671631932258606,0.456723690032959,-0.0314030759036541,0.6541803479194641,0.4156593680381775,-0.03775309398770332,0.7351977229118347,0.40991321206092834,-0.010000993497669697,0.718838095664978,0.3384472727775574,-0.022972317412495613,0.7104111909866333,0.296893835067749,-0.03481653332710266,0.7047476768493652,0.2602814733982086,-0.043845511972904205,0.7675635814666748,0.4030378758907318,-0.013807352632284164,0.7607912421226501,0.3238166570663452,-0.023752396926283836,0.756286084651947,0.2768935561180115,-0.03442563861608505,0.7529162764549255,0.2383454591035843,-0.04283414036035538,0.7979311347007751,0.4125825762748718,-0.020774802193045616,0.8028373122215271,0.34145504236221313,-0.03278091177344322,0.8050241470336914,0.2973420023918152,-0.04154009371995926,0.8056502342224121,0.25944191217422485,-0.04821813479065895,0.8275591135025024,0.4357559084892273,-0.029670756310224533,0.8422121405601501,0.38375380635261536,-0.041700027883052826,0.8496058583259583,0.34907281398773193,-0.04658530652523041,0.8551878333091736,0.3163115382194519,-0.049811456352472305,hello
0.7873927354812622,0.5895469188690186,2.7449982553662267e-07,0.7350978851318359,0.5539190769195557,-0.019675754010677338,0.6958531141281128,0.5009488463401794,-0.028129180893301964,0.6771785616874695,0.4495159387588501,-0.035195242613554,0.6631554961204529,0.40320342779159546,-0.04105377569794655,0.7474426627159119,0.403280645608902,-0.009112470783293247,0.7365511059761047,0.3297780454158783,-0.0205218568444252,0.7309654951095581,0.28823912143707275,-0.03150453418493271,0.7271232604980469,0.2516569495201111,-0.040123097598552704,0.7799526453018188,0.398843914270401,-0.011336068622767925,0.7769759297370911,0.3191511631011963,-0.01964837871491909,0.7751160264015198,0.2730877995491028,-0.029020311310887337,0.7740479707717896,0.2355528473854065,-0.03658322989940643,0.8092502951622009,0.4107781946659088,-0.017295755445957184,0.8178761601448059,0.3398399353027344,-0.028285661712288857,0.8237757682800293,0.29778075218200684,-0.03577304258942604,0.8282235264778137,0.2605081796646118,-0.0416065976023674,0.8373125791549683,0.4352038502693176,-0.025548120960593224,0.8538312911987305,0.3849062919616699,-0.03687460348010063,0.8640041351318359,0.3522166609764099,-0.0411088727414608,0.873209536075592,0.31981125473976135,-0.0438690148293972,hello
0.785039484500885,0.5883180499076843,2.80467162383502e-07,0.7337985634803772,0.5539124011993408,-0.020294595509767532,0.696252703666687,0.49843427538871765,-0.028015751391649246,0.6781732439994812,0.4471781253814697,-0.03416694700717926,0.6616204977035522,0.40391096472740173,-0.03928680345416069,0.7477855086326599,0.4012739658355713,-0.007103339768946171,0.7394838929176331,0.3294316828250885,-0.017278550192713737,0.7339551448822021,0.28706473112106323,-0.028100918978452682,0.7304223775863647,0.24980993568897247,-0.036860011518001556,0.7800816893577576,0.3974184989929199,-0.00849897600710392,0.7803846001625061,0.3194183111190796,-0.015187476761639118,0.780606746673584,0.2727738618850708,-0.02377689816057682,0.7817754149436951,0.23531131446361542,-0.031209861859679222,0.8086532354354858,0.409370481967926,-0.013908891007304192,0.8178390264511108,0.33885031938552856,-0.02348458766937256,0.8234733939170837,0.2961244583129883,-0.03122003749012947,0.8282663226127625,0.2587616443634033,-0.03769340366125107,0.8351995348930359,0.43314439058303833,-0.02179359830915928,0.8516525626182556,0.3835640251636505,-0.03210807964205742,0.862557053565979,0.35175079107284546,-0.036622751504182816,0.8733734488487244,0.3203790485858917,-0.040017787367105484,hello
0.7777770757675171,0.5932397842407227,2.691105578378483e-07,0.7259296774864197,0.5617238283157349,-0.02140541933476925,0.6860896348953247,0.5105879902839661,-0.03192412853240967,0.6656655669212341,0.46256670355796814,-0.04046197980642319,0.6498385667800903,0.42043453454971313,-0.047923777252435684,0.7316723465919495,0.40620002150535583,-0.012923179194331169,0.7199888825416565,0.3360045850276947,-0.026186596602201462,0.714274525642395,0.2941977381706238,-0.038774482905864716,0.7111420631408691,0.2581590414047241,-0.04838627949357033,0.7643685936927795,0.39924156665802,-0.014378194697201252,0.7625427842140198,0.3217398524284363,-0.024236641824245453,0.761864185333252,0.2758857011795044,-0.034587591886520386,0.7621102929115295,0.2375575751066208,-0.04282683506608009,0.7940017580986023,0.4099184572696686,-0.019474327564239502,0.8006250858306885,0.34026291966438293,-0.03108450397849083,0.8055389523506165,0.29730844497680664,-0.04010637849569321,0.8095287084579468,0.26059597730636597,-0.047048721462488174,0.8221575617790222,0.4348371624946594,-0.02692674659192562,0.8374119400978088,0.38418975472450256,-0.03839653730392456,0.847436249256134,0.3510929048061371,-0.04366859421133995,0.8565493226051331,0.32021358609199524,-0.0472143329679966,hello
0.7691457867622375,0.6005017161369324,2.418160249817447e-07,0.7160775661468506,0.5719807744026184,-0.02126365154981613,0.6738163828849792,0.523779571056366,-0.03120713122189045,0.651246190071106,0.4780072271823883,-0.03940536454319954,0.6320638060569763,0.43783193826675415,-0.04670093581080437,0.7143055200576782,0.41649580001831055,-0.011353490874171257,0.6960699558258057,0.34744349122047424,-0.024690469726920128,0.6871349811553955,0.3053185045719147,-0.03751029074192047,0.6819649338722229,0.2683351933956146,-0.047385893762111664,0.7467460632324219,0.4066934883594513,-0.01316853053867817,0.736491322517395,0.3302191495895386,-0.023367688059806824,0.7314658164978027,0.2840156853199005,-0.03432600200176239,0.7289392948150635,0.24528536200523376,-0.043037597090005875,0.7771638631820679,0.41543319821357727,-0.018847322091460228,0.7807721495628357,0.34750494360923767,-0.031334783881902695,0.7845495939254761,0.3038567304611206,-0.04128789156675339,0.787527859210968,0.2657102048397064,-0.04878581687808037,0.8064896464347839,0.43844857811927795,-0.026862571015954018,0.8180834650993347,0.3873589336872101,-0.038882434368133545,0.825676679611206,0.354500949382782,-0.0444614477455616,0.8322529792785645,0.3230586349964142,-0.04836671054363251,hello
0.7672123312950134,0.6056861281394958,1.8063266793433286e-07,0.7160329222679138,0.5779918432235718,-0.019247233867645264,0.6735146045684814,0.5292394161224365,-0.02864924818277359,0.6485466361045837,0.4831247329711914,-0.03691108152270317,0.6262843012809753,0.44243016839027405,-0.04427094757556915,0.7094751000404358,0.4240141808986664,-0.00858257245272398,0.6857419610023499,0.35635367035865784,-0.022073673084378242,0.6700127124786377,0.31727656722068787,-0.03539612516760826,0.65709388256073,0.28165334463119507,-0.04594741389155388,0.7398606538772583,0.4129458963871002,-0.011884509585797787,0.7229668498039246,0.33627575635910034,-0.022214055061340332,0.7131853103637695,0.2905218005180359,-0.03350366652011871,0.7051888108253479,0.2518976628780365,-0.04262008145451546,0.7701169848442078,0.42093050479888916,-0.01896090805530548,0.7674334049224854,0.3485560417175293,-0.03128247708082199,0.7671272158622742,0.3048078417778015,-0.039998557418584824,0.7654188275337219,0.2653852701187134,-0.04689282551407814,0.800792396068573,0.4427763521671295,-0.028285497799515724,0.807170033454895,0.388219952583313,-0.04004283621907234,0.8110102415084839,0.3528364896774292,-0.044629503041505814,0.8133770227432251,0.3182354271411896,-0.04802842438220978,hello
0.7751479148864746,0.5986279845237732,2.062330821672731e-07,0.7242340445518494,0.5673006772994995,-0.018647026270627975,0.682047426700592,0.519278883934021,-0.02784787304699421,0.6578261256217957,0.47498640418052673,-0.03599021956324577,0.6394858360290527,0.43326058983802795,-0.0433264896273613,0.7180249691009521,0.41818249225616455,-0.01064248662441969,0.6967883110046387,0.35041558742523193,-0.024939917027950287,0.6834122538566589,0.31109097599983215,-0.03826945647597313,0.6726768612861633,0.2750144600868225,-0.0484263114631176,0.7480853796005249,0.4082348048686981,-0.01390552707016468,0.7350508570671082,0.33230528235435486,-0.0242433063685894,0.726344645023346,0.2879166007041931,-0.034597963094711304,0.7187727093696594,0.25015392899513245,-0.04279038682579994,0.7782418131828308,0.41597795486450195,-0.02073971927165985,0.7755885720252991,0.3463168740272522,-0.03249421343207359,0.7726037502288818,0.30316054821014404,-0.03974754363298416,0.7686346173286438,0.26402509212493896,-0.045534614473581314,0.8088576197624207,0.437599241733551,-0.029857872053980827,0.8168997168540955,0.38606777787208557,-0.040784016251564026,0.8212379813194275,0.3526040315628052,-0.04403943940997124,0.8242116570472717,0.3197472393512726,-0.04627695307135582,hello
0.7814902067184448,0.5929034948348999,2.0579452097990725e-07,0.7291598320007324,0.5596137046813965,-0.01600612886250019,0.6896375417709351,0.5085128545761108,-0.02274343930184841,0.6705239415168762,0.4591720998287201,-0.028845058754086494,0.6538421511650085,0.4179426431655884,-0.03428857401013374,0.7313737273216248,0.4127451181411743,-0.007252619136124849,0.7125638723373413,0.3434525728225708,-0.019339248538017273,0.7022442817687988,0.3030102849006653,-0.030701404437422752,0.6948469877243042,0.26730191707611084,-0.03936713933944702,0.762397050857544,0.40457138419151306,-0.010943548753857613,0.7529622912406921,0.3273530900478363,-0.019592594355344772,0.7463387846946716,0.282059907913208,-0.029099034145474434,0.7411638498306274,0.24497543275356293,-0.03659779950976372,0.7922527194023132,0.4125511646270752,-0.017893636599183083,0.7944324016571045,0.3431016802787781,-0.028262056410312653,0.7950278520584106,0.300222247838974,-0.035127412527799606,0.7946994304656982,0.263240247964859,-0.04050499573349953,0.8217679262161255,0.4339601397514343,-0.026909785345196724,0.8330575227737427,0.3824739158153534,-0.036977726966142654,0.8383765816688538,0.3485322892665863,-0.040102917701005936,0.8424211740493774,0.31634753942489624,-0.042119964957237244,hello
0.7873921394348145,0.5897180438041687,2.3624701839253248e-07,0.7345452308654785,0.5562759041786194,-0.017555860802531242,0.6948512196540833,0.5032558441162109,-0.02432408183813095,0.6766837239265442,0.4513748288154602,-0.03012462705373764,0.6625284552574158,0.4061235189437866,-0.034920379519462585,0.7419701218605042,0.40613701939582825,-0.005182191263884306,0.7275769710540771,0.33596840500831604,-0.015847649425268173,0.7195459008216858,0.2954297661781311,-0.02689482644200325,0.7136240005493164,0.25950756669044495,-0.03569155931472778,0.7739300727844238,0.39984264969825745,-0.008032898418605328,0.7689881920814514,0.3232828974723816,-0.015137653797864914,0.765268862247467,0.278617262840271,-0.02420794777572155,0.7620707750320435,0.2422027885913849,-0.031776100397109985,0.80323725938797,0.4101887345314026,-0.014583620242774487,0.8085966110229492,0.3406775891780853,-0.024083703756332397,0.8118802309036255,0.2991389036178589,-0.030826160684227943,0.8137549757957458,0.2625426650047302,-0.0364631824195385,0.8315683007240295,0.43351924419403076,-0.023390963673591614,0.8456584215164185,0.38337546586990356,-0.03321278095245361,0.8537845611572266,0.35106146335601807,-0.03654829412698746,0.8608399033546448,0.31944775581359863,-0.03893044590950012,hello
0.7837892174720764,0.5903737545013428,2.531640461711504e-07,0.7324015498161316,0.5567269921302795,-0.018537620082497597,0.6947691440582275,0.5012132525444031,-0.02528352290391922,0.6770031452178955,0.44864627718925476,-0.030960531905293465,0.6599448919296265,0.40532413125038147,-0.03584203124046326,0.7430817484855652,0.4049655497074127,-0.004366583190858364,0.730770468711853,0.3356756269931793,-0.015034602023661137,0.7222155332565308,0.2951696515083313,-0.026692012324929237,0.7155146598815918,0.2583104968070984,-0.03610697016119957,0.7750817537307739,0.3991773724555969,-0.006966765504330397,0.7722882032394409,0.3227837383747101,-0.014022945426404476,0.7696965336799622,0.27630406618118286,-0.023620638996362686,0.7678777575492859,0.23800396919250488,-0.031790733337402344,0.8039668202400208,0.41044899821281433,-0.013520191423594952,0.8104066848754883,0.340047150850296,-0.023314792662858963,0.8140438199043274,0.2976232171058655,-0.031165357679128647,0.8165057301521301,0.25973057746887207,-0.0377592034637928,0.830855667591095,0.4342966079711914,-0.022435039281845093,0.8449356555938721,0.3848332166671753,-0.03264854475855827,0.8541866540908813,0.35328736901283264,-0.03676499053835869,0.8631784319877625,0.3220512270927429,-0.03993721306324005,hello
0.7791396975517273,0.5924444198608398,2.3129955195599905e-07,0.7274874448776245,0.5619370937347412,-0.0197522584348917,0.6879321336746216,0.5089858770370483,-0.02829040214419365,0.6677435040473938,0.4605790674686432,-0.03517358750104904,0.6511262655258179,0.41938620805740356,-0.04109904542565346,0.7312317490577698,0.40887928009033203,-0.009207176975905895,0.7169428467750549,0.3409016728401184,-0.020989149808883667,0.708882749080658,0.3005192279815674,-0.03285713493824005,0.7038397192955017,0.2645360827445984,-0.04223376885056496,0.7629775404930115,0.4018526077270508,-0.011058595031499863,0.7582783699035645,0.32618647813796997,-0.019635936245322227,0.7554332613945007,0.28117114305496216,-0.02953355573117733,0.7540827989578247,0.24266090989112854,-0.03759297728538513,0.7925004959106445,0.41233596205711365,-0.016532743349671364,0.7968489527702332,0.3439994156360626,-0.02729688212275505,0.801459789276123,0.30203211307525635,-0.03569409251213074,0.8054817318916321,0.2646943926811218,-0.04230358079075813,0.8208400011062622,0.4361846446990967,-0.024292638525366783,0.832778811454773,0.38586366176605225,-0.0351116843521595,0.8411298394203186,0.35299479961395264,-0.039693448692560196,0.8489949703216553,0.3209530711174011,-0.0429048128426075,hello
0.7198864221572876,0.6006810665130615,4.966111646353966e-07,0.7658181190490723,0.5444344282150269,-0.013542311266064644,0.7936757802963257,0.48585957288742065,-0.025248246267437935,0.8033891320228577,0.42863568663597107,-0.035311657935380936,0.8067038059234619,0.37854260206222534,-0.045806512236595154,0.7266302704811096,0.41299524903297424,-0.029836535453796387,0.7234995365142822,0.32257992029190063,-0.04523054137825966,0.7204791307449341,0.26782548427581787,-0.05449084937572479,0.717886209487915,0.22390387952327728,-0.06057630106806755,0.6927726864814758,0.4220057725906372,-0.031545527279376984,0.6771533489227295,0.3295069932937622,-0.048559848219156265,0.6658483147621155,0.2688065767288208,-0.06141139194369316,0.6562039852142334,0.2238381803035736,-0.07095351070165634,0.6655929088592529,0.44587263464927673,-0.03301018849015236,0.6388821005821228,0.37097373604774475,-0.04845714941620827,0.6216591000556946,0.3182016611099243,-0.06139171123504639,0.6087118983268738,0.2775348722934723,-0.07035571336746216,0.6445541977882385,0.4771743416786194,-0.03455803170800209,0.6165940165519714,0.423998087644577,-0.04975975304841995,0.5994359850883484,0.38822516798973083,-0.059203311800956726,0.5843669176101685,0.3551304340362549,-0.06484052538871765,hello
0.7679497003555298,0.5784018039703369,4.164052427313436e-07,0.8097375631332397,0.5320810079574585,-0.016625570133328438,0.8382910490036011,0.47788047790527344,-0.027582064270973206,0.8480621576309204,0.42796066403388977,-0.038205165416002274,0.8566586971282959,0.38365790247917175,-0.04990164935588837,0.7784996628761292,0.3934023976325989,-0.02045837976038456,0.7840088605880737,0.31596359610557556,-0.038322024047374725,0.7862181663513184,0.26943308115005493,-0.05243023857474327,0.7874170541763306,0.22880810499191284,-0.061963412910699844,0.7460348010063171,0.3953327238559723,-0.024971185252070427,0.7390859723091125,0.308313250541687,-0.03969106823205948,0.7353091835975647,0.25652289390563965,-0.052419520914554596,0.7303988337516785,0.21452100574970245,-0.06182132288813591,0.7179455161094666,0.41509926319122314,-0.0316183976829052,0.7004268765449524,0.3390997648239136,-0.0469571053981781,0.6898549795150757,0.29116296768188477,-0.05872116982936859,0.6810895204544067,0.25172126293182373,-0.06676632910966873,0.6924024820327759,0.44880157709121704,-0.03952597454190254,0.6678319573402405,0.3918517827987671,-0.05336447432637215,0.6581604480743408,0.3598635196685791,-0.05890103429555893,0.6512786149978638,0.3344614803791046,-0.06198594719171524,hello
0.7732865810394287,0.578187108039856,4.833449906982423e-07,0.8175458908081055,0.533018946647644,-0.012038583867251873,0.8487228155136108,0.4826291799545288,-0.0205672699958086,0.8609593510627747,0.43325483798980713,-0.029169321060180664,0.8704805374145508,0.3902212679386139,-0.03839417174458504,0.7928785085678101,0.3996541202068329,-0.014676585793495178,0.808078944683075,0.32064512372016907,-0.031033262610435486,0.8181136250495911,0.2732117176055908,-0.04366667941212654,0.8259205222129822,0.23376169800758362,-0.05133960023522377,0.7615943551063538,0.397386372089386,-0.018388886004686356,0.7644271850585938,0.30881157517433167,-0.03140711039304733,0.7666815519332886,0.2562803626060486,-0.04243988171219826,0.7664535641670227,0.21408149600028992,-0.050133366137742996,0.7333241105079651,0.41238895058631897,-0.023770149797201157,0.7192514538764954,0.3364253044128418,-0.03674261271953583,0.7119386792182922,0.28991562128067017,-0.046232789754867554,0.7067546248435974,0.25280970335006714,-0.05228942632675171,0.7068325877189636,0.44037216901779175,-0.029998600482940674,0.691089928150177,0.38010841608047485,-0.04034505784511566,0.6843895316123962,0.3437115252017975,-0.04381990805268288,0.679943859577179,0.31261947751045227,-0.04535074904561043,hello
0.7667018175125122,0.5740183591842651,5.103199782752199e-07,0.810724139213562,0.5269631147384644,-0.017969561740756035,0.8421831130981445,0.47742897272109985,-0.02916850335896015,0.85506272315979,0.4296647906303406,-0.039783887565135956,0.8689219355583191,0.3865908086299896,-0.05089404433965683,0.7895426154136658,0.39169731736183167,-0.018779432401061058,0.8056362271308899,0.31611573696136475,-0.03602642938494682,0.8141528964042664,0.268293559551239,-0.049686282873153687,0.8205875158309937,0.22727231681346893,-0.05862625688314438,0.7585451006889343,0.3910430371761322,-0.021098652854561806,0.7625635862350464,0.3072655200958252,-0.035091251134872437,0.7635980844497681,0.2551013231277466,-0.04680999368429184,0.7629220485687256,0.21287037432193756,-0.055062465369701385,0.7307145595550537,0.4078112840652466,-0.025648031383752823,0.7191805243492126,0.33545351028442383,-0.039291270077228546,0.7130352854728699,0.29069942235946655,-0.04845816269516945,0.7089137434959412,0.252533495426178,-0.05453948676586151,0.7039750218391418,0.4387035369873047,-0.031775251030921936,0.6903774738311768,0.38545843958854675,-0.04403063282370567,0.683334469795227,0.3509262800216675,-0.048254601657390594,0.677725613117218,0.31875714659690857,-0.05018660053610802,hello
0.7528314590454102,0.5704482793807983,4.780117706104647e-07,0.7911122441291809,0.5212369561195374,-0.018920673057436943,0.819286584854126,0.47234994173049927,-0.03110617585480213,0.8291053771972656,0.42703112959861755,-0.04262290522456169,0.8370458483695984,0.38622790575027466,-0.055063437670469284,0.7666598558425903,0.3894560933113098,-0.02288413606584072,0.7744584679603577,0.3131682872772217,-0.04163544997572899,0.7770278453826904,0.2673755884170532,-0.056632671505212784,0.7780542373657227,0.22781243920326233,-0.06642109900712967,0.7353551983833313,0.39305567741394043,-0.02655213512480259,0.7347874641418457,0.3072670102119446,-0.04168263450264931,0.7328504920005798,0.2556936740875244,-0.05514945462346077,0.7304412126541138,0.21350139379501343,-0.06482551991939545,0.7078356742858887,0.41265058517456055,-0.03238385170698166,0.6963071227073669,0.3381810188293457,-0.047140151262283325,0.6900556087493896,0.29169225692749023,-0.05790945887565613,0.686465322971344,0.25315985083580017,-0.06535646319389343,0.6813040971755981,0.4467906951904297,-0.039841484278440475,0.6644495725631714,0.3926996886730194,-0.05313301086425781,0.6584751605987549,0.3605504631996155,-0.057842522859573364,0.6555742025375366,0.3334152102470398,-0.06020689010620117,hello
0.7342402935028076,0.5792516469955444,3.9362157622235827e-07,0.7778753042221069,0.5275185108184814,-0.007471419405192137,0.8022584319114685,0.4737911522388458,-0.014345148578286171,0.8048128485679626,0.4211805760860443,-0.020361000671982765,0.8037383556365967,0.37701645493507385,-0.026645097881555557,0.7363294363021851,0.40231817960739136,-0.017875833436846733,0.7268924713134766,0.3191918730735779,-0.027716893702745438,0.7209817171096802,0.26979684829711914,-0.03381495550274849,0.7158228158950806,0.23047183454036713,-0.038015637546777725,0.7041829228401184,0.41120219230651855,-0.0197649747133255,0.6870768070220947,0.3270510733127594,-0.030675793066620827,0.675438642501831,0.27543121576309204,-0.03897684067487717,0.6658746600151062,0.23754093050956726,-0.04535432532429695,0.6777439713478088,0.4336126744747162,-0.021330859512090683,0.6502649784088135,0.36423832178115845,-0.03179626539349556,0.6331923604011536,0.31856822967529297,-0.04079682379961014,0.6204245686531067,0.2848249077796936,-0.047113388776779175,0.6567164063453674,0.4630568325519562,-0.02268616482615471,0.6270594000816345,0.41594740748405457,-0.03336883336305618,0.6082964539527893,0.38478755950927734,-0.039798472076654434,0.5927402377128601,0.3573152720928192,-0.04322434589266777,hello
0.7469794750213623,0.5732399225234985,4.025650355288235e-07,0.7894982695579529,0.522209644317627,-0.017442014068365097,0.8157934546470642,0.4671921730041504,-0.02570546790957451,0.8203826546669006,0.4171980321407318,-0.03276754915714264,0.8190633058547974,0.37314510345458984,-0.03968532010912895,0.7450057864189148,0.39163151383399963,-0.014455987140536308,0.7407743334770203,0.31591999530792236,-0.02665409818291664,0.7356337904930115,0.26979246735572815,-0.03727950528264046,0.7303276658058167,0.23163802921772003,-0.04462408274412155,0.7136462330818176,0.3976869285106659,-0.014543814584612846,0.699166476726532,0.31755954027175903,-0.025166919454932213,0.6888961791992188,0.2662782073020935,-0.03675239905714989,0.6802802085876465,0.22749100625514984,-0.045402009040117264,0.6884110569953918,0.4169527292251587,-0.016625478863716125,0.6684121489524841,0.35011327266693115,-0.027728065848350525,0.6586184501647949,0.30749374628067017,-0.039517082273960114,0.6510735750198364,0.27465081214904785,-0.047708045691251755,0.6680185794830322,0.4454701840877533,-0.020118964836001396,0.6433139443397522,0.4020633101463318,-0.03240397572517395,0.6251099109649658,0.3741498291492462,-0.04031861573457718,0.6081562638282776,0.34961846470832825,-0.044865891337394714,hello
0.7669078707695007,0.5731366872787476,4.2735507577162934e-07,0.8128611445426941,0.5264074802398682,-0.006216308102011681,0.8421220779418945,0.47650840878486633,-0.013322902843356133,0.8524369597434998,0.42551782727241516,-0.01995103806257248,0.8592445850372314,0.382551908493042,-0.02693927474319935,0.7881196141242981,0.39806464314460754,-0.017885450273752213,0.7982158660888672,0.3142886757850647,-0.031113285571336746,0.8041384220123291,0.2649517059326172,-0.039539676159620285,0.8084684014320374,0.22502946853637695,-0.04441531002521515,0.7570587992668152,0.3959176242351532,-0.021373344585299492,0.7583851218223572,0.3062994182109833,-0.033267538994550705,0.7605754733085632,0.2528117299079895,-0.0412425734102726,0.7610846161842346,0.21016356348991394,-0.04698339104652405,0.7286174893379211,0.41048961877822876,-0.024757295846939087,0.7175307869911194,0.333660751581192,-0.03560676425695419,0.7131567597389221,0.2881457507610321,-0.04283231496810913,0.7102964520454407,0.25332319736480713,-0.04773927479982376,0.702571451663971,0.4368504583835602,-0.028009645640850067,0.6815341711044312,0.3820953369140625,-0.03730754926800728,0.6701814532279968,0.3492116630077362,-0.040674708783626556,0.6598799228668213,0.32108619809150696,-0.04210599139332771,hello
0.7610527873039246,0.5671465992927551,4.755582665438851e-07,0.8037787675857544,0.520004153251648,-0.01633571833372116,0.8335274457931519,0.46988725662231445,-0.02582431025803089,0.8437907099723816,0.42289677262306213,-0.03481632471084595,0.8516604900360107,0.3812217116355896,-0.04387631267309189,0.7809434533119202,0.38533875346183777,-0.016794392839074135,0.79656583070755,0.3105262219905853,-0.03272806107997894,0.8044574856758118,0.26446545124053955,-0.04527615010738373,0.8105304837226868,0.2259851098060608,-0.05320536345243454,0.7498941421508789,0.38564345240592957,-0.01923789642751217,0.7522765398025513,0.3028566837310791,-0.03159184381365776,0.7536811828613281,0.25251275300979614,-0.0419682078063488,0.7548112869262695,0.2117333561182022,-0.04920512065291405,0.7226677536964417,0.4023429751396179,-0.023848017677664757,0.7135499119758606,0.3327031433582306,-0.03576521947979927,0.709191083908081,0.2889852523803711,-0.04431483894586563,0.707512617111206,0.2522265613079071,-0.0499795526266098,0.6977569460868835,0.43306079506874084,-0.030010437592864037,0.6799663305282593,0.3857487142086029,-0.04100058227777481,0.668190598487854,0.3537672460079193,-0.044916827231645584,0.6584063768386841,0.32533493638038635,-0.046495471149683,hello
0.7326077222824097,0.5713461637496948,4.4163164147903444e-07,0.7730914354324341,0.5151537656784058,-0.009979261085391045,0.7962907552719116,0.4642286002635956,-0.019452836364507675,0.7993667125701904,0.413644403219223,-0.02778155915439129,0.7961161732673645,0.3713122606277466,-0.03675378859043121,0.7318907976150513,0.3966282904148102,-0.024148201569914818,0.7287828326225281,0.3127549886703491,-0.0370885394513607,0.7267856597900391,0.26401248574256897,-0.045524679124355316,0.7255254983901978,0.22497084736824036,-0.05060400068759918,0.6994839906692505,0.40605536103248596,-0.026156030595302582,0.6886363625526428,0.3175268769264221,-0.03764946013689041,0.6822860240936279,0.2648511230945587,-0.04609941691160202,0.6781236529350281,0.22513097524642944,-0.05242036655545235,0.6740522384643555,0.42819762229919434,-0.02784113958477974,0.6555541753768921,0.3550284802913666,-0.037661112844944,0.6463693976402283,0.3094291687011719,-0.04511868208646774,0.6406713128089905,0.2755221724510193,-0.05074933171272278,0.6535783410072327,0.4591132700443268,-0.029695887118577957,0.627089262008667,0.4088633954524994,-0.0398406945168972,0.6126837730407715,0.37782201170921326,-0.044540584087371826,0.6013171672821045,0.35167187452316284,-0.046733275055885315,hello
0.7362566590309143,0.5695919990539551,3.832594472896744e-07,0.7764283418655396,0.514468252658844,-0.008997094817459583,0.7975711822509766,0.4603554904460907,-0.017362162470817566,0.7973958253860474,0.4088215231895447,-0.024500716477632523,0.7905345559120178,0.36662131547927856,-0.032040975987911224,0.7309405207633972,0.3956625461578369,-0.023221202194690704,0.718027651309967,0.31318628787994385,-0.0350976325571537,0.7090113162994385,0.26382145285606384,-0.041972193866968155,0.7011504173278809,0.22536472976207733,-0.04644528776407242,0.700790524482727,0.40737834572792053,-0.02528289519250393,0.6798510551452637,0.3232612609863281,-0.03794058412313461,0.6659978032112122,0.2710714638233185,-0.04650522395968437,0.6549263000488281,0.23291531205177307,-0.052922047674655914,0.6764609813690186,0.4314133822917938,-0.027080753818154335,0.6471906304359436,0.3619709014892578,-0.03897027298808098,0.6284010410308838,0.3157976269721985,-0.04866742715239525,0.6146712303161621,0.2820945978164673,-0.05532636120915413,0.6573792695999146,0.46197301149368286,-0.028720030561089516,0.6249634623527527,0.4157564043998718,-0.04074810817837715,0.6043182015419006,0.385352224111557,-0.04805909842252731,0.5874137878417969,0.35938727855682373,-0.05206657946109772,hello
0.7508889436721802,0.5608644485473633,3.833829964605684e-07,0.7884442210197449,0.5104072690010071,-0.019072486087679863,0.8127150535583496,0.45444661378860474,-0.027774788439273834,0.8132275938987732,0.40590959787368774,-0.03548850119113922,0.8104217648506165,0.3630976974964142,-0.042984701693058014,0.7408707141876221,0.380159467458725,-0.013078774325549603,0.7344492077827454,0.3070813715457916,-0.02634926326572895,0.7281782627105713,0.2622939646244049,-0.038348302245140076,0.7217265963554382,0.22472204267978668,-0.04651952162384987,0.7117379307746887,0.3865659534931183,-0.013170221820473671,0.6968659162521362,0.30958688259124756,-0.023612048476934433,0.6861753463745117,0.2610180377960205,-0.0353088416159153,0.6771527528762817,0.22317460179328918,-0.044037122279405594,0.6878824234008789,0.40455520153045654,-0.01586723141372204,0.6689052581787109,0.3398161232471466,-0.02701738104224205,0.6581466197967529,0.30018436908721924,-0.03831019625067711,0.6499773263931274,0.26975613832473755,-0.04604915529489517,0.6669286489486694,0.4337794780731201,-0.020374218001961708,0.6418960094451904,0.39328598976135254,-0.03173504024744034,0.623508095741272,0.3682474195957184,-0.0382741242647171,0.6067554950714111,0.3474172353744507,-0.04190319404006004,hello
0.7760039567947388,0.5539189577102661,3.4225570288981544e-07,0.8094244003295898,0.5050389766693115,-0.014215645380318165,0.831384539604187,0.45366090536117554,-0.02383744902908802,0.8347225189208984,0.408894419670105,-0.033753760159015656,0.8361403346061707,0.3697566092014313,-0.044443581253290176,0.7729087471961975,0.3725280165672302,-0.015475324355065823,0.7690309882164001,0.2989994287490845,-0.03347592428326607,0.7678972482681274,0.2540135085582733,-0.048297908157110214,0.7672970294952393,0.21657750010490417,-0.05789724364876747,0.7431792616844177,0.3766739070415497,-0.020619962364435196,0.7323197722434998,0.29788362979888916,-0.034542642533779144,0.7280715703964233,0.2506195902824402,-0.047241032123565674,0.7251049876213074,0.21231810748577118,-0.05632784590125084,0.7180498242378235,0.3959735631942749,-0.02795344591140747,0.7009387612342834,0.3267424702644348,-0.04089972749352455,0.6932820081710815,0.28166472911834717,-0.05027603730559349,0.6885170936584473,0.24393805861473083,-0.05684876814484596,0.6955795288085938,0.42967987060546875,-0.03674184903502464,0.6693630814552307,0.3814978003501892,-0.047835540026426315,0.6575543284416199,0.3517877161502838,-0.05114874616265297,0.6491050720214844,0.3270970582962036,-0.05260397493839264,hello
0.7790200114250183,0.5541216731071472,4.146266121551889e-07,0.8191317915916443,0.5089716911315918,-0.010497873649001122,0.8446885943412781,0.4618489444255829,-0.019318150356411934,0.8508843779563904,0.4156138598918915,-0.02828633412718773,0.8555886745452881,0.3724309504032135,-0.03766026720404625,0.7926103472709656,0.38091981410980225,-0.015044822357594967,0.7989521622657776,0.3021085858345032,-0.03130863606929779,0.8027142882347107,0.255976140499115,-0.043286051601171494,0.805428147315979,0.21721704304218292,-0.050718534737825394,0.7634649276733398,0.3805544674396515,-0.01920626498758793,0.7623353004455566,0.29558613896369934,-0.03220881521701813,0.7619331479072571,0.24509651958942413,-0.04202533885836601,0.7606480717658997,0.20312488079071045,-0.048907455056905746,0.7369176149368286,0.39665260910987854,-0.024945145472884178,0.7219939231872559,0.3236444592475891,-0.0378463938832283,0.7154253125190735,0.2795860767364502,-0.046212032437324524,0.7113131284713745,0.24326078593730927,-0.05145631358027458,0.7126275897026062,0.4259200096130371,-0.03139979764819145,0.6935052871704102,0.3720042109489441,-0.04199947044253349,0.6833906173706055,0.3401011824607849,-0.04549645632505417,0.6750912070274353,0.31244951486587524,-0.04691488295793533,hello
0.7747337818145752,0.5542570948600769,4.480574489207356e-07,0.816352903842926,0.5105531215667725,-0.016851205378770828,0.843257486820221,0.4635145962238312,-0.026763515546917915,0.8497074842453003,0.4187048077583313,-0.0362342931330204,0.8551576137542725,0.37716177105903625,-0.045725271105766296,0.7924941182136536,0.3813725709915161,-0.01749616488814354,0.8055776357650757,0.30926603078842163,-0.03533575311303139,0.8137146830558777,0.26505613327026367,-0.04926389828324318,0.8208340406417847,0.22690053284168243,-0.05816515162587166,0.7628881931304932,0.3800160884857178,-0.0198673103004694,0.7642162442207336,0.2983628809452057,-0.03408726304769516,0.7651433944702148,0.24700859189033508,-0.04590239375829697,0.7657155990600586,0.20349320769309998,-0.05438770353794098,0.7365792989730835,0.39514628052711487,-0.024570317938923836,0.7247944474220276,0.32656145095825195,-0.0384211465716362,0.7202074527740479,0.28520429134368896,-0.04786895588040352,0.718391478061676,0.2504838705062866,-0.054028648883104324,0.7120288014411926,0.42411988973617554,-0.030829042196273804,0.6943994760513306,0.3756219744682312,-0.04316309094429016,0.6844106912612915,0.3432033658027649,-0.048246804624795914,0.676300048828125,0.3129277527332306,-0.05088349059224129,hello
0.7672421932220459,0.5571467876434326,4.3774420532827207e-07,0.8080530762672424,0.5127382874488831,-0.016584666445851326,0.8320584297180176,0.46377140283584595,-0.02571195550262928,0.8349285125732422,0.42011773586273193,-0.034148190170526505,0.8372154235839844,0.37823858857154846,-0.04268131032586098,0.7796096801757812,0.38010525703430176,-0.019659757614135742,0.7880863547325134,0.30414798855781555,-0.0362723246216774,0.7919765114784241,0.2589421272277832,-0.04808817431330681,0.7942554354667664,0.2209244668483734,-0.05530324578285217,0.7491400241851807,0.3829081654548645,-0.021838467568159103,0.7460846900939941,0.300924152135849,-0.036001600325107574,0.7442293167114258,0.250239759683609,-0.046470750123262405,0.7423393130302429,0.20931348204612732,-0.05342372879385948,0.723359227180481,0.40187597274780273,-0.02608119323849678,0.7076762914657593,0.3341241478919983,-0.03989948332309723,0.7005475759506226,0.29065069556236267,-0.04869873449206352,0.6963921189308167,0.25394511222839355,-0.05391021817922592,0.7001613974571228,0.4347127676010132,-0.03171675279736519,0.6788959503173828,0.38560962677001953,-0.044402651488780975,0.6670023202896118,0.35317322611808777,-0.049234967678785324,0.657349169254303,0.32431262731552124,-0.05108490586280823,hello
0.7576571106910706,0.5697735548019409,4.0444251681037713e-07,0.7982333898544312,0.5186346173286438,-0.01126065757125616,0.8213825225830078,0.46908557415008545,-0.020227525383234024,0.8217188715934753,0.4225897490978241,-0.02856535278260708,0.8205572962760925,0.37988749146461487,-0.03734489530324936,0.7661347389221191,0.3936106264591217,-0.020202849060297012,0.7702475786209106,0.3143370747566223,-0.03440248966217041,0.7708349227905273,0.2673236131668091,-0.044397495687007904,0.770569384098053,0.22833816707134247,-0.0507955364882946,0.7350112795829773,0.39737993478775024,-0.02353990077972412,0.7257082462310791,0.3127335011959076,-0.0355423167347908,0.7189796566963196,0.26068007946014404,-0.045031748712062836,0.7135362029075623,0.22023776173591614,-0.05218883231282234,0.7073336243629456,0.41725942492485046,-0.027588117867708206,0.689924955368042,0.3435952365398407,-0.038953643292188644,0.6801894903182983,0.2972382605075836,-0.04810051620006561,0.6729032397270203,0.26075783371925354,-0.054721757769584656,0.6822624206542969,0.45010554790496826,-0.03204689174890518,0.6576798558235168,0.40093496441841125,-0.043626368045806885,0.6432455778121948,0.36654457449913025,-0.04937766492366791,0.6309582591056824,0.3367208242416382,-0.05233502760529518,hello
0.7534343004226685,0.5779567360877991,4.173831200660061e-07,0.793546736240387,0.5245959758758545,-0.006695891730487347,0.8157090544700623,0.4726124107837677,-0.015058670192956924,0.8168004155158997,0.42182502150535583,-0.022935867309570312,0.8157702088356018,0.37765008211135864,-0.0316249318420887,0.7572975158691406,0.40239185094833374,-0.023128893226385117,0.7587694525718689,0.31859469413757324,-0.03693418204784393,0.757860541343689,0.2686350345611572,-0.04510121047496796,0.7566820979118347,0.22756902873516083,-0.050241049379110336,0.7284644246101379,0.40801116824150085,-0.02747834287583828,0.715944230556488,0.3184627592563629,-0.04141412675380707,0.7045273780822754,0.2628844976425171,-0.05132478475570679,0.694830596446991,0.22116662561893463,-0.05863961577415466,0.7032687067985535,0.42928627133369446,-0.03117242455482483,0.6802322864532471,0.35331234335899353,-0.04427962750196457,0.6653308868408203,0.30704522132873535,-0.054057639092206955,0.6542048454284668,0.2734684944152832,-0.060582950711250305,0.6804189682006836,0.46162623167037964,-0.03437313809990883,0.6524620056152344,0.4098256826400757,-0.04696880280971527,0.6350727081298828,0.37686687707901,-0.05337174981832504,0.6197871565818787,0.34879809617996216,-0.05660651624202728,hello
0.24094344675540924,0.6035763025283813,2.7517208422978e-07,0.29416611790657043,0.5720828771591187,-0.017400167882442474,0.3252623975276947,0.5043312311172485,-0.020125873386859894,0.3386407196521759,0.4444217085838318,-0.022155843675136566,0.3600616455078125,0.41085243225097656,-0.02431541495025158,0.29507991671562195,0.41602420806884766,-0.008887352421879768,0.30539432168006897,0.3440970480442047,-0.019855579361319542,0.3091104030609131,0.29731684923171997,-0.029663685709238052,0.31074681878089905,0.2568247318267822,-0.03763322904706001,0.2653430104255676,0.40834635496139526,-0.010566754266619682,0.2758572995662689,0.32736778259277344,-0.020078197121620178,0.2811833918094635,0.2733457386493683,-0.030097726732492447,0.28443753719329834,0.22708721458911896,-0.0377245657145977,0.23572707176208496,0.4178749918937683,-0.015146699734032154,0.2384631633758545,0.34107837080955505,-0.027127329260110855,0.24082592129707336,0.2918955683708191,-0.039023179560899734,0.24391138553619385,0.24975822865962982,-0.04761775583028793,0.20370078086853027,0.4418817460536957,-0.021490801125764847,0.1861726939678192,0.39354464411735535,-0.035565514117479324,0.17657658457756042,0.3589712083339691,-0.04442602023482323,0.16953818500041962,0.3263895511627197,-0.05023440718650818,hello
0.2591235339641571,0.5764772891998291,1.9262934358721395e-07,0.30687272548675537,0.5492333769798279,-0.011986343190073967,0.33454594016075134,0.49379056692123413,-0.01361881848424673,0.3427966833114624,0.4447367787361145,-0.015638435259461403,0.3471418619155884,0.4070690870285034,-0.017510192468762398,0.30799973011016846,0.4027855694293976,0.0005655558779835701,0.31236883997917175,0.3393736779689789,-0.008281329646706581,0.3136330246925354,0.2998218536376953,-0.017912741750478745,0.31278786063194275,0.2677035629749298,-0.02488218992948532,0.27996453642845154,0.3942616879940033,-0.0022513114381581545,0.2844782769680023,0.32093775272369385,-0.008822298608720303,0.2861977219581604,0.2772049009799957,-0.01807081513106823,0.2863970994949341,0.24272507429122925,-0.02491915039718151,0.25214046239852905,0.39825767278671265,-0.007719843648374081,0.25661057233810425,0.32856059074401855,-0.01536879688501358,0.2600102126598358,0.28582921624183655,-0.023397117853164673,0.26248812675476074,0.2515777349472046,-0.029177458956837654,0.22141091525554657,0.4155696928501129,-0.014761524274945259,0.21691760420799255,0.363427996635437,-0.022688772529363632,0.21589307487010956,0.3290567398071289,-0.026172570884227753,0.21554213762283325,0.2998929023742676,-0.028198016807436943,hello
0.27344927191734314,0.5955699682235718,1.964030786894e-07,0.3230017423629761,0.5760964155197144,-0.014159639365971088,0.3556051552295685,0.5229694843292236,-0.018523382022976875,0.3716500997543335,0.47425317764282227,-0.022626088932156563,0.38788479566574097,0.4423356354236603,-0.026664216071367264,0.33529961109161377,0.4202174246311188,-0.007599278353154659,0.34739258885383606,0.35336893796920776,-0.019022146239876747,0.3522077202796936,0.31375330686569214,-0.030063290148973465,0.35375744104385376,0.2802330553531647,-0.03790348768234253,0.30570125579833984,0.407675564289093,-0.009952262975275517,0.31650614738464355,0.3333571255207062,-0.017774268984794617,0.32133010029792786,0.29004621505737305,-0.027045685797929764,0.3230089545249939,0.2557636499404907,-0.034060098230838776,0.2766120731830597,0.4105585813522339,-0.014616268686950207,0.2831544280052185,0.34145587682724,-0.022301295772194862,0.28841498494148254,0.29965096712112427,-0.02940293587744236,0.29060325026512146,0.26628804206848145,-0.03475187346339226,0.24517059326171875,0.4280264377593994,-0.02099873125553131,0.2437499761581421,0.3734287619590759,-0.028829649090766907,0.24469827115535736,0.3376230001449585,-0.03150450438261032,0.24455389380455017,0.30769258737564087,-0.03288595378398895,hello
0.2611004412174225,0.6018712520599365,3.0935947847865464e-07,0.3175009489059448,0.5931805968284607,-0.01786528341472149,0.3618673086166382,0.539786696434021,-0.020626839250326157,0.38336923718452454,0.48508220911026,-0.022066345438361168,0.4071269929409027,0.45268934965133667,-0.022954024374485016,0.346086323261261,0.4379214942455292,-0.0035629961639642715,0.3743150234222412,0.3757091462612152,-0.012933687306940556,0.3908676207065582,0.33898794651031494,-0.022497396916151047,0.40370839834213257,0.3086518943309784,-0.029606711119413376,0.3183417320251465,0.4206318259239197,-0.0030780830420553684,0.34363535046577454,0.34846848249435425,-0.009777366183698177,0.3592808246612549,0.30608218908309937,-0.01847187615931034,0.3710229992866516,0.27131539583206177,-0.02514558471739292,0.2895704209804535,0.41807398200035095,-0.005856004077941179,0.3058173358440399,0.3487686514854431,-0.015160907991230488,0.31949251890182495,0.30793142318725586,-0.023334134370088577,0.3311888575553894,0.2753888964653015,-0.029065299779176712,0.2562240660190582,0.42852547764778137,-0.010640130378305912,0.25834953784942627,0.3752487897872925,-0.020630374550819397,0.26381751894950867,0.34096747636795044,-0.025166748091578484,0.26994848251342773,0.310433030128479,-0.0278474111109972,hello
0.24967503547668457,0.5943065881729126,3.401821686566109e-07,0.3055613338947296,0.572298526763916,-0.014973163604736328,0.34765681624412537,0.5226708054542542,-0.02022727020084858,0.36892640590667725,0.47565945982933044,-0.025297986343503,0.39565926790237427,0.45116159319877625,-0.03066076897084713,0.3375692069530487,0.43450888991355896,-0.008526159450411797,0.3673206567764282,0.37278422713279724,-0.0207506250590086,0.3845130205154419,0.3374873101711273,-0.03150920942425728,0.3987090587615967,0.30898940563201904,-0.039022233337163925,0.30714482069015503,0.4163132607936859,-0.011342248879373074,0.33213597536087036,0.3451552391052246,-0.0202635545283556,0.347459614276886,0.3034117817878723,-0.0291985385119915,0.3606295585632324,0.2706805467605591,-0.03598371148109436,0.2745901048183441,0.41448450088500977,-0.016901999711990356,0.291025310754776,0.34484440088272095,-0.02647085301578045,0.3031673729419708,0.3040737509727478,-0.03454648703336716,0.31553688645362854,0.2715451121330261,-0.04079598933458328,0.2375340759754181,0.42624804377555847,-0.02412431687116623,0.2365647554397583,0.37314170598983765,-0.03428154066205025,0.23891188204288483,0.3392672836780548,-0.038670651614665985,0.24285194277763367,0.30926215648651123,-0.04137633368372917,hello
0.22844389081001282,0.5759373903274536,3.751872270640888e-07,0.2822816073894501,0.5487728118896484,-0.018653996288776398,0.3245561718940735,0.5026447772979736,-0.027153784409165382,0.347606897354126,0.4572846591472626,-0.035236235707998276,0.3718028962612152,0.42487162351608276,-0.04353724420070648,0.3041830360889435,0.4076539874076843,-0.012884203344583511,0.3284580707550049,0.34635335206985474,-0.02980036288499832,0.3450402617454529,0.31096023321151733,-0.04416903108358383,0.3581404685974121,0.2839325964450836,-0.05342401564121246,0.2748757600784302,0.3921436369419098,-0.015420613810420036,0.29898926615715027,0.32457107305526733,-0.028349753469228745,0.3146283030509949,0.2859904170036316,-0.03936312720179558,0.3280048668384552,0.258387953042984,-0.046760573983192444,0.2425430715084076,0.3928375542163849,-0.02121294103562832,0.25830888748168945,0.32440242171287537,-0.03482263907790184,0.27058809995651245,0.2872845530509949,-0.043092090636491776,0.2827945947647095,0.2610553503036499,-0.04830498993396759,0.20573201775550842,0.4089006185531616,-0.028990846127271652,0.20071250200271606,0.3566286563873291,-0.04222167655825615,0.19939401745796204,0.3247183859348297,-0.04708929732441902,0.1989690065383911,0.29927533864974976,-0.048960328102111816,hello
0.20916327834129333,0.5633059740066528,2.608680915727746e-07,0.26384392380714417,0.5365595817565918,-0.017125558108091354,0.3025588393211365,0.4845350384712219,-0.021620215848088264,0.32170289754867554,0.43666014075279236,-0.025805510580539703,0.3439137935638428,0.41195037961006165,-0.03020358271896839,0.2724062204360962,0.3900775611400604,-0.009731950238347054,0.292773574590683,0.32608187198638916,-0.02001093327999115,0.302623450756073,0.28583836555480957,-0.029525216668844223,0.30784231424331665,0.2517653703689575,-0.03729274123907089,0.23687595129013062,0.37804079055786133,-0.011337688192725182,0.23482052981853485,0.30478066205978394,-0.0217155609279871,0.23056627810001373,0.2615841031074524,-0.03217145800590515,0.22430792450904846,0.22797688841819763,-0.03985784947872162,0.20467858016490936,0.3826163709163666,-0.015423206612467766,0.19897796213626862,0.31406623125076294,-0.02672041766345501,0.19668257236480713,0.2712492346763611,-0.03555446118116379,0.19460707902908325,0.23541657626628876,-0.04186214879155159,0.17301428318023682,0.4030766785144806,-0.021438373252749443,0.15697848796844482,0.35410094261169434,-0.03331061080098152,0.14908379316329956,0.3218901753425598,-0.038919754326343536,0.1438366323709488,0.29198157787323,-0.04195079207420349,hello
0.19922471046447754,0.5595357418060303,3.5470623060973594e-07,0.25356540083885193,0.5356091260910034,-0.020088989287614822,0.29335516691207886,0.48211297392845154,-0.02575681358575821,0.31592682003974915,0.4312853515148163,-0.03014010190963745,0.3408629894256592,0.40505892038345337,-0.03418973833322525,0.2544703185558319,0.3820692300796509,-0.01190198864787817,0.2709934413433075,0.3152194023132324,-0.021306239068508148,0.2777361571788788,0.2736254930496216,-0.030155925080180168,0.2811344563961029,0.23865428566932678,-0.03744443878531456,0.21994541585445404,0.3715824782848358,-0.011672171764075756,0.22250863909721375,0.29357945919036865,-0.01965654082596302,0.2229384034872055,0.24661599099636078,-0.028307361528277397,0.22059372067451477,0.2108965814113617,-0.03487014025449753,0.18851523101329803,0.37844619154930115,-0.014181215316057205,0.17924967408180237,0.3083987534046173,-0.024398112669587135,0.1754227578639984,0.2660949230194092,-0.03376837447285652,0.17229434847831726,0.23139013350009918,-0.04030712693929672,0.15809926390647888,0.40087950229644775,-0.018761778250336647,0.13725368678569794,0.3530922830104828,-0.0307038314640522,0.12577812373638153,0.32123857736587524,-0.0374084934592247,0.11764869838953018,0.29093313217163086,-0.04115638881921768,hello
0.20158061385154724,0.5623987317085266,3.1427626367985795e-07,0.25723129510879517,0.5366764068603516,-0.018982023000717163,0.2984239161014557,0.4859899580478668,-0.025402750819921494,0.32082080841064453,0.4378657937049866,-0.03099779598414898,0.34538817405700684,0.4134059548377991,-0.0363873615860939,0.25944533944129944,0.3826099932193756,-0.009748107753694057,0.27562597393989563,0.3171236515045166,-0.019290339201688766,0.2822374403476715,0.2745503783226013,-0.028631793335080147,0.2854751944541931,0.23967203497886658,-0.036185432225465775,0.2256687581539154,0.37234076857566833,-0.010677280835807323,0.22667774558067322,0.29277193546295166,-0.018284736201167107,0.22633038461208344,0.24650751054286957,-0.026851652190089226,0.22435717284679413,0.21173833310604095,-0.033433470875024796,0.19446979463100433,0.37883836030960083,-0.014412825927138329,0.18664218485355377,0.3067220449447632,-0.024430766701698303,0.18362854421138763,0.26375436782836914,-0.033863816410303116,0.1812479943037033,0.2299324870109558,-0.040529366582632065,0.1638839840888977,0.4005380868911743,-0.02015887387096882,0.14091214537620544,0.35108739137649536,-0.031880490481853485,0.12787504494190216,0.31754830479621887,-0.038066234439611435,0.11780738085508347,0.2869102358818054,-0.04159454256296158,hello
0.21210621297359467,0.5782977938652039,3.287137815277674e-07,0.2682071626186371,0.557944118976593,-0.01742515340447426,0.3149757385253906,0.5099765062332153,-0.02518877200782299,0.3479580581188202,0.4662300944328308,-0.0327768437564373,0.3785051107406616,0.44893011450767517,-0.040987301617860794,0.28350383043289185,0.4059441387653351,-0.015769265592098236,0.305481880903244,0.3363466262817383,-0.028426680713891983,0.31540995836257935,0.2954065799713135,-0.03910406678915024,0.32154321670532227,0.26082563400268555,-0.04708632454276085,0.25047391653060913,0.39010486006736755,-0.018873032182455063,0.26098495721817017,0.30701327323913574,-0.028609231114387512,0.26569223403930664,0.25776392221450806,-0.03839855641126633,0.2657437026500702,0.2197180986404419,-0.04585019499063492,0.21688981354236603,0.3920380771160126,-0.024263836443424225,0.21413110196590424,0.31485581398010254,-0.03528619930148125,0.21234038472175598,0.2679784893989563,-0.04607579857110977,0.2097751647233963,0.23093156516551971,-0.05376959964632988,0.18287618458271027,0.4100427031517029,-0.031402211636304855,0.16341960430145264,0.3549460768699646,-0.04360540956258774,0.15118494629859924,0.3194698095321655,-0.050196968019008636,0.14098989963531494,0.2880878746509552,-0.054074957966804504,hello
0.22256308794021606,0.5997051000595093,3.571120998913102e-07,0.281078964471817,0.5831350088119507,-0.017377374693751335,0.33112484216690063,0.5385104417800903,-0.02510610967874527,0.3660850524902344,0.49977052211761475,-0.032600682228803635,0.3984921872615814,0.48728811740875244,-0.04083424434065819,0.3029513359069824,0.43236926198005676,-0.016661375761032104,0.33543840050697327,0.36598414182662964,-0.030268240720033646,0.3520624041557312,0.3255656957626343,-0.04143618047237396,0.3640470504760742,0.2929290533065796,-0.04942621663212776,0.27136075496673584,0.41298753023147583,-0.01976439356803894,0.2934896647930145,0.3317996859550476,-0.029935449361801147,0.30588382482528687,0.2832523584365845,-0.039961300790309906,0.3124788999557495,0.24590428173542023,-0.0476149320602417,0.23836271464824677,0.41120296716690063,-0.025200583040714264,0.24557709693908691,0.3321433663368225,-0.03615877777338028,0.25019487738609314,0.2841174006462097,-0.04760078713297844,0.2528706192970276,0.2460101991891861,-0.05596008151769638,0.20382699370384216,0.4265797734260559,-0.03232565522193909,0.18720507621765137,0.36878395080566406,-0.04450124874711037,0.1783343404531479,0.3298902213573456,-0.051610689610242844,0.17144858837127686,0.29586344957351685,-0.05602587014436722,hello
0.21602804958820343,0.6001162528991699,4.4170471369398e-07,0.2750280797481537,0.5897946357727051,-0.020321423187851906,0.3295488953590393,0.5521692633628845,-0.02970951236784458,0.3698640465736389,0.5160368084907532,-0.03826222941279411,0.4048319160938263,0.5045581459999084,-0.04702196642756462,0.3098462224006653,0.4407802224159241,-0.01686609908938408,0.34678733348846436,0.37888288497924805,-0.031304165720939636,0.3670739531517029,0.34130948781967163,-0.04320348799228668,0.38385090231895447,0.30918174982070923,-0.05187360197305679,0.27977636456489563,0.41881561279296875,-0.01814296655356884,0.3103772699832916,0.34461474418640137,-0.02924746461212635,0.3299137055873871,0.3002323508262634,-0.038923557847738266,0.34482628107070923,0.2635742425918579,-0.04600534588098526,0.24634060263633728,0.414437472820282,-0.022318974137306213,0.25692498683929443,0.3385648727416992,-0.0344618558883667,0.2662917673587799,0.2936476767063141,-0.044408708810806274,0.27618408203125,0.2572496235370636,-0.0513102151453495,0.21056658029556274,0.4264068603515625,-0.028632687404751778,0.1994224488735199,0.37024030089378357,-0.04139607027173042,0.19468945264816284,0.33250346779823303,-0.047754254192113876,0.19321250915527344,0.2973027229309082,-0.0514119490981102,hello
0.20824219286441803,0.5876099467277527,4.6038096002121165e-07,0.265348881483078,0.5723806619644165,-0.01901250332593918,0.31808412075042725,0.5328964591026306,-0.02849918231368065,0.35847413539886475,0.4998534917831421,-0.03711196035146713,0.39378049969673157,0.4926648437976837,-0.04599863663315773,0.2996389865875244,0.43392691016197205,-0.019773755222558975,0.33604857325553894,0.3735550343990326,-0.03369312360882759,0.355420857667923,0.33521154522895813,-0.0444771870970726,0.37054285407066345,0.3023747205734253,-0.05232580751180649,0.2695225179195404,0.4122757613658905,-0.02201208658516407,0.30368125438690186,0.3412298858165741,-0.032522961497306824,0.32299521565437317,0.29709091782569885,-0.04058733582496643,0.33698010444641113,0.26068365573883057,-0.046657007187604904,0.23592664301395416,0.40754133462905884,-0.02676406316459179,0.24978643655776978,0.3342147171497345,-0.03799314424395561,0.2595382034778595,0.2914913296699524,-0.0459815114736557,0.2687138319015503,0.2570589482784271,-0.05178824067115784,0.1986618936061859,0.41856706142425537,-0.033471859991550446,0.18840807676315308,0.363281786441803,-0.04480753839015961,0.1842484474182129,0.3273683488368988,-0.04956265166401863,0.18276357650756836,0.29425305128097534,-0.05236702784895897,hello
0.19660314917564392,0.5732462406158447,4.4782967734136037e-07,0.25222569704055786,0.5523595213890076,-0.01980915106832981,0.30011889338493347,0.5078291893005371,-0.02952525205910206,0.33920401334762573,0.47149211168289185,-0.03848192095756531,0.3749481439590454,0.4608203172683716,-0.0479472279548645,0.27797314524650574,0.41038644313812256,-0.021674733608961105,0.3064000606536865,0.34408098459243774,-0.03633494675159454,0.32208919525146484,0.3049938678741455,-0.04719104245305061,0.33411139249801636,0.2708654999732971,-0.055235520005226135,0.24643194675445557,0.3916451632976532,-0.02432023175060749,0.26961854100227356,0.31688809394836426,-0.036175716668367386,0.2833690345287323,0.27155300974845886,-0.04563678428530693,0.2920103371143341,0.2338171750307083,-0.052720364183187485,0.21223700046539307,0.39155077934265137,-0.029498538002371788,0.21472814679145813,0.31824976205825806,-0.04247187077999115,0.21806620061397552,0.2723739743232727,-0.0525524877011776,0.22156967222690582,0.23415282368659973,-0.05979755520820618,0.17622575163841248,0.40794867277145386,-0.03666163980960846,0.16220472753047943,0.3535972237586975,-0.04998320713639259,0.15472674369812012,0.31762850284576416,-0.056894317269325256,0.15012624859809875,0.28327977657318115,-0.061217278242111206,hello
0.18683628737926483,0.5633054971694946,3.761730908991012e-07,0.241808220744133,0.5411900877952576,-0.01891326531767845,0.2886091470718384,0.49481824040412903,-0.026141073554754257,0.3215431571006775,0.45546188950538635,-0.03282842040061951,0.3510696589946747,0.4397476315498352,-0.039908021688461304,0.259012371301651,0.39426544308662415,-0.017163995653390884,0.28363901376724243,0.3287011682987213,-0.029516134411096573,0.2963888943195343,0.28855639696121216,-0.039606910198926926,0.3059403896331787,0.2534458041191101,-0.047542471438646317,0.22540678083896637,0.3785499632358551,-0.01944824680685997,0.2380625456571579,0.30138397216796875,-0.029592538252472878,0.24622873961925507,0.25493723154067993,-0.03912241384387016,0.2508789598941803,0.21753637492656708,-0.046655748039484024,0.19228681921958923,0.38166409730911255,-0.02424374781548977,0.19096620380878448,0.3097643554210663,-0.03615967929363251,0.19171574711799622,0.2639959454536438,-0.0469575934112072,0.19237829744815826,0.2259703278541565,-0.05487370118498802,0.15881125628948212,0.40112099051475525,-0.030994458124041557,0.14049267768859863,0.34935396909713745,-0.04451410844922066,0.1301908791065216,0.3137013912200928,-0.052532754838466644,0.12268389761447906,0.2795891761779785,-0.057569168508052826,hello
0.1876879185438156,0.5617733001708984,3.994203723323153e-07,0.2435254603624344,0.539183497428894,-0.020131584256887436,0.2878854274749756,0.4940842390060425,-0.02819669432938099,0.31830623745918274,0.4527973532676697,-0.03541601076722145,0.34639307856559753,0.433074951171875,-0.0425972044467926,0.2534269094467163,0.3904637396335602,-0.015705984085798264,0.27801352739334106,0.32672998309135437,-0.02819439209997654,0.28994542360305786,0.2856070399284363,-0.03890513256192207,0.2977408766746521,0.24953417479991913,-0.047426987439394,0.21878011524677277,0.3755994141101837,-0.017466267570853233,0.22792531549930573,0.29612380266189575,-0.02869425155222416,0.23389971256256104,0.2463844269514084,-0.039360739290714264,0.23626798391342163,0.2060752958059311,-0.047407664358615875,0.1858166754245758,0.3800464868545532,-0.02195548266172409,0.17958390712738037,0.3069199025630951,-0.03542879596352577,0.17701484262943268,0.259056955575943,-0.047251928597688675,0.17504660785198212,0.21860432624816895,-0.05539614334702492,0.15393385291099548,0.40093207359313965,-0.02838180400431156,0.13214734196662903,0.34797143936157227,-0.04304273799061775,0.11944857984781265,0.31216633319854736,-0.05122615769505501,0.11056797206401825,0.277601420879364,-0.056122034788131714,hello
0.1931695193052292,0.5664502382278442,3.619351218731026e-07,0.248714879155159,0.5453007817268372,-0.016089532524347305,0.2943855822086334,0.4994422197341919,-0.02291884645819664,0.3241718113422394,0.4604676365852356,-0.029880378395318985,0.35062292218208313,0.4445752203464508,-0.03724275529384613,0.2613237500190735,0.394459992647171,-0.01297440193593502,0.2851428687572479,0.3309006094932556,-0.025700969621539116,0.29808247089385986,0.290811687707901,-0.0365532748401165,0.3070299029350281,0.2565981149673462,-0.044892817735672,0.22772696614265442,0.3795223832130432,-0.016803164035081863,0.23622117936611176,0.2987329065799713,-0.027427714318037033,0.2424038052558899,0.2504737377166748,-0.037298187613487244,0.2450074702501297,0.21235620975494385,-0.04470646008849144,0.1953330636024475,0.3833070695400238,-0.02309601940214634,0.18858852982521057,0.30808818340301514,-0.035626720637083054,0.18499404191970825,0.2600904405117035,-0.04702550545334816,0.18175064027309418,0.22122874855995178,-0.05489398166537285,0.16360831260681152,0.40389561653137207,-0.031029824167490005,0.1414182484149933,0.34989044070243835,-0.044769804924726486,0.12765565514564514,0.3131249248981476,-0.05224171653389931,0.11667423695325851,0.27896228432655334,-0.056701600551605225,hello
0.20573562383651733,0.5809708833694458,3.532601624556264e-07,0.26172956824302673,0.5616612434387207,-0.015829499810934067,0.3104262351989746,0.5176263451576233,-0.024093981832265854,0.34570831060409546,0.4819166958332062,-0.03296494483947754,0.37707042694091797,0.4717434346675873,-0.04289005696773529,0.28134864568710327,0.41414639353752136,-0.017116406932473183,0.3068992793560028,0.3481721878051758,-0.031769003719091415,0.3210723102092743,0.3089008927345276,-0.043707992881536484,0.3306519687175751,0.27509555220603943,-0.05245397239923477,0.24931001663208008,0.396628201007843,-0.022101910784840584,0.26379793882369995,0.31612828373908997,-0.033728037029504776,0.27164897322654724,0.26624569296836853,-0.04456744343042374,0.2738260328769684,0.22631970047950745,-0.05292487516999245,0.2159755527973175,0.3977212905883789,-0.029301008209586143,0.21601244807243347,0.3204619884490967,-0.041553959250450134,0.21449993550777435,0.2704969048500061,-0.05353831872344017,0.2120562642812729,0.22975490987300873,-0.06232133507728577,0.1817263513803482,0.41538548469543457,-0.03811559081077576,0.16270118951797485,0.3590143620967865,-0.05081341415643692,0.15043100714683533,0.3208164572715759,-0.05807855352759361,0.14065048098564148,0.2866811752319336,-0.06284832954406738,hello
0.2099643498659134,0.5956430435180664,3.700675108575524e-07,0.26925137639045715,0.5820550918579102,-0.015128860250115395,0.3222883343696594,0.5410736799240112,-0.021665066480636597,0.36036840081214905,0.5064302086830139,-0.028604021295905113,0.39188921451568604,0.4945168197154999,-0.0365990549325943,0.2984480559825897,0.43364816904067993,-0.015390222892165184,0.33107078075408936,0.3693840503692627,-0.028856327757239342,0.3487851321697235,0.3307429552078247,-0.039563633501529694,0.3613007664680481,0.297823041677475,-0.04747961461544037,0.26701903343200684,0.4135672450065613,-0.02002442628145218,0.2885076701641083,0.33223265409469604,-0.03070095367729664,0.3015097677707672,0.28343355655670166,-0.04113294184207916,0.3075737953186035,0.24504230916500092,-0.049290578812360764,0.234026700258255,0.41248947381973267,-0.02687535621225834,0.23792102932929993,0.3347082734107971,-0.03894384205341339,0.23919832706451416,0.2843726575374603,-0.0514160618185997,0.23869553208351135,0.24410541355609894,-0.060564443469047546,0.19932901859283447,0.42786934971809387,-0.03517363220453262,0.18318240344524384,0.36972323060035706,-0.04849780723452568,0.17344048619270325,0.3304843306541443,-0.05654596909880638,0.16564129292964935,0.29562562704086304,-0.06182970479130745,hello
0.20831088721752167,0.5936957001686096,4.5771844270348083e-07,0.26677778363227844,0.5805877447128296,-0.02091285213828087,0.3198229968547821,0.5441136956214905,-0.030703583732247353,0.35975098609924316,0.5094896554946899,-0.03967336192727089,0.3935934007167816,0.49511414766311646,-0.04881921410560608,0.29911908507347107,0.43772292137145996,-0.01781313121318817,0.3348620533943176,0.3766114413738251,-0.032848283648490906,0.3552529811859131,0.338163286447525,-0.04493027552962303,0.3720044195652008,0.30535057187080383,-0.05353502929210663,0.26975274085998535,0.41665905714035034,-0.019295338541269302,0.2987275719642639,0.3415364623069763,-0.031031569465994835,0.31650418043136597,0.29461944103240967,-0.04134271666407585,0.32996320724487305,0.2560831904411316,-0.049078866839408875,0.23727624118328094,0.41276198625564575,-0.023792671039700508,0.2460981160402298,0.33847305178642273,-0.03668367862701416,0.25278618931770325,0.2917570173740387,-0.047586359083652496,0.25982385873794556,0.2537801265716553,-0.05534447357058525,0.2012721449136734,0.42448869347572327,-0.03041420504450798,0.18902045488357544,0.3686119318008423,-0.043572135269641876,0.18269486725330353,0.3303283154964447,-0.05027927830815315,0.17973315715789795,0.2940765619277954,-0.05446743965148926,hello
0.20064134895801544,0.5825654864311218,4.5072874854668044e-07,0.257241427898407,0.5646559000015259,-0.018497508019208908,0.30876219272613525,0.5236121416091919,-0.02724960260093212,0.3472661077976227,0.48996347188949585,-0.03529336303472519,0.38044285774230957,0.48148274421691895,-0.04359174519777298,0.289230078458786,0.4278234839439392,-0.01822809688746929,0.32291367650032043,0.36688941717147827,-0.03198523074388504,0.3411855697631836,0.3280290365219116,-0.04290928691625595,0.3555733561515808,0.2945604920387268,-0.05079376697540283,0.25803762674331665,0.40653395652770996,-0.020417559891939163,0.28779417276382446,0.33372122049331665,-0.03059774450957775,0.3055020570755005,0.2888370156288147,-0.038826726377010345,0.31865769624710083,0.2517559826374054,-0.04497238248586655,0.22454899549484253,0.40304699540138245,-0.025080079212784767,0.23590494692325592,0.3305015563964844,-0.0356229804456234,0.24446585774421692,0.2872275710105896,-0.04361926391720772,0.25268489122390747,0.25185614824295044,-0.04953145608305931,0.18875303864479065,0.4155415892601013,-0.03176460787653923,0.17973081767559052,0.36149346828460693,-0.0424763560295105,0.1756962388753891,0.32556042075157166,-0.047138337045907974,0.17388075590133667,0.29190412163734436,-0.04991983249783516,hello
0.19210803508758545,0.5683948993682861,4.0024872305366443e-07,0.24676549434661865,0.5476034283638,-0.01851608045399189,0.29395848512649536,0.5076079368591309,-0.02759949117898941,0.3281446695327759,0.471312552690506,-0.03615006431937218,0.35546159744262695,0.44892263412475586,-0.04503415524959564,0.271431565284729,0.40619295835494995,-0.020112041383981705,0.2983556091785431,0.3408344089984894,-0.03500118851661682,0.3123946785926819,0.30149611830711365,-0.04648634418845177,0.32296356558799744,0.2669147849082947,-0.05469461902976036,0.24014733731746674,0.38856133818626404,-0.02310524322092533,0.2618660032749176,0.3140289783477783,-0.035057198256254196,0.27434346079826355,0.26884961128234863,-0.04501066729426384,0.2822512984275818,0.23100101947784424,-0.05244152992963791,0.20649081468582153,0.3888896405696869,-0.028472701087594032,0.2115539163351059,0.31671398878097534,-0.04121888428926468,0.21461668610572815,0.27119073271751404,-0.051051631569862366,0.2173963487148285,0.2325107753276825,-0.05818253755569458,0.17084534466266632,0.4054602086544037,-0.03567015752196312,0.15896694362163544,0.35212135314941406,-0.04900282993912697,0.1520480215549469,0.3164568841457367,-0.055469051003456116,0.14731159806251526,0.28254348039627075,-0.05927722901105881,hello
0.18571056425571442,0.5607763528823853,3.38081207473806e-07,0.23939917981624603,0.538664698600769,-0.01686312071979046,0.2831910252571106,0.49017828702926636,-0.022491609677672386,0.3112758696079254,0.4491081237792969,-0.027937596663832664,0.3365286886692047,0.43164846301078796,-0.033690571784973145,0.25434768199920654,0.3922850787639618,-0.014758516103029251,0.2763797342777252,0.3272901773452759,-0.02643907628953457,0.28769540786743164,0.28655311465263367,-0.03601880744099617,0.29589465260505676,0.2515684962272644,-0.04370485991239548,0.2210433930158615,0.37673652172088623,-0.017806727439165115,0.23096221685409546,0.29866504669189453,-0.02802165038883686,0.23784933984279633,0.25138458609580994,-0.037733398377895355,0.24159668385982513,0.2131005823612213,-0.04530760273337364,0.18844622373580933,0.38005709648132324,-0.023149831220507622,0.18560537695884705,0.3077443540096283,-0.035068657249212265,0.18565884232521057,0.2617698013782501,-0.046180739998817444,0.18566064536571503,0.2234923243522644,-0.05435526371002197,0.15550000965595245,0.3999929428100586,-0.030252421274781227,0.1370447278022766,0.3489503562450409,-0.04367530718445778,0.12667563557624817,0.3135409951210022,-0.05188976228237152,0.11874311417341232,0.2801259160041809,-0.05717674642801285,hello
0.1847628951072693,0.5568305850028992,3.582196370643942e-07,0.24038664996623993,0.5359634160995483,-0.01830305904150009,0.28384387493133545,0.4884833097457886,-0.02405695430934429,0.30987221002578735,0.4454125165939331,-0.029128434136509895,0.33536800742149353,0.42742714285850525,-0.0340871587395668,0.24896487593650818,0.3863612115383148,-0.011691087856888771,0.2712438106536865,0.32305559515953064,-0.022052625194191933,0.2816503942012787,0.28245753049850464,-0.03148616477847099,0.288033664226532,0.24726705253124237,-0.03920683264732361,0.2152247577905655,0.3726239800453186,-0.013126732781529427,0.2245267927646637,0.2945360839366913,-0.022354865446686745,0.22942745685577393,0.24655915796756744,-0.03184928745031357,0.23068667948246002,0.20816068351268768,-0.03912568837404251,0.18358029425144196,0.37692558765411377,-0.017213769257068634,0.17785590887069702,0.30515873432159424,-0.02861614152789116,0.1752161979675293,0.25935453176498413,-0.03939075022935867,0.17252275347709656,0.2206687182188034,-0.046979911625385284,0.15240120887756348,0.39727669954299927,-0.02318064123392105,0.1324535310268402,0.34505271911621094,-0.03586310148239136,0.12085118144750595,0.3103569447994232,-0.04306618496775627,0.1120089441537857,0.2770519256591797,-0.04752049222588539,hello
0.19303260743618011,0.5641115307807922,3.27552925227792e-07,0.24829185009002686,0.5423930287361145,-0.014539974741637707,0.2919771373271942,0.49445289373397827,-0.019532321020960808,0.31859105825424194,0.4525236487388611,-0.02484794706106186,0.3429928719997406,0.4354081153869629,-0.03045809641480446,0.25864076614379883,0.39115914702415466,-0.009035760536789894,0.27897459268569946,0.3270949423313141,-0.019458746537566185,0.289043664932251,0.28630486130714417,-0.028872011229395866,0.29542821645736694,0.25212258100509644,-0.03624182567000389,0.2254166305065155,0.37710726261138916,-0.012495688162744045,0.2329913228750229,0.29814594984054565,-0.020897066220641136,0.2380845546722412,0.2503732144832611,-0.0296794306486845,0.24005939066410065,0.21301333606243134,-0.036386631429195404,0.1933780461549759,0.3803589344024658,-0.0182911716401577,0.1883242428302765,0.3075791001319885,-0.028360245749354362,0.18575885891914368,0.26205694675445557,-0.038428012281656265,0.18322990834712982,0.22614271938800812,-0.04564879462122917,0.16157785058021545,0.3998011648654938,-0.025715533643960953,0.14194031059741974,0.34870803356170654,-0.03675109148025513,0.13047455251216888,0.31378042697906494,-0.04283952713012695,0.12154122442007065,0.2823471426963806,-0.04657965898513794,hello
0.2094145268201828,0.580115556716919,2.985781009101629e-07,0.26523929834365845,0.5596907138824463,-0.011894917115569115,0.30887359380722046,0.5111344456672668,-0.016561657190322876,0.33824819326400757,0.4708804488182068,-0.02227373793721199,0.3666929006576538,0.45763376355171204,-0.02900318056344986,0.28110039234161377,0.41097164154052734,-0.011272428557276726,0.3041813373565674,0.34412282705307007,-0.023135965690016747,0.31570547819137573,0.3039809465408325,-0.03317660465836525,0.3230057656764984,0.26978808641433716,-0.04074641317129135,0.24905294179916382,0.39433595538139343,-0.016725244000554085,0.2620052993297577,0.3134712874889374,-0.026137016713619232,0.26837262511253357,0.2644723951816559,-0.03543028235435486,0.2693606913089752,0.22590608894824982,-0.04254564270377159,0.21589401364326477,0.39577218890190125,-0.024074677377939224,0.2155722975730896,0.31877660751342773,-0.03445051237940788,0.21392938494682312,0.2709430456161499,-0.044782575219869614,0.21071934700012207,0.23255962133407593,-0.05234792083501816,0.18137791752815247,0.4137752056121826,-0.03271543234586716,0.165989488363266,0.3571373224258423,-0.043907053768634796,0.15612664818763733,0.3195948004722595,-0.049949243664741516,0.1474231779575348,0.28651976585388184,-0.053777746856212616,hello
0.2237970530986786,0.6023017168045044,3.035262921002868e-07,0.28092828392982483,0.5854138135910034,-0.01355951651930809,0.32638370990753174,0.5379613041877747,-0.019595008343458176,0.3569929599761963,0.4996113181114197,-0.026030028238892555,0.3855065107345581,0.48521119356155396,-0.03351680561900139,0.30452609062194824,0.43927472829818726,-0.01820150949060917,0.333503395318985,0.37113967537879944,-0.03270311653614044,0.34839531779289246,0.3290857672691345,-0.04353008046746254,0.3585376739501953,0.2937737703323364,-0.05117237940430641,0.27193939685821533,0.42002803087234497,-0.023301534354686737,0.29159972071647644,0.33647334575653076,-0.03486380726099014,0.3019772171974182,0.28616392612457275,-0.04444599151611328,0.3058774173259735,0.24631214141845703,-0.0515093058347702,0.23875999450683594,0.4188755452632904,-0.030107682570815086,0.243165984749794,0.34008216857910156,-0.04158661514520645,0.2457994520664215,0.2912015914916992,-0.05191276594996452,0.2460927516222,0.2515736222267151,-0.05942518264055252,0.20467126369476318,0.4342489540576935,-0.038252394646406174,0.19031020998954773,0.37471115589141846,-0.05055031552910805,0.18245424330234528,0.3353251516819,-0.056947011500597,0.17560189962387085,0.3007020354270935,-0.06088931858539581,hello
0.21826662123203278,0.6095132827758789,3.8171191363289836e-07,0.277324378490448,0.5996965169906616,-0.01791480742394924,0.32980772852897644,0.5555403828620911,-0.024312812834978104,0.36596575379371643,0.51302170753479,-0.030301781371235847,0.39702627062797546,0.49434319138526917,-0.036668747663497925,0.313232421875,0.4481339156627655,-0.014044588431715965,0.34826284646987915,0.38444674015045166,-0.026789234951138496,0.36664265394210815,0.3462514281272888,-0.03741250932216644,0.38080155849456787,0.3133352994918823,-0.045415543019771576,0.2823605239391327,0.42719706892967224,-0.016423478722572327,0.3103875517845154,0.35115525126457214,-0.026858968660235405,0.3275173008441925,0.3051213324069977,-0.03683007135987282,0.338687926530838,0.2673560380935669,-0.044209666550159454,0.24822010099887848,0.42420271039009094,-0.02143942192196846,0.2587544918060303,0.347617506980896,-0.03354967385530472,0.26733875274658203,0.3015631437301636,-0.04403091222047806,0.2749854028224945,0.2638431191444397,-0.051360487937927246,0.2110615372657776,0.43695926666259766,-0.028273992240428925,0.20304085314273834,0.3790743947029114,-0.0417923778295517,0.1995510458946228,0.3404664695262909,-0.04865676909685135,0.19798046350479126,0.3051328957080841,-0.05265629291534424,hello
0.2118324637413025,0.5987828969955444,4.265418453996972e-07,0.2700243592262268,0.5819291472434998,-0.01792638748884201,0.32137173414230347,0.5390573143959045,-0.02563479356467724,0.3574213981628418,0.5018441081047058,-0.032795701175928116,0.38896751403808594,0.4909997880458832,-0.040150098502635956,0.3047446608543396,0.4437597095966339,-0.015875374898314476,0.34083351492881775,0.38212352991104126,-0.029514813795685768,0.35948652029037476,0.3427243232727051,-0.04031100496649742,0.3740678131580353,0.3096417784690857,-0.048144444823265076,0.2742205858230591,0.42220643162727356,-0.018227016553282738,0.3056189715862274,0.34874746203422546,-0.029215455055236816,0.3236124813556671,0.30334341526031494,-0.03838193789124489,0.3369714021682739,0.2659839391708374,-0.045063458383083344,0.24104201793670654,0.41738036274909973,-0.0231336522847414,0.254228413105011,0.34330692887306213,-0.03462548181414604,0.2636207640171051,0.29902738332748413,-0.04353369027376175,0.2725770175457001,0.2628040611743927,-0.049987729638814926,0.20427805185317993,0.4282081723213196,-0.029923267662525177,0.1981264054775238,0.373801052570343,-0.041166339069604874,0.19668535888195038,0.33717668056488037,-0.04620237648487091,0.19760017096996307,0.3030232787132263,-0.049369510263204575,hello
0.20356085896492004,0.5844683051109314,4.1997998323495267e-07,0.26000115275382996,0.5613982677459717,-0.016558511182665825,0.30480456352233887,0.5157541036605835,-0.023763854056596756,0.3389216363430023,0.47482237219810486,-0.0308204498142004,0.3704400658607483,0.45697399973869324,-0.03839825466275215,0.284599632024765,0.41872936487197876,-0.016079328954219818,0.313263475894928,0.35214951634407043,-0.029736505821347237,0.3287146985530853,0.3121148347854614,-0.040278203785419464,0.3399350047111511,0.2770336866378784,-0.04799584671854973,0.25373613834381104,0.4000886082649231,-0.01923062838613987,0.27778545022010803,0.32571902871131897,-0.030558479949831963,0.2912667691707611,0.27974724769592285,-0.03983412683010101,0.29923346638679504,0.24171365797519684,-0.04649252071976662,0.22002863883972168,0.40034884214401245,-0.024722475558519363,0.22520732879638672,0.32495737075805664,-0.037119269371032715,0.22748097777366638,0.2776169776916504,-0.046360865235328674,0.22923323512077332,0.23827625811100006,-0.05290084332227707,0.18384477496147156,0.41674935817718506,-0.03186822682619095,0.17523974180221558,0.36181509494781494,-0.04453030228614807,0.17090800404548645,0.32613471150398254,-0.05051526054739952,0.1681363731622696,0.293378084897995,-0.05395834520459175,hello
0.1928551197052002,0.5738090872764587,3.409290911804419e-07,0.2471991628408432,0.5495306849479675,-0.01644555665552616,0.2904798984527588,0.49842798709869385,-0.021867893636226654,0.31788796186447144,0.45497068762779236,-0.027032412588596344,0.34185948967933655,0.43312668800354004,-0.03258231654763222,0.26355278491973877,0.4025042653083801,-0.01590832695364952,0.2873581349849701,0.33494189381599426,-0.028513362631201744,0.2999498248100281,0.2930828928947449,-0.03830650448799133,0.309176504611969,0.25761064887046814,-0.04570141062140465,0.23056913912296295,0.38707488775253296,-0.018800798803567886,0.24241995811462402,0.3076971173286438,-0.029482778161764145,0.2503136694431305,0.2605935335159302,-0.03845948353409767,0.2546820044517517,0.22320103645324707,-0.04518197476863861,0.19797109067440033,0.389777272939682,-0.023970268666744232,0.197334423661232,0.3149496912956238,-0.03601594269275665,0.19845561683177948,0.2682044208049774,-0.04592902958393097,0.19908222556114197,0.22965484857559204,-0.05307076498866081,0.16502723097801208,0.40892815589904785,-0.030833180993795395,0.14963167905807495,0.3562927842140198,-0.043949052691459656,0.14074262976646423,0.3209384083747864,-0.0510580912232399,0.13364529609680176,0.28858283162117004,-0.05535329878330231,hello
0.197735995054245,0.6075863838195801,3.089014626311837e-07,0.25419262051582336,0.5877856016159058,-0.015741555020213127,0.2984445095062256,0.533033013343811,-0.019517239183187485,0.32567352056503296,0.4820166230201721,-0.023050880059599876,0.3519742488861084,0.4588625431060791,-0.026815813034772873,0.27168166637420654,0.43112167716026306,-0.008760268799960613,0.29751092195510864,0.3640938401222229,-0.01816043071448803,0.30965936183929443,0.3233368992805481,-0.027058128267526627,0.3174053132534027,0.28889402747154236,-0.0339258648455143,0.2401227355003357,0.4157366454601288,-0.010935034602880478,0.2551601827144623,0.33580178022384644,-0.017572281882166862,0.2631518840789795,0.28777235746383667,-0.02563253790140152,0.2660127580165863,0.25014346837997437,-0.03199624642729759,0.20763979852199554,0.4178393483161926,-0.01556351874023676,0.21129557490348816,0.3428698778152466,-0.024315617978572845,0.21334317326545715,0.2973461151123047,-0.03378566727042198,0.21356038749217987,0.26136383414268494,-0.04074092581868172,0.17309275269508362,0.4359489679336548,-0.021915601566433907,0.15886645019054413,0.3826677203178406,-0.03257383033633232,0.15083295106887817,0.3465169668197632,-0.038480401039123535,0.14395779371261597,0.31465041637420654,-0.04204961657524109,hello
0.533242404460907,0.9807891249656677,-2.0171897574527975e-07,0.5221764445304871,0.9309774041175842,0.03669476881623268,0.49339213967323303,0.8950909376144409,0.06158260256052017,0.465718537569046,0.9010176658630371,0.08150287717580795,0.4528660476207733,0.9250164031982422,0.10109006613492966,0.43620333075523376,0.8994783759117126,0.062363166362047195,0.4077906906604767,0.9181150197982788,0.09130286425352097,0.4101674258708954,0.93625807762146,0.10422493517398834,0.4187730550765991,0.9457126259803772,0.11050473898649216,0.42752981185913086,0.9319193959236145,0.053948476910591125,0.40141457319259644,0.9539474248886108,0.08605989813804626,0.4133228659629822,0.9685760736465454,0.0945715680718422,0.4267787039279938,0.9730349779129028,0.09580723196268082,0.4259590804576874,0.9681675434112549,0.04809171333909035,0.4024677872657776,0.9843845963478088,0.07589568197727203,0.41499558091163635,0.9953050017356873,0.08327281475067139,0.4294164776802063,0.998005211353302,0.08233994990587234,0.43004506826400757,1.0028287172317505,0.04493551328778267,0.40921276807785034,1.0138260126113892,0.0701780915260315,0.4214151203632355,1.0191580057144165,0.08248988538980484,0.43282952904701233,1.0202568769454956,0.08768689632415771,none
0.5324990153312683,0.9823514223098755,-2.1689204743324808e-07,0.520855724811554,0.9322715997695923,0.04567065089941025,0.49343353509902954,0.8976907134056091,0.07420574873685837,0.46709245443344116,0.9033069014549255,0.09681744128465652,0.4534369111061096,0.9250171780586243,0.11920588463544846,0.4342561364173889,0.901027500629425,0.06753505766391754,0.40566015243530273,0.9211965799331665,0.10242380201816559,0.410643607378006,0.9370595216751099,0.12170211225748062,0.4213634729385376,0.9442387819290161,0.13231274485588074,0.42641815543174744,0.9345402121543884,0.05690738558769226,0.39949458837509155,0.9560316801071167,0.09493018686771393,0.4127432703971863,0.9699537754058838,0.11010759323835373,0.42587754130363464,0.9740573167800903,0.11559631675481796,0.42437055706977844,0.9715309143066406,0.04988119751214981,0.39989298582077026,0.9860215187072754,0.08333614468574524,0.4128994345664978,0.9970957040786743,0.0962800681591034,0.42698293924331665,1.0003713369369507,0.09830322861671448,0.4277845025062561,1.0072381496429443,0.046284519135951996,0.40519383549690247,1.0167452096939087,0.07547228038311005,0.4172819256782532,1.0222245454788208,0.09102927148342133,0.42870593070983887,1.024539828300476,0.09829013049602509,none
0.5324166417121887,0.9801435470581055,-2.1110670900270634e-07,0.5203453898429871,0.9318228363990784,0.0459168516099453,0.4930868148803711,0.8980156779289246,0.07485325634479523,0.4672049582004547,0.9036663174629211,0.09759583324193954,0.45367431640625,0.9252309203147888,0.11993663012981415,0.4355887174606323,0.8985357284545898,0.06952930986881256,0.408770889043808,0.9179266095161438,0.104238361120224,0.40867307782173157,0.9344227910041809,0.12329660356044769,0.4144816994667053,0.9444613456726074,0.13372379541397095,0.4274219870567322,0.9312055110931396,0.05838673189282417,0.40140804648399353,0.9534639716148376,0.09582589566707611,0.411327987909317,0.9677966237068176,0.11077035218477249,0.4217766523361206,0.9736626148223877,0.11645539104938507,0.42534583806991577,0.9670321941375732,0.0506383515894413,0.4018346667289734,0.9838312268257141,0.08373532444238663,0.4127916693687439,0.9943961501121521,0.09691239893436432,0.42528802156448364,0.9977545142173767,0.09942281991243362,0.42894962430000305,1.0012741088867188,0.046173956245183945,0.4087867736816406,1.0138055086135864,0.07511131465435028,0.41982609033584595,1.0186668634414673,0.09064650535583496,0.4304383099079132,1.0204278230667114,0.09813348203897476,none
0.5349478721618652,0.9786505699157715,-1.7947814967556042e-07,0.5224388241767883,0.9309957027435303,0.046195145696401596,0.49485304951667786,0.8989835381507874,0.07567054033279419,0.4690783619880676,0.9040300250053406,0.0986817330121994,0.4546484053134918,0.9243301749229431,0.12135548889636993,0.43687760829925537,0.8995882272720337,0.07356096804141998,0.4104185104370117,0.9179239869117737,0.10935289412736893,0.4084780812263489,0.9350083470344543,0.12851157784461975,0.4123784601688385,0.9460033774375916,0.1391288787126541,0.4285515248775482,0.9313356876373291,0.06244061514735222,0.40294307470321655,0.9533936381340027,0.10178043693304062,0.41321155428886414,0.9676281213760376,0.11770188063383102,0.4235234260559082,0.9733742475509644,0.12434284389019012,0.4265146255493164,0.9663218259811401,0.054409049451351166,0.40400710701942444,0.9830163717269897,0.0891529768705368,0.4157255291938782,0.9937168955802917,0.10289805382490158,0.427809476852417,0.9971106052398682,0.10592976212501526,0.4300677478313446,1.000429630279541,0.04950710013508797,0.41072678565979004,1.0128833055496216,0.07977258414030075,0.4219352900981903,1.0183016061782837,0.09575950354337692,0.43223077058792114,1.0203702449798584,0.10365138947963715,none
0.5347757339477539,0.9782950282096863,-1.8931079637241055e-07,0.5224648118019104,0.9306238889694214,0.044883016496896744,0.4947252571582794,0.8978658318519592,0.07477465271949768,0.4690723121166229,0.9040917754173279,0.09855744987726212,0.45532599091529846,0.9250998497009277,0.12207046896219254,0.43746301531791687,0.8997172713279724,0.07431792467832565,0.4112163186073303,0.917455792427063,0.10992251336574554,0.4115733504295349,0.9335640668869019,0.12803088128566742,0.4178028702735901,0.9430173635482788,0.13775572180747986,0.42898881435394287,0.9314290881156921,0.06387276947498322,0.4035857319831848,0.9530243873596191,0.10230864584445953,0.4140550494194031,0.9667269587516785,0.11561841517686844,0.42534708976745605,0.972109854221344,0.12033946067094803,0.42671242356300354,0.9664817452430725,0.056375086307525635,0.4033343195915222,0.9815377593040466,0.08956029266119003,0.41438281536102295,0.992542028427124,0.10088694840669632,0.42644140124320984,0.996087908744812,0.10254199802875519,0.430461585521698,1.0000239610671997,0.05209643766283989,0.4096190631389618,1.012189507484436,0.08115392178297043,0.4205014705657959,1.018230676651001,0.09606651216745377,0.4303908050060272,1.020986795425415,0.10326152294874191,none
0.533462405204773,0.9772126078605652,-1.9452203048331285e-07,0.5214861035346985,0.9308148622512817,0.04865651577711105,0.49477577209472656,0.8993355631828308,0.07887276262044907,0.4702184200286865,0.9050567746162415,0.10243652015924454,0.4566824436187744,0.9270906448364258,0.1255912482738495,0.43716171383857727,0.899040699005127,0.07286690175533295,0.4107631742954254,0.9169665575027466,0.10958319157361984,0.4108617901802063,0.9330373406410217,0.13066622614860535,0.4170331060886383,0.9430916905403137,0.14264138042926788,0.42859283089637756,0.9304811358451843,0.061090875416994095,0.4026314914226532,0.9524100422859192,0.10061229020357132,0.4137178659439087,0.9669747352600098,0.11801192164421082,0.424659788608551,0.9724687933921814,0.12571513652801514,0.42584794759750366,0.9655440449714661,0.05288592353463173,0.4026471972465515,0.9817071557044983,0.08814172446727753,0.41494476795196533,0.9926642775535583,0.10313594341278076,0.4276480972766876,0.996033787727356,0.1068616658449173,0.42879772186279297,1.0000509023666382,0.048147570341825485,0.40864187479019165,1.012784719467163,0.07860196381807327,0.42019349336624146,1.0189144611358643,0.0952785387635231,0.43110930919647217,1.0212491750717163,0.10365709662437439,none
0.5328409075737,0.9751691222190857,-2.0510644560545188e-07,0.5188360214233398,0.9292510747909546,0.05480394512414932,0.49368900060653687,0.8995970487594604,0.08624952286481857,0.4696398675441742,0.904215931892395,0.11027368903160095,0.4545551836490631,0.9226113557815552,0.13380751013755798,0.43678152561187744,0.8988599181175232,0.07504228502511978,0.4108426570892334,0.9178162217140198,0.11584080755710602,0.41265371441841125,0.933049201965332,0.1412910372018814,0.41943299770355225,0.9423134326934814,0.15614672005176544,0.4291195273399353,0.9295541048049927,0.06148843467235565,0.4035837650299072,0.951392650604248,0.10463113337755203,0.4156794548034668,0.9651604294776917,0.12633077800273895,0.4267691671848297,0.970054030418396,0.13679704070091248,0.4266691207885742,0.9641159772872925,0.05243917182087898,0.4039246439933777,0.9793336987495422,0.0920545682311058,0.4168170094490051,0.9894593954086304,0.11084333062171936,0.4297715723514557,0.9923318028450012,0.11629819869995117,0.4294798970222473,0.9975213408470154,0.04733579605817795,0.4096861779689789,1.0079790353775024,0.0811983197927475,0.42149627208709717,1.0136836767196655,0.1001393273472786,0.43279173970222473,1.0160326957702637,0.10965489596128464,none
0.5333592891693115,0.9766546487808228,-1.9996329569949012e-07,0.5222786068916321,0.9291858077049255,0.043148867785930634,0.4946465492248535,0.8963266015052795,0.07105585187673569,0.4682929813861847,0.9030067324638367,0.09296748787164688,0.4553379714488983,0.9259320497512817,0.11450214684009552,0.436370313167572,0.8997750282287598,0.06879323720932007,0.40955156087875366,0.9181187152862549,0.10113605856895447,0.41194769740104675,0.9352753758430481,0.11747898906469345,0.4200156629085541,0.9444050192832947,0.12612490355968475,0.42784634232521057,0.9311057329177856,0.058068472892045975,0.4020260274410248,0.9525738954544067,0.09329289197921753,0.4142572581768036,0.9666982293128967,0.10595061630010605,0.42712193727493286,0.9712018370628357,0.11026177555322647,0.4257664680480957,0.9661733508110046,0.05028493329882622,0.4026983082294464,0.9812751412391663,0.08085329830646515,0.41578781604766846,0.9921751618385315,0.092076376080513,0.429790735244751,0.9953034520149231,0.09369120746850967,0.4295460879802704,1.0004982948303223,0.045591384172439575,0.4088870882987976,1.0121978521347046,0.07248781621456146,0.421538382768631,1.017765760421753,0.08678904175758362,0.4332415759563446,1.0196326971054077,0.09357216954231262,none
0.5346851944923401,0.9765937924385071,-2.2246540254400315e-07,0.5201650261878967,0.9306807518005371,0.053245607763528824,0.4934420585632324,0.9004167318344116,0.0846095010638237,0.46948447823524475,0.9069408774375916,0.10872383415699005,0.45558854937553406,0.928062379360199,0.13227976858615875,0.4366748332977295,0.900044858455658,0.0748080462217331,0.409984290599823,0.920745313167572,0.11362817138433456,0.4127107262611389,0.9364259839057922,0.13631607592105865,0.4210778772830963,0.9446018934249878,0.14921841025352478,0.42960208654403687,0.9323505759239197,0.06149742007255554,0.4036794900894165,0.9564725756645203,0.10354342311620712,0.4163782596588135,0.9708158373832703,0.12255793809890747,0.4280070960521698,0.9745208621025085,0.1306847780942917,0.4274819493293762,0.967994749546051,0.052395980805158615,0.4042496085166931,0.9851750135421753,0.09049022942781448,0.41758421063423157,0.9961923360824585,0.10695764422416687,0.430855929851532,0.9984784126281738,0.11072593182325363,0.43039670586586,1.0025032758712769,0.04714957997202873,0.4096887707710266,1.0135135650634766,0.07975108921527863,0.42178890109062195,1.0195571184158325,0.09761131554841995,0.43307310342788696,1.0213432312011719,0.10627081990242004,none
0.5355236530303955,0.9758583307266235,-2.208740284004307e-07,0.5222743153572083,0.9297972917556763,0.0496186725795269,0.4946494996547699,0.8988843560218811,0.07957562059164047,0.4686363935470581,0.9042367935180664,0.10253987461328506,0.45400676131248474,0.9241413474082947,0.12505225837230682,0.43679606914520264,0.8994118571281433,0.07401927560567856,0.4095189571380615,0.9184539914131165,0.11022070795297623,0.4110008180141449,0.9348840117454529,0.13000671565532684,0.4178273379802704,0.9439939856529236,0.14094972610473633,0.42883238196372986,0.9299175143241882,0.061435990035533905,0.4035291075706482,0.9541153907775879,0.10069453716278076,0.416099488735199,0.9686051607131958,0.11667301505804062,0.4280100166797638,0.972957968711853,0.12306659668684006,0.4266321659088135,0.9643953442573547,0.052527185529470444,0.40423092246055603,0.9822152256965637,0.08771458268165588,0.4176277220249176,0.993224561214447,0.10170293599367142,0.4310270845890045,0.9956189393997192,0.10445649176836014,0.4298557639122009,0.997917115688324,0.047186244279146194,0.4089740216732025,1.010285496711731,0.07790344208478928,0.42132508754730225,1.0163325071334839,0.09437089413404465,0.43330657482147217,1.0179965496063232,0.10235705226659775,none
0.536127507686615,0.9769770503044128,-2.1847628772775352e-07,0.5211551189422607,0.9312498569488525,0.054549288004636765,0.4942328929901123,0.9009016156196594,0.08732537180185318,0.4703914225101471,0.9066362977027893,0.11259408295154572,0.4562436044216156,0.926321804523468,0.13739760220050812,0.43751752376556396,0.8992131948471069,0.07960661500692368,0.4115746319293976,0.9187984466552734,0.12044030427932739,0.4126662611961365,0.9339646100997925,0.14418038725852966,0.4193420708179474,0.9425548911094666,0.15773870050907135,0.43032652139663696,0.9312350749969482,0.06606318801641464,0.4046435058116913,0.9543260931968689,0.11029339581727982,0.41617149114608765,0.9684502482414246,0.13004903495311737,0.4272134602069855,0.9726127982139587,0.13876958191394806,0.42817622423171997,0.9665210247039795,0.056557364761829376,0.40526214241981506,0.9829822778701782,0.09642688930034637,0.41744929552078247,0.9940969347953796,0.11293463408946991,0.43018943071365356,0.9964307546615601,0.1166936382651329,0.4311777353286743,1.0002002716064453,0.050880562514066696,0.41130807995796204,1.0118858814239502,0.08461452275514603,0.4227605164051056,1.018024206161499,0.10233478993177414,0.4335091710090637,1.0199177265167236,0.11086712032556534,none
0.5355516672134399,0.9780775308609009,-1.9522771310676035e-07,0.5188090205192566,0.9321668148040771,0.06205197051167488,0.4926069676876068,0.9046977758407593,0.0963282510638237,0.47051572799682617,0.9089028835296631,0.12229987233877182,0.4539048373699188,0.9245892763137817,0.14756406843662262,0.43716534972190857,0.900165855884552,0.07972019910812378,0.41088199615478516,0.9189102053642273,0.12583033740520477,0.40977999567985535,0.9333576560020447,0.15669788420200348,0.4129188060760498,0.943040132522583,0.17529837787151337,0.4303405284881592,0.9301185607910156,0.06427519023418427,0.4051991105079651,0.9537397623062134,0.11369163542985916,0.41564321517944336,0.9674627780914307,0.14142341911792755,0.424594521522522,0.9728641510009766,0.15600965917110443,0.42826589941978455,0.9642795324325562,0.054076943546533585,0.4056621789932251,0.9818743467330933,0.09985901415348053,0.41837140917778015,0.9920855164527893,0.122735396027565,0.42983731627464294,0.9949872493743896,0.1303289383649826,0.43015503883361816,0.997269868850708,0.0483090840280056,0.41061151027679443,1.00747811794281,0.0859409049153328,0.4216753840446472,1.0133283138275146,0.10687040537595749,0.4323486387729645,1.0155210494995117,0.11776477843523026,none
0.5366936326026917,0.9806298017501831,-2.2718698744483845e-07,0.522386372089386,0.9332623481750488,0.059723228216171265,0.4948471188545227,0.9036037921905518,0.09472497552633286,0.47089046239852905,0.9092170596122742,0.12162477523088455,0.4557773768901825,0.9291481971740723,0.1477031707763672,0.4386341869831085,0.8991113901138306,0.08332309871912003,0.4106081426143646,0.9182906746864319,0.1267477571964264,0.40805110335350037,0.93519127368927,0.1527881622314453,0.4112294316291809,0.9466699361801147,0.16789574921131134,0.43032339215278625,0.9301446676254272,0.06861523538827896,0.40433159470558167,0.9541885256767273,0.11628574132919312,0.41587352752685547,0.968646764755249,0.13888515532016754,0.4264072775840759,0.9742384552955627,0.14926518499851227,0.42744937539100647,0.96532142162323,0.05850624665617943,0.4051421284675598,0.9835308194160461,0.10230926424264908,0.4192017912864685,0.9943755865097046,0.12072966992855072,0.4323990046977997,0.9967367053031921,0.12492884695529938,0.42958351969718933,0.9992619752883911,0.05261105298995972,0.41030576825141907,1.0106990337371826,0.08902282267808914,0.4231550693511963,1.016852855682373,0.10775456577539444,0.43486663699150085,1.0189403295516968,0.11656027287244797,none
0.5352689623832703,0.9758166670799255,-2.036635038393797e-07,0.5197628140449524,0.9305091500282288,0.05841374769806862,0.49460774660110474,0.9022735953330994,0.09198853373527527,0.4718526303768158,0.9060118198394775,0.11722837388515472,0.4568557143211365,0.9244610667228699,0.14162234961986542,0.4390665888786316,0.8985454440116882,0.08213485777378082,0.4136170744895935,0.9151771664619446,0.12401673942804337,0.4101341962814331,0.9305272698402405,0.14920154213905334,0.411362886428833,0.9422987103462219,0.16393689811229706,0.4308442175388336,0.9280264973640442,0.06719310581684113,0.40630462765693665,0.9481236934661865,0.1125846579670906,0.4154476225376129,0.9619464874267578,0.1347251534461975,0.42387568950653076,0.9688979387283325,0.14547045528888702,0.42804697155952454,0.9611178636550903,0.056620266288518906,0.4063269793987274,0.9764060378074646,0.09810709953308105,0.4180584251880646,0.9859224557876587,0.11715053766965866,0.4298311471939087,0.9891824126243591,0.12281095236539841,0.4293701946735382,0.9931750297546387,0.05011262372136116,0.40958812832832336,1.002849817276001,0.08497962355613708,0.4199952483177185,1.0084811449050903,0.10418528318405151,0.4304962754249573,1.011414885520935,0.11399398744106293,none
0.5306198596954346,0.9744166135787964,-1.4621373622958345e-07,0.5165609121322632,0.9293912649154663,0.05426705628633499,0.49138808250427246,0.9023916721343994,0.08657090365886688,0.4695488512516022,0.9073386788368225,0.11170352250337601,0.4539112150669098,0.9237799048423767,0.13636577129364014,0.4358557164669037,0.8998602628707886,0.07503726333379745,0.41060322523117065,0.9193943738937378,0.1167931780219078,0.4054003357887268,0.9352402091026306,0.14407232403755188,0.4044584333896637,0.9480570554733276,0.1606684923171997,0.42872318625450134,0.9289211630821228,0.06242138519883156,0.4025283455848694,0.9506843090057373,0.10643461346626282,0.40794095396995544,0.9654218554496765,0.1309635490179062,0.41292518377304077,0.9749214053153992,0.14444173872470856,0.42666903138160706,0.9619099497795105,0.054050642997026443,0.40421900153160095,0.9812045693397522,0.09414146095514297,0.4135948419570923,0.9907616972923279,0.11487143486738205,0.4226455092430115,0.9949761629104614,0.12283222377300262,0.42834797501564026,0.9944758415222168,0.04943309351801872,0.4093846082687378,1.0072189569473267,0.08294127881526947,0.41771000623703003,1.0133483409881592,0.10198947042226791,0.4257182776927948,1.0166137218475342,0.11249829083681107,none
0.5323716998100281,0.9764004349708557,-2.14949821497612e-07,0.5214779376983643,0.9294071197509766,0.04692867770791054,0.49379631876945496,0.8985457420349121,0.07793440669775009,0.4690730571746826,0.9054880142211914,0.1028321236371994,0.45571646094322205,0.9271330833435059,0.12753723561763763,0.43654027581214905,0.899791419506073,0.0732661709189415,0.4097217917442322,0.9176002144813538,0.10826089978218079,0.41048911213874817,0.9354127645492554,0.1271757036447525,0.4175330698490143,0.9467375874519348,0.13780911266803741,0.42794331908226013,0.9308911561965942,0.06265720725059509,0.40251675248146057,0.951817512512207,0.10040929913520813,0.4142947196960449,0.9660457372665405,0.11593570560216904,0.4264332950115204,0.9724801182746887,0.12256218492984772,0.4254981279373169,0.96590256690979,0.055221691727638245,0.4034354090690613,0.9823453426361084,0.08820003271102905,0.41630086302757263,0.9930433034896851,0.10149535536766052,0.42942556738853455,0.9963414072990417,0.10467246174812317,0.42860665917396545,0.9997317790985107,0.0512121319770813,0.4079556167125702,1.0121484994888306,0.07983093708753586,0.41991645097732544,1.0180387496948242,0.09514157474040985,0.4309473931789398,1.0202335119247437,0.10280633717775345,none
0.5331816673278809,0.9745097160339355,-2.1303786468251928e-07,0.5190735459327698,0.9291927814483643,0.04836628586053848,0.491856187582016,0.8989368677139282,0.07830112427473068,0.46768152713775635,0.9061482548713684,0.10191484540700912,0.4536309838294983,0.9273892045021057,0.12483184039592743,0.4355623722076416,0.9003847241401672,0.06989642232656479,0.4088338315486908,0.9202977418899536,0.10583875328302383,0.40807801485061646,0.9376758933067322,0.12591098248958588,0.4129316508769989,0.9493302702903748,0.13703563809394836,0.4284946024417877,0.9320005774497986,0.058245908468961716,0.40370848774909973,0.9551278948783875,0.09683188050985336,0.41509732604026794,0.9691221714019775,0.11268673837184906,0.42642858624458313,0.9748803973197937,0.1188034638762474,0.4269935190677643,0.9669718146324158,0.05044505000114441,0.4052373468875885,0.9844847321510315,0.08506322652101517,0.4182150363922119,0.9943894147872925,0.09823615849018097,0.4314195215702057,0.9966447353363037,0.10025572031736374,0.4298560321331024,1.000706434249878,0.04624786600470543,0.4100630283355713,1.0129355192184448,0.07572340965270996,0.4221296012401581,1.0186524391174316,0.09095640480518341,0.433614045381546,1.0200107097625732,0.0979355201125145,none
0.5329123735427856,0.9762085676193237,-1.9258435202118562e-07,0.5182029604911804,0.9307804107666016,0.05741489678621292,0.49183958768844604,0.9022969603538513,0.09010250121355057,0.4694986641407013,0.9076515436172485,0.11472778767347336,0.45420077443122864,0.9257060885429382,0.13855813443660736,0.4360187351703644,0.9001911878585815,0.07900959253311157,0.4093817472457886,0.9183524250984192,0.12036242336034775,0.4063844680786133,0.9335838556289673,0.14642946422100067,0.4084901213645935,0.9445222616195679,0.16206464171409607,0.42898645997047424,0.9290726780891418,0.06441663950681686,0.40416520833969116,0.9523906707763672,0.10930454730987549,0.4131678640842438,0.965650200843811,0.13255321979522705,0.42120301723480225,0.971220076084137,0.1445077806711197,0.42687851190567017,0.961865246295929,0.054198864847421646,0.4048351049423218,0.9800266027450562,0.09513863921165466,0.4158056676387787,0.9895740151405334,0.11498361080884933,0.4264339208602905,0.9921414852142334,0.12159375101327896,0.42875659465789795,0.9938458204269409,0.048041343688964844,0.4087766706943512,1.0059787034988403,0.08244344592094421,0.41882792115211487,1.011324167251587,0.10178299248218536,0.42917290329933167,1.01325523853302,0.11210966855287552,none
0.5345551371574402,0.9778106212615967,-1.9566314790608885e-07,0.5201059579849243,0.9313167333602905,0.050321973860263824,0.4923214018344879,0.901047945022583,0.08067023009061813,0.46773532032966614,0.9079458117485046,0.10403461754322052,0.45370182394981384,0.9297389388084412,0.12658633291721344,0.4363856017589569,0.9006204605102539,0.0742492601275444,0.41000184416770935,0.9202816486358643,0.11250630021095276,0.40929117798805237,0.9370321035385132,0.1340186595916748,0.4140276610851288,0.9476341009140015,0.14604458212852478,0.42905139923095703,0.9318155646324158,0.06188702955842018,0.40430623292922974,0.9557558298110962,0.10415251553058624,0.4151836931705475,0.9704291820526123,0.12201828509569168,0.42567241191864014,0.9755085706710815,0.12924160063266754,0.427214115858078,0.9664943814277649,0.053315240889787674,0.40468987822532654,0.9845554232597351,0.09116605669260025,0.4170040190219879,0.995459794998169,0.10583991557359695,0.4298096299171448,0.9981791377067566,0.10842224210500717,0.42976197600364685,1.0003012418746948,0.04829969257116318,0.40977901220321655,1.0126891136169434,0.08025150746107101,0.4212815761566162,1.0183861255645752,0.09658422321081161,0.43217262625694275,1.0200682878494263,0.10416726022958755,none
0.5345063805580139,0.9765682220458984,-1.923180121821133e-07,0.519500195980072,0.9305432438850403,0.056693658232688904,0.4923575520515442,0.901525616645813,0.08830535411834717,0.46812203526496887,0.905986487865448,0.11178883910179138,0.45293229818344116,0.925013542175293,0.13442474603652954,0.43585261702537537,0.8999104499816895,0.07735385745763779,0.4091407060623169,0.9179177284240723,0.11842787265777588,0.40806204080581665,0.9334383010864258,0.14367985725402832,0.4119628667831421,0.9432536959648132,0.1584024727344513,0.4285215139389038,0.9294496178627014,0.0625242367386818,0.4040846824645996,0.9519957900047302,0.1074945405125618,0.41497910022735596,0.9653293490409851,0.12987254559993744,0.42493152618408203,0.9696999788284302,0.14058569073677063,0.42659732699394226,0.9630235433578491,0.0522017776966095,0.4050959348678589,0.9795153737068176,0.09360110014677048,0.4172455966472626,0.9894281625747681,0.11264275014400482,0.4292774498462677,0.9921546578407288,0.11795345693826675,0.4290750324726105,0.9961287379264832,0.045836515724658966,0.4091458320617676,1.0062416791915894,0.08100364357233047,0.42030400037765503,1.0115522146224976,0.10025927424430847,0.4316966235637665,1.013938307762146,0.1099148839712143,none
0.5344355702400208,0.9782125949859619,-1.9586495625389944e-07,0.5222191214561462,0.9304901957511902,0.03992263600230217,0.4931056499481201,0.8972665071487427,0.06645755469799042,0.46567273139953613,0.9047160744667053,0.08731900900602341,0.4525071084499359,0.9273375868797302,0.10766270756721497,0.436010479927063,0.9011006355285645,0.06740770488977432,0.40861642360687256,0.9210774898529053,0.0989561602473259,0.4121086001396179,0.9381533265113831,0.11337891966104507,0.4213382303714752,0.9462753534317017,0.12047524750232697,0.42741280794143677,0.9336802959442139,0.05767108127474785,0.40245938301086426,0.9568203687667847,0.09247517585754395,0.41477519273757935,0.9710804224014282,0.10209760069847107,0.42851898074150085,0.975204586982727,0.10384104400873184,0.42539820075035095,0.9696333408355713,0.05062863603234291,0.4026181101799011,0.9859281182289124,0.0806884616613388,0.41541171073913574,0.9972366690635681,0.0887448713183403,0.42960289120674133,1.000076413154602,0.08786924928426743,0.4289398789405823,1.0041205883026123,0.046461962163448334,0.4084232449531555,1.0167709589004517,0.07308211922645569,0.4206342101097107,1.0227223634719849,0.08577845245599747,0.4317261278629303,1.0245451927185059,0.091078020632267,none
0.5352362394332886,0.9777771234512329,-1.9445809584794915e-07,0.521422803401947,0.9306327104568481,0.052432045340538025,0.4930219352245331,0.9006708264350891,0.08468692749738693,0.46854156255722046,0.907171905040741,0.10973316431045532,0.45475149154663086,0.9281471967697144,0.1341361552476883,0.43629294633865356,0.8997920751571655,0.0783790573477745,0.4093344807624817,0.9185613393783569,0.11822661012411118,0.4075663089752197,0.934829831123352,0.14105601608753204,0.4112907648086548,0.9452665448188782,0.15406696498394012,0.42864933609962463,0.9304011464118958,0.06577115505933762,0.4035012125968933,0.953910768032074,0.1091068685054779,0.4125412404537201,0.9680403470993042,0.12793070077896118,0.421892911195755,0.9737904667854309,0.13628992438316345,0.4264628291130066,0.9648463129997253,0.05698547139763832,0.4041019678115845,0.9824198484420776,0.09581064432859421,0.414609432220459,0.9933133721351624,0.1111316978931427,0.4259772002696991,0.9961547255516052,0.11457426100969315,0.4290366470813751,0.9980368614196777,0.05191274359822273,0.4091094732284546,1.0111533403396606,0.08499159663915634,0.41922810673713684,1.0172019004821777,0.1018744632601738,0.42949825525283813,1.0192842483520508,0.1100873053073883,none
0.534170389175415,0.9769306182861328,-1.912932674486001e-07,0.5206924676895142,0.9302466511726379,0.04802664369344711,0.4937255382537842,0.8991202116012573,0.07802215218544006,0.46901774406433105,0.9047908186912537,0.10106141120195389,0.45567047595977783,0.9258642196655273,0.12350598722696304,0.4368651211261749,0.8999358415603638,0.07576775550842285,0.4106091260910034,0.9172233939170837,0.11189577728509903,0.4095219373703003,0.9322842359542847,0.13105633854866028,0.4137611389160156,0.9419420957565308,0.14159861207008362,0.42864954471588135,0.9306482076644897,0.06375841051340103,0.40443265438079834,0.9522707462310791,0.10308994352817535,0.41408771276474,0.9653199911117554,0.11806230247020721,0.42437630891799927,0.9703481793403625,0.12399386614561081,0.42630845308303833,0.9641918540000916,0.05502434819936752,0.40429314970970154,0.9800229072570801,0.08993230015039444,0.41498422622680664,0.9902309775352478,0.10288012027740479,0.4271799623966217,0.993273913860321,0.1053905040025711,0.42915093898773193,0.9963297843933105,0.04963266849517822,0.40891513228416443,1.0084842443466187,0.07990498840808868,0.4190483093261719,1.0144094228744507,0.09567328542470932,0.42975515127182007,1.0167723894119263,0.10345567762851715,none
0.5321442484855652,0.9766325950622559,-1.6633147481570631e-07,0.5209112167358398,0.929648756980896,0.04433843865990639,0.49342188239097595,0.8980197906494141,0.072808638215065,0.4680826663970947,0.9047746658325195,0.09510579705238342,0.45464831590652466,0.9265926480293274,0.11692751944065094,0.43549108505249023,0.9002612829208374,0.0709330216050148,0.40965184569358826,0.9168894290924072,0.10587844997644424,0.40889179706573486,0.9326930642127991,0.124874547123909,0.4140893220901489,0.9431961178779602,0.1354408711194992,0.4267660677433014,0.9316838383674622,0.06037012115120888,0.4020758271217346,0.9526349306106567,0.09813133627176285,0.41230830550193787,0.9663208723068237,0.1131572276353836,0.42367231845855713,0.9724159836769104,0.11948444694280624,0.42416027188301086,0.9664030075073242,0.05286247655749321,0.40246087312698364,0.9826323390007019,0.08626655489206314,0.41393035650253296,0.9925786852836609,0.0989357978105545,0.4265100061893463,0.996088981628418,0.10154872387647629,0.4270833134651184,1.000168800354004,0.04843827709555626,0.4078768491744995,1.0133310556411743,0.07760303467512131,0.4185470938682556,1.018603801727295,0.09270524978637695,0.4289644658565521,1.0208353996276855,0.10014936327934265,none
0.533558189868927,0.974749743938446,-1.9859712097058946e-07,0.5206255316734314,0.9297994375228882,0.04819893091917038,0.4934617280960083,0.8983040452003479,0.0772431492805481,0.4684755802154541,0.9046500325202942,0.09982523322105408,0.4545386731624603,0.9262762665748596,0.12186527252197266,0.4361318051815033,0.8998375535011292,0.07013020664453506,0.4097377359867096,0.9179410338401794,0.10639271140098572,0.40918880701065063,0.9333797693252563,0.12723220884799957,0.41420233249664307,0.9431014657020569,0.13901595771312714,0.42835429310798645,0.930164635181427,0.05838584154844284,0.4036366045475006,0.9524587392807007,0.09784653782844543,0.4139654338359833,0.9659247398376465,0.1149643063545227,0.42435282468795776,0.9708920121192932,0.12224236130714417,0.4260823130607605,0.9639606475830078,0.050423357635736465,0.40356355905532837,0.9800488948822021,0.08580105006694794,0.4151841998100281,0.9901314377784729,0.1002560555934906,0.42752382159233093,0.9930704236030579,0.10337837785482407,0.4285641014575958,0.9969848394393921,0.04598849266767502,0.4077743589878082,1.0089579820632935,0.07634886354207993,0.4187968969345093,1.0147207975387573,0.09260381013154984,0.4298652708530426,1.0169342756271362,0.10057979822158813,none
0.5341067314147949,0.9769909381866455,-1.931470734461982e-07,0.5230634212493896,0.9310104250907898,0.04335942491889,0.49483415484428406,0.8979281783103943,0.07013712078332901,0.4679681658744812,0.9051245450973511,0.09054552763700485,0.45456579327583313,0.9276086091995239,0.11029636859893799,0.43675705790519714,0.8996660709381104,0.06890726089477539,0.40986350178718567,0.9167762398719788,0.1014641523361206,0.41077253222465515,0.9335969686508179,0.11801543831825256,0.4176284372806549,0.9431243538856506,0.1268230527639389,0.4277070164680481,0.9306692481040955,0.057737670838832855,0.4036737084388733,0.9531561136245728,0.09441201388835907,0.4155993163585663,0.9678180813789368,0.10728375613689423,0.42781034111976624,0.9719241857528687,0.11144237965345383,0.4249862730503082,0.9650020003318787,0.04956911876797676,0.4032594859600067,0.9814953804016113,0.0816962942481041,0.41649019718170166,0.9929900765419006,0.09271088242530823,0.43021249771118164,0.9961652755737305,0.09369465708732605,0.42770257592201233,0.9990123510360718,0.04446471482515335,0.40761426091194153,1.0119160413742065,0.07255608588457108,0.4201257526874542,1.0179400444030762,0.08698282390832901,0.4320582151412964,1.0200345516204834,0.09366529434919357,none
0.5347912311553955,0.9781569838523865,-1.8428168857553828e-07,0.5221755504608154,0.9318482875823975,0.05077280104160309,0.4946066439151764,0.9003876447677612,0.08291171491146088,0.470884770154953,0.9057483673095703,0.10770528018474579,0.45715874433517456,0.9261810779571533,0.1320057064294815,0.4382046163082123,0.9001129269599915,0.0814271792769432,0.41312897205352783,0.9152837991714478,0.12023521959781647,0.4101511538028717,0.9297676682472229,0.141903355717659,0.4130812883377075,0.9400887489318848,0.15438632667064667,0.4299159049987793,0.9300609230995178,0.06883557140827179,0.4063587784767151,0.9511232376098633,0.11152629554271698,0.4149574041366577,0.9638400077819824,0.12953807413578033,0.42428058385849,0.9692851305007935,0.13782407343387604,0.42706722021102905,0.9632898569107056,0.059341996908187866,0.40581461787223816,0.9792401194572449,0.09682876616716385,0.41639137268066406,0.9896013736724854,0.11205700039863586,0.4280836582183838,0.9930083751678467,0.11616306751966476,0.42917948961257935,0.9952582716941833,0.05325319245457649,0.40963393449783325,1.007737636566162,0.08493931591510773,0.41984134912490845,1.013592004776001,0.10163778066635132,0.4301058053970337,1.0164340734481812,0.11027700453996658,none
0.5343839526176453,0.9779284596443176,-1.9186647648439248e-07,0.5219742655754089,0.932068407535553,0.05010972544550896,0.49426737427711487,0.9013808369636536,0.08000963926315308,0.46862921118736267,0.9063274264335632,0.10264421999454498,0.4540803134441376,0.9268345236778259,0.12461356073617935,0.4370533227920532,0.8997552394866943,0.07527747005224228,0.41103237867355347,0.9174373745918274,0.1131458505988121,0.4114201068878174,0.9340453743934631,0.1347680538892746,0.41813668608665466,0.9439572691917419,0.1470419019460678,0.42804864048957825,0.9306977987289429,0.06250005215406418,0.4032963514328003,0.9530513882637024,0.10410768538713455,0.41584083437919617,0.968136727809906,0.12259318679571152,0.42795395851135254,0.973575234413147,0.13095048069953918,0.4246295690536499,0.9652056694030762,0.05326152220368385,0.4038170278072357,0.9830271005630493,0.09086702764034271,0.4174802899360657,0.9941520690917969,0.10614725202322006,0.4310380816459656,0.997624397277832,0.10949374735355377,0.42655712366104126,0.9987443685531616,0.047416917979717255,0.40817898511886597,1.0126506090164185,0.07967592775821686,0.4207518398761749,1.0184649229049683,0.09632977098226547,0.43240806460380554,1.0207459926605225,0.10431650280952454,none
0.5339398980140686,0.9763780832290649,-1.7573391630776314e-07,0.5212556719779968,0.9299824833869934,0.050631437450647354,0.49459534883499146,0.8991943597793579,0.08127139508724213,0.4698558747768402,0.904262125492096,0.10491736233234406,0.45554545521736145,0.9244272708892822,0.1281764656305313,0.4361403286457062,0.8998419642448425,0.07562509924173355,0.4113231599330902,0.9159052968025208,0.11460618674755096,0.41019922494888306,0.930119514465332,0.137570321559906,0.4141012132167816,0.9395168423652649,0.15082192420959473,0.42804569005966187,0.9305212497711182,0.06332462280988693,0.4048231244087219,0.9516575932502747,0.10567783564329147,0.41488584876060486,0.964663028717041,0.12542468309402466,0.4245951175689697,0.9698361754417419,0.13483913242816925,0.4256950914859772,0.9646559357643127,0.054742999374866486,0.4050544798374176,0.9803937673568726,0.09269731491804123,0.41666480898857117,0.9902415871620178,0.10968296229839325,0.4285798668861389,0.9935536980628967,0.11473078280687332,0.42864924669265747,0.9979435205459595,0.04964460805058479,0.40975677967071533,1.009446144104004,0.0822935625910759,0.42066484689712524,1.0147099494934082,0.10038497298955917,0.4314553737640381,1.0171211957931519,0.10987481474876404,none
0.533983588218689,0.9783254265785217,-1.868634456059226e-07,0.5228579044342041,0.9311394691467285,0.042739395052194595,0.4939887821674347,0.8982394933700562,0.06990749388933182,0.4669531583786011,0.9045137166976929,0.09104803204536438,0.4531257152557373,0.9262375235557556,0.11177708953619003,0.43647301197052,0.8994852900505066,0.06832966953516006,0.410322904586792,0.9156948328018188,0.10161511600017548,0.4117774963378906,0.9315176606178284,0.11921907961368561,0.4200054407119751,0.9407148957252502,0.1289019137620926,0.427240252494812,0.931236743927002,0.05780654028058052,0.40262672305107117,0.9505113363265991,0.09460996836423874,0.41503459215164185,0.9640196561813354,0.10873659700155258,0.42816075682640076,0.9690290093421936,0.11425648629665375,0.42432230710983276,0.9662671685218811,0.05019687861204147,0.4032631814479828,0.9803344011306763,0.08252959698438644,0.4169139266014099,0.9906446933746338,0.09434127062559128,0.43085625767707825,0.9942926168441772,0.09615202248096466,0.42716729640960693,1.0003905296325684,0.045574236661195755,0.40777820348739624,1.0113166570663452,0.07388870418071747,0.4209108352661133,1.0166786909103394,0.08856351673603058,0.4328930675983429,1.0190922021865845,0.09552008658647537,none
0.5346261858940125,0.9784802794456482,-1.8952559344143083e-07,0.5213311910629272,0.9310463070869446,0.047485169023275375,0.49282124638557434,0.9000779390335083,0.07808054238557816,0.46765589714050293,0.9073800444602966,0.10203681886196136,0.4538816213607788,0.9288772940635681,0.12541545927524567,0.4365653395652771,0.900038480758667,0.07646237313747406,0.4108825922012329,0.9181677103042603,0.11378317326307297,0.4098357856273651,0.9347148537635803,0.1337355226278305,0.415217787027359,0.9456572532653809,0.14491185545921326,0.428434282541275,0.9321563839912415,0.06532508879899979,0.40402886271476746,0.9538493156433105,0.10653341561555862,0.4151970148086548,0.967796266078949,0.12259096652269363,0.4267096519470215,0.9735926985740662,0.1290702372789383,0.4261409044265747,0.9675233960151672,0.057328104972839355,0.40469491481781006,0.9838622808456421,0.0936458557844162,0.41760990023612976,0.9944666624069214,0.10645170509815216,0.43091633915901184,0.997593879699707,0.10843734443187714,0.428989052772522,1.0017588138580322,0.05262070149183273,0.40999504923820496,1.0135575532913208,0.08349695801734924,0.4221324622631073,1.0193660259246826,0.09876546263694763,0.4331561326980591,1.0216954946517944,0.10587994009256363,none
0.5350729823112488,0.9793583154678345,-2.0265397893126647e-07,0.5205959677696228,0.9338482022285461,0.05602435767650604,0.4918690323829651,0.9043921232223511,0.08841202408075333,0.4680907428264618,0.9104149341583252,0.1131012812256813,0.45279690623283386,0.9308919310569763,0.13698871433734894,0.43725213408470154,0.9005321264266968,0.0765947476029396,0.4100765585899353,0.9188098907470703,0.11764229834079742,0.4076828062534332,0.934999406337738,0.14354152977466583,0.41183194518089294,0.9467770457267761,0.1590496152639389,0.4287940561771393,0.9313044548034668,0.06248223036527634,0.403003066778183,0.9530578851699829,0.10764984786510468,0.41383928060531616,0.9670602679252625,0.13091996312141418,0.4241953492164612,0.9740687012672424,0.14259491860866547,0.42576688528060913,0.9659295082092285,0.05271810665726662,0.4033041298389435,0.9834227561950684,0.09419085830450058,0.4171181619167328,0.9932618737220764,0.11319372057914734,0.42990434169769287,0.9963496923446655,0.11855785548686981,0.42729827761650085,0.9998383522033691,0.04689362272620201,0.4075154960155487,1.0109323263168335,0.08125170320272446,0.42027345299720764,1.0166828632354736,0.09989702701568604,0.4322551190853119,1.0193438529968262,0.1092798262834549,none
0.5346705317497253,0.9778388738632202,-1.8010480573593668e-07,0.5192163586616516,0.9319679141044617,0.059396110475063324,0.4927423596382141,0.9042198061943054,0.09403035789728165,0.470990389585495,0.9086438417434692,0.12002816796302795,0.4551038444042206,0.9259538054466248,0.14527450501918793,0.4370158612728119,0.9006202816963196,0.08517690747976303,0.4111085832118988,0.917374849319458,0.12762673199176788,0.4065839350223541,0.9322401285171509,0.15396690368652344,0.4071791172027588,0.9440448880195618,0.16996115446090698,0.4298052191734314,0.9300968050956726,0.07002127170562744,0.40484848618507385,0.9512374401092529,0.11633992940187454,0.4123989939689636,0.9647676944732666,0.14062920212745667,0.41917920112609863,0.9716890454292297,0.1536429077386856,0.4275204539299011,0.9632930159568787,0.05892668291926384,0.40460336208343506,0.9796122312545776,0.10074064880609512,0.41489550471305847,0.989338219165802,0.1223147064447403,0.4252679646015167,0.9927211999893188,0.1305617392063141,0.429325670003891,0.995804488658905,0.051844384521245956,0.4084931015968323,1.005797266960144,0.08656308054924011,0.4175357520580292,1.011637806892395,0.10701476782560349,0.42692187428474426,1.0144295692443848,0.1185346245765686,none
0.534578800201416,0.9777788519859314,-1.8694153425258264e-07,0.5204674601554871,0.9324184656143188,0.05590026453137398,0.49355238676071167,0.9027841687202454,0.08908188343048096,0.4709292948246002,0.9072238206863403,0.11438626050949097,0.4561653137207031,0.9268202185630798,0.13909359276294708,0.437896728515625,0.90003901720047,0.08116315305233002,0.4124220907688141,0.9158374667167664,0.1224416047334671,0.40859419107437134,0.9304014444351196,0.14766354858875275,0.410463809967041,0.9418560266494751,0.16275644302368164,0.4297226667404175,0.9297803044319153,0.06719469279050827,0.4058360159397125,0.9500738382339478,0.11270540207624435,0.41481563448905945,0.9631187319755554,0.13559678196907043,0.4232725501060486,0.9698500633239746,0.14738431572914124,0.42688578367233276,0.962933361530304,0.05712268874049187,0.40543583035469055,0.9781733751296997,0.09807911515235901,0.41693761944770813,0.9879212975502014,0.11804653704166412,0.42825591564178467,0.9917763471603394,0.12495753169059753,0.42875781655311584,0.9950169920921326,0.050819333642721176,0.40910130739212036,1.0052517652511597,0.08487361669540405,0.4196167588233948,1.0109789371490479,0.10435491055250168,0.42974990606307983,1.0143005847930908,0.11498305201530457,none
0.5349817276000977,0.9766315221786499,-2.0261919075892365e-07,0.5230239629745483,0.931131899356842,0.048388294875621796,0.49462687969207764,0.8999776840209961,0.0774463564157486,0.4681113064289093,0.904747486114502,0.09956373274326324,0.4536625146865845,0.9258951544761658,0.12112581729888916,0.4370909035205841,0.8992838859558105,0.07271981984376907,0.4108530580997467,0.9163703322410583,0.10853073745965958,0.411284863948822,0.9331692457199097,0.12835024297237396,0.417915016412735,0.9437295198440552,0.1395183652639389,0.4280532896518707,0.929789662361145,0.06040774658322334,0.40352094173431396,0.9512690901756287,0.10019385814666748,0.41623565554618835,0.9657503366470337,0.117095947265625,0.42829629778862,0.9711524248123169,0.12433358281850815,0.4252137541770935,0.9638033509254456,0.05158500745892525,0.4041987359523773,0.9807863831520081,0.08743584156036377,0.41843000054359436,0.9912912249565125,0.1018117144703865,0.4320448637008667,0.9945285320281982,0.10477761179208755,0.42809757590293884,0.99752277135849,0.046109408140182495,0.40866565704345703,1.0095001459121704,0.07758671045303345,0.4218822717666626,1.0150651931762695,0.0943642407655716,0.4340108036994934,1.0174434185028076,0.10250487923622131,none
0.5362886786460876,0.9788666367530823,-2.0308070247665455e-07,0.5239845514297485,0.9319324493408203,0.05011073127388954,0.49553748965263367,0.8998153209686279,0.08112353831529617,0.4696946144104004,0.9060700535774231,0.10519132763147354,0.45545509457588196,0.9275218844413757,0.12873035669326782,0.4373360872268677,0.8999994993209839,0.0769737958908081,0.41164281964302063,0.9151763916015625,0.11536021530628204,0.4115655720233917,0.9297105073928833,0.13645465672016144,0.4173792004585266,0.9390106797218323,0.14818762242794037,0.42843854427337646,0.9320822954177856,0.06469837576150894,0.4053405225276947,0.952117383480072,0.10704488307237625,0.4180300831794739,0.964728593826294,0.12420231103897095,0.43014541268348694,0.9692727327346802,0.13118058443069458,0.42553603649139404,0.9673969745635986,0.056019339710474014,0.4051564037799835,0.9816991090774536,0.09367996454238892,0.4192216992378235,0.9915939569473267,0.10792291909456253,0.4327872395515442,0.9949342012405396,0.1104549765586853,0.4283096492290497,1.001872181892395,0.05085929110646248,0.40887099504470825,1.0116792917251587,0.08315450698137283,0.4221397042274475,1.0171072483062744,0.0999353900551796,0.43411362171173096,1.020038366317749,0.10791797935962677,none
0.5365020632743835,0.9799994826316833,-1.9139066864681809e-07,0.522006630897522,0.9335381984710693,0.058699242770671844,0.4944929778575897,0.9034621119499207,0.09168297052383423,0.4706493020057678,0.9078590869903564,0.11638472974300385,0.45542001724243164,0.9272192120552063,0.1401830017566681,0.4375750720500946,0.9002513289451599,0.08117091655731201,0.41167449951171875,0.9154327511787415,0.12468338012695312,0.40948814153671265,0.9292784929275513,0.1510804146528244,0.41229116916656494,0.9389714002609253,0.16635623574256897,0.42921939492225647,0.9310386180877686,0.06606681644916534,0.40649789571762085,0.9524956941604614,0.11467736214399338,0.4176851212978363,0.9649043083190918,0.13791874051094055,0.42777878046035767,0.9691780209541321,0.14869262278079987,0.4263252913951874,0.9657866954803467,0.05562223121523857,0.40660470724105835,0.9811150431632996,0.10047947615385056,0.41968852281570435,0.9907832741737366,0.11965426802635193,0.4320718050003052,0.993684709072113,0.12425148487091064,0.4280405044555664,0.9994259476661682,0.04921233654022217,0.4097285866737366,1.0093438625335693,0.08675579726696014,0.4218140244483948,1.0145882368087769,0.10651525110006332,0.4332883656024933,1.0174437761306763,0.1161353662610054,none
0.5358551740646362,0.97883141040802,-1.9281202412457787e-07,0.5211401581764221,0.9328908920288086,0.06018801033496857,0.4944106340408325,0.9045370817184448,0.09372305870056152,0.4712802767753601,0.9083408117294312,0.11841753125190735,0.4558835029602051,0.9268205761909485,0.14219781756401062,0.4383814334869385,0.8992370963096619,0.08378294110298157,0.41242799162864685,0.9141085743904114,0.12695293128490448,0.4106796681880951,0.9272287487983704,0.15344378352165222,0.4137965142726898,0.9365713596343994,0.16908112168312073,0.42984700202941895,0.9288764595985413,0.0680873841047287,0.4063389301300049,0.9497553706169128,0.11575651913881302,0.4169936776161194,0.9623233675956726,0.1393020898103714,0.4262494742870331,0.9667089581489563,0.15089574456214905,0.4265468120574951,0.9623307585716248,0.056956712156534195,0.4058874249458313,0.9774391055107117,0.10107894241809845,0.4184519648551941,0.986889123916626,0.1209733784198761,0.4302697777748108,0.9897069931030273,0.12667231261730194,0.4276450276374817,0.9952089190483093,0.04996500909328461,0.40866079926490784,1.0050158500671387,0.0872194692492485,0.42014580965042114,1.0102932453155518,0.10742253065109253,0.431510329246521,1.012946605682373,0.11774992942810059,none
0.5372213125228882,0.9807553291320801,-1.9451127286629344e-07,0.5234652161598206,0.9346591830253601,0.061811938881874084,0.49603182077407837,0.9058286547660828,0.0965593159198761,0.47292080521583557,0.9083303809165955,0.12237232178449631,0.4572785198688507,0.9269307851791382,0.14755353331565857,0.4395579695701599,0.8994107246398926,0.08571963757276535,0.4140160083770752,0.9129790663719177,0.13069972395896912,0.4115632474422455,0.9257802963256836,0.15947575867176056,0.41413575410842896,0.935271680355072,0.17679528892040253,0.43040764331817627,0.9287958741188049,0.06967072933912277,0.40663155913352966,0.9491546154022217,0.1192900687456131,0.41723567247390747,0.962106466293335,0.14592522382736206,0.4262089133262634,0.9671713709831238,0.1600298285484314,0.4264073371887207,0.9624009728431702,0.05817640945315361,0.4052850008010864,0.9771602153778076,0.103789322078228,0.41806021332740784,0.9873093366622925,0.1265954226255417,0.4298572540283203,0.9909859299659729,0.13451063632965088,0.42751166224479675,0.9953940510749817,0.05081644654273987,0.40817150473594666,1.005887508392334,0.08900725841522217,0.4197866916656494,1.0116207599639893,0.11075931042432785,0.4308217465877533,1.0148048400878906,0.12249357253313065,none
0.5346445441246033,0.9771483540534973,-1.683210086866893e-07,0.5195510387420654,0.9329731464385986,0.06234253570437431,0.4942767322063446,0.9066847562789917,0.09606426954269409,0.4723934531211853,0.9078581929206848,0.12055795639753342,0.4553597867488861,0.9224817752838135,0.14427292346954346,0.4393422305583954,0.900775671005249,0.0846920982003212,0.4143812358379364,0.9146588444709778,0.12885262072086334,0.4105755686759949,0.9272956252098083,0.15783898532390594,0.4111950099468231,0.9374508261680603,0.1756298840045929,0.4305272698402405,0.9291548728942871,0.06833501905202866,0.40681666135787964,0.9488344788551331,0.1166076734662056,0.4161781072616577,0.9614132046699524,0.14437457919120789,0.42385169863700867,0.9676679968833923,0.1599753051996231,0.42680078744888306,0.9614275693893433,0.056493040174245834,0.40547454357147217,0.9761587977409363,0.1014445424079895,0.4174107015132904,0.9857680201530457,0.12552380561828613,0.4283613860607147,0.9895926713943481,0.1348552107810974,0.4273657500743866,0.9924957156181335,0.048804767429828644,0.40870317816734314,1.0026451349258423,0.08658265322446823,0.4188452959060669,1.008949637413025,0.10854295641183853,0.4289408326148987,1.0126091241836548,0.12073548883199692,none
0.5334135890007019,0.9764518141746521,-2.0488167251642153e-07,0.5209223031997681,0.9309259057044983,0.054203737527132034,0.4943690001964569,0.9012308120727539,0.08489780873060226,0.46912363171577454,0.9050428867340088,0.10833696275949478,0.45408686995506287,0.9246388077735901,0.1314084231853485,0.4373089373111725,0.8992284536361694,0.07237990200519562,0.41144606471061707,0.9168233275413513,0.11206432431936264,0.4123426675796509,0.9325647354125977,0.13777507841587067,0.4190034568309784,0.9431057572364807,0.15300175547599792,0.428331196308136,0.9291253685951233,0.05878147855401039,0.402723103761673,0.9506162405014038,0.10086507350206375,0.4154743254184723,0.9650712609291077,0.12377364188432693,0.42681145668029785,0.9712654948234558,0.13556937873363495,0.42470261454582214,0.9631575345993042,0.04966755956411362,0.40337231755256653,0.9803459048271179,0.08856882899999619,0.41765686869621277,0.9909543991088867,0.10802241414785385,0.4308622181415558,0.9943773150444031,0.11418672651052475,0.4268101155757904,0.996889591217041,0.04441453889012337,0.4079379439353943,1.008276343345642,0.07785788923501968,0.4210047125816345,1.0142953395843506,0.09689223766326904,0.4332631528377533,1.0169601440429688,0.10666877776384354,none
0.533926248550415,0.9769482016563416,-2.0040448589497828e-07,0.5197517275810242,0.9314197897911072,0.05532350391149521,0.49321842193603516,0.901944100856781,0.0872625783085823,0.4698752164840698,0.9072010517120361,0.11167474836111069,0.45505771040916443,0.9274285435676575,0.13530157506465912,0.4374302327632904,0.8999223709106445,0.07627785205841064,0.41157543659210205,0.915767252445221,0.1173647940158844,0.408505916595459,0.930191159248352,0.14296288788318634,0.4115181863307953,0.9412682056427002,0.1580643355846405,0.42902258038520813,0.9308309555053711,0.06267265975475311,0.4058645963668823,0.9514575600624084,0.10804224014282227,0.41734349727630615,0.9645123481750488,0.13082681596279144,0.427556574344635,0.9703568816184998,0.14188463985919952,0.42592257261276245,0.9650141000747681,0.053420182317495346,0.4051816761493683,0.9802937507629395,0.09477265924215317,0.4189761281013489,0.9897031188011169,0.11384251713752747,0.4318941831588745,0.993114709854126,0.11921977996826172,0.4273699223995209,0.9980488419532776,0.04806641861796379,0.4083133041858673,1.008451223373413,0.08220162987709045,0.4205131232738495,1.0141738653182983,0.10090459138154984,0.4317968785762787,1.0172855854034424,0.11033628135919571,none
0.5348508358001709,0.9763715267181396,-2.1659577953414555e-07,0.5205779671669006,0.9306613802909851,0.05664416402578354,0.493351548910141,0.9016456007957458,0.08934937417507172,0.4695011079311371,0.9075831770896912,0.11428633332252502,0.45492294430732727,0.9279642701148987,0.13841551542282104,0.4371985197067261,0.8995226621627808,0.07822633534669876,0.4105398952960968,0.9165986180305481,0.11900771409273148,0.40904587507247925,0.9315425157546997,0.14378415048122406,0.41372406482696533,0.9423032402992249,0.15829211473464966,0.4291462004184723,0.9303395748138428,0.06402193009853363,0.4048123061656952,0.9518817067146301,0.10895811766386032,0.4172583818435669,0.9649970531463623,0.13056223094463348,0.4285426735877991,0.9702694416046143,0.14060741662979126,0.4264598488807678,0.9649593830108643,0.054255999624729156,0.4055294096469879,0.9810526371002197,0.09541293233633041,0.4198385179042816,0.9908691644668579,0.11332216113805771,0.43335920572280884,0.993628203868866,0.11771012097597122,0.4286006987094879,0.9984645843505859,0.04855465516448021,0.4090232253074646,1.0089253187179565,0.08286349475383759,0.42192256450653076,1.0146706104278564,0.10120061784982681,0.43417373299598694,1.0171960592269897,0.1101367175579071,none
0.536026656627655,0.976587176322937,-2.0135624367867422e-07,0.5218681693077087,0.9303769469261169,0.048627618700265884,0.49303752183914185,0.899154543876648,0.07704625278711319,0.4672572612762451,0.9049774408340454,0.09886648505926132,0.4527473449707031,0.9267106056213379,0.11998432129621506,0.4361790716648102,0.9001754522323608,0.06840584427118301,0.40960270166397095,0.9173813462257385,0.10489939153194427,0.40845394134521484,0.9330592155456543,0.1257631480693817,0.41305309534072876,0.943741500377655,0.13731776177883148,0.4284442663192749,0.9321495890617371,0.055993083864450455,0.4048265218734741,0.9532427787780762,0.09685949236154556,0.41664835810661316,0.9665840268135071,0.11446570605039597,0.42795661091804504,0.9719775319099426,0.12139556556940079,0.42642199993133545,0.9674367904663086,0.04756154492497444,0.4046804904937744,0.9823625087738037,0.08450068533420563,0.41841423511505127,0.9921870231628418,0.09976126253604889,0.43181222677230835,0.995509147644043,0.10255775600671768,0.4293392300605774,1.00204336643219,0.042576972395181656,0.4088735282421112,1.0114318132400513,0.07406386733055115,0.4215027689933777,1.016733169555664,0.09113571792840958,0.4331653416156769,1.0192924737930298,0.09919972717761993,none
0.535575270652771,0.9774244427680969,-2.101456004766078e-07,0.5222519040107727,0.9303086400032043,0.050567515194416046,0.4944421648979187,0.8992292284965515,0.08213820308446884,0.47025907039642334,0.9059808254241943,0.10668572038412094,0.45661506056785583,0.9275406002998352,0.1305864304304123,0.4364749491214752,0.8999284505844116,0.07700559496879578,0.4095318615436554,0.9171165227890015,0.11443008482456207,0.4075075387954712,0.9325692653656006,0.13482575118541718,0.4113796353340149,0.9434958696365356,0.14625832438468933,0.42865851521492004,0.932246208190918,0.06460298597812653,0.40465617179870605,0.9544267654418945,0.1061999723315239,0.4156081974506378,0.9675551652908325,0.12270567566156387,0.42638713121414185,0.9729362726211548,0.12924805283546448,0.42672181129455566,0.967424750328064,0.055764567106962204,0.4049689769744873,0.9842820167541504,0.09273167699575424,0.4176620543003082,0.9937969446182251,0.10696837306022644,0.43055465817451477,0.9964463710784912,0.1097194030880928,0.42971980571746826,1.0016611814498901,0.0504874624311924,0.40958887338638306,1.0135841369628906,0.08169636875391006,0.42146027088165283,1.0187815427780151,0.09814941138029099,0.43275994062423706,1.020762324333191,0.106212317943573,none
0.536669135093689,0.9762168526649475,-1.9701782605352491e-07,0.521458089351654,0.9309312105178833,0.0565645806491375,0.4947982430458069,0.9013044834136963,0.0894245058298111,0.4720120131969452,0.9061970710754395,0.11448783427476883,0.45703136920928955,0.9251143336296082,0.13894523680210114,0.43819767236709595,0.8988703489303589,0.07968389987945557,0.41231298446655273,0.9148035645484924,0.12147621810436249,0.4085657596588135,0.9287105202674866,0.14705747365951538,0.40977880358695984,0.9392181634902954,0.1621568650007248,0.43073296546936035,0.9287293553352356,0.06551174074411392,0.4073870778083801,0.9496655464172363,0.11137152463197708,0.41576144099235535,0.9624048471450806,0.134046733379364,0.42371639609336853,0.9680858850479126,0.1452566534280777,0.42832323908805847,0.9620009064674377,0.05562606081366539,0.40753716230392456,0.9769869446754456,0.09732039272785187,0.41822630167007446,0.9866039752960205,0.1170758381485939,0.4289667010307312,0.9897494316101074,0.1234019473195076,0.42995166778564453,0.9939914345741272,0.0496487058699131,0.40976083278656006,1.0026801824569702,0.08458612114191055,0.41913479566574097,1.008302092552185,0.10434956103563309,0.4289552867412567,1.0110971927642822,0.11488345265388489,none
0.5353498458862305,0.9774983525276184,-1.7629220394610456e-07,0.5204321146011353,0.9323309063911438,0.060731757432222366,0.49339479207992554,0.9043467044830322,0.09428565949201584,0.4711356461048126,0.908892810344696,0.11921034008264542,0.45455533266067505,0.9263553023338318,0.1432972103357315,0.4379514753818512,0.8990631699562073,0.08161324262619019,0.41149088740348816,0.9149595499038696,0.12503206729888916,0.4064415991306305,0.9297305345535278,0.1532868891954422,0.40682995319366455,0.9417827725410461,0.17063398659229279,0.4299512505531311,0.9283873438835144,0.06597931683063507,0.40554338693618774,0.9502354264259338,0.11438990384340286,0.4141274392604828,0.9641084671020508,0.14115233719348907,0.4220164120197296,0.9709718823432922,0.15557603538036346,0.42689836025238037,0.9617656469345093,0.054921213537454605,0.40556037425994873,0.9791663885116577,0.09970887750387192,0.4176609218120575,0.9894380569458008,0.1222681850194931,0.42855510115623474,0.9927989840507507,0.13021941483020782,0.4278109669685364,0.9944491386413574,0.047997742891311646,0.40891510248184204,1.0047776699066162,0.08508642017841339,0.41976219415664673,1.010967493057251,0.10606896132230759,0.43044212460517883,1.0140341520309448,0.11744002252817154,none
0.5344581007957458,0.9789988398551941,-1.907147293422895e-07,0.5211775898933411,0.9336979985237122,0.059917256236076355,0.4951232671737671,0.9047957062721252,0.09435060620307922,0.47286877036094666,0.9085757732391357,0.12031786888837814,0.4569224417209625,0.9260616302490234,0.14567697048187256,0.43831682205200195,0.8992454409599304,0.08338146656751633,0.41272470355033875,0.9140902757644653,0.12693066895008087,0.40932202339172363,0.928129255771637,0.15461748838424683,0.41167742013931274,0.9392210245132446,0.1713816225528717,0.42965811491012573,0.9294453263282776,0.06818991154432297,0.40593549609184265,0.950273334980011,0.11646334081888199,0.4164903163909912,0.9635631442070007,0.14225679636001587,0.4259118139743805,0.9696184992790222,0.15579017996788025,0.42612725496292114,0.9633553624153137,0.05733269080519676,0.40547916293144226,0.9793186783790588,0.1016005426645279,0.41820189356803894,0.9896500706672668,0.12344234436750412,0.42961034178733826,0.993403434753418,0.13082857429981232,0.4271668791770935,0.9967196583747864,0.05051400139927864,0.4084872603416443,1.007267713546753,0.08726213872432709,0.4197489321231842,1.0132627487182617,0.10785944014787674,0.4301705062389374,1.0165901184082031,0.11884159594774246,none
0.5334480404853821,0.976958155632019,-1.6652714407427993e-07,0.5177401304244995,0.9319327473640442,0.06309416145086288,0.4931706190109253,0.9053658246994019,0.09720958024263382,0.47274601459503174,0.9081133604049683,0.12242800742387772,0.4556211829185486,0.922147274017334,0.14661040902137756,0.438462495803833,0.8995234370231628,0.08243981003761292,0.4137240946292877,0.9144735336303711,0.12811371684074402,0.41027283668518066,0.9273897409439087,0.15804272890090942,0.41074714064598083,0.9378788471221924,0.17626775801181793,0.43107837438583374,0.928080677986145,0.06652005016803741,0.4074675738811493,0.9482919573783875,0.11682163923978806,0.4160311818122864,0.9610933661460876,0.14473174512386322,0.42348557710647583,0.9673059582710266,0.15952925384044647,0.42840576171875,0.9611105918884277,0.05569261685013771,0.40755245089530945,0.9758553504943848,0.10253643244504929,0.4190066456794739,0.9849159717559814,0.1258074939250946,0.4293332099914551,0.988107442855835,0.1337154656648636,0.42895838618278503,0.9930989742279053,0.049285825341939926,0.4103754758834839,1.001200556755066,0.08781451731920242,0.41999542713165283,1.0062594413757324,0.1093115508556366,0.42947107553482056,1.0087944269180298,0.12068911641836166,none
0.5336235761642456,0.9773418307304382,-1.720239310998295e-07,0.5218255519866943,0.9305676817893982,0.05123315751552582,0.49454382061958313,0.9005159139633179,0.08280015736818314,0.4701487720012665,0.905381441116333,0.1070752739906311,0.45565328001976013,0.9249832034111023,0.1307946741580963,0.43715202808380127,0.8993391394615173,0.07844167947769165,0.41111403703689575,0.9166936874389648,0.11748480796813965,0.40865975618362427,0.9331660270690918,0.14024041593074799,0.412059485912323,0.9446213841438293,0.15360333025455475,0.42877620458602905,0.9288055300712585,0.06595378369092941,0.4041360914707184,0.9513145685195923,0.1095634251832962,0.41357341408729553,0.9657571911811829,0.1298316866159439,0.4230758249759674,0.9725373983383179,0.13959617912769318,0.4257248640060425,0.9622833728790283,0.05686843395233154,0.4051324427127838,0.9814020991325378,0.09583761543035507,0.41703444719314575,0.9920693039894104,0.11295648664236069,0.428565114736557,0.9956274628639221,0.11794555187225342,0.4277257025241852,0.9954758286476135,0.051139675080776215,0.40920794010162354,1.0090742111206055,0.08395141363143921,0.42080259323120117,1.0144658088684082,0.10152040421962738,0.4313375651836395,1.0168049335479736,0.11061163246631622,none
0.5333297252655029,0.9763338565826416,-1.6114090328755992e-07,0.5200132131576538,0.9300200343132019,0.053964391350746155,0.4938789904117584,0.9011445045471191,0.08616548031568527,0.47112759947776794,0.9056641459465027,0.11056866496801376,0.45667168498039246,0.9252004027366638,0.1344311535358429,0.4384344816207886,0.8991892337799072,0.08051701635122299,0.4137772023677826,0.913148820400238,0.12122797966003418,0.4106422960758209,0.9269081354141235,0.14625436067581177,0.4127179980278015,0.9379051327705383,0.16126768290996552,0.4296879768371582,0.9285570383071899,0.06724254786968231,0.4061824679374695,0.9475772380828857,0.11162789165973663,0.41413581371307373,0.9602068066596985,0.13397343456745148,0.42159798741340637,0.9664756059646606,0.1456749141216278,0.4264194369316101,0.9614564180374146,0.05764012411236763,0.40552228689193726,0.9766511917114258,0.0974058285355568,0.4155834913253784,0.986190676689148,0.11691005527973175,0.42584946751594543,0.9902222752571106,0.12395273894071579,0.4279228746891022,0.9938938617706299,0.051673512905836105,0.40830251574516296,1.0055063962936401,0.08524097502231598,0.4173218011856079,1.0112600326538086,0.10449077188968658,0.4264639616012573,1.014400839805603,0.11515022814273834,none
0.5328125953674316,0.9775327444076538,-1.8635235221609037e-07,0.5211772918701172,0.931200385093689,0.05049414187669754,0.4946966767311096,0.9004271030426025,0.08168623596429825,0.46988579630851746,0.9057382941246033,0.10554192215204239,0.45589038729667664,0.9262022376060486,0.12901705503463745,0.4379276633262634,0.8987078666687012,0.07910969108343124,0.41196295619010925,0.9141116738319397,0.11681163311004639,0.4108995199203491,0.9292688965797424,0.13821712136268616,0.4165195822715759,0.9392061829566956,0.15071260929107666,0.42889684438705444,0.9283146262168884,0.06661543995141983,0.4039921164512634,0.9491549730300903,0.10816086083650589,0.41472023725509644,0.9633334875106812,0.12677444517612457,0.4254952371120453,0.9689037799835205,0.13567858934402466,0.42533889412879944,0.96214759349823,0.05731906369328499,0.4042758047580719,0.9781506657600403,0.09435447305440903,0.416479229927063,0.9892545342445374,0.11056133359670639,0.4289350211620331,0.9932312965393066,0.11532726883888245,0.42746058106422424,0.9954127073287964,0.05138217657804489,0.408600389957428,1.0072795152664185,0.08322081714868546,0.4203921854496002,1.0130136013031006,0.10057291388511658,0.43121859431266785,1.015703558921814,0.1096339002251625,none
0.5345884561538696,0.9768596291542053,-1.7330879131804977e-07,0.5222432017326355,0.9303748607635498,0.04790778085589409,0.49403584003448486,0.8992099165916443,0.07747365534305573,0.4684429466724396,0.9043598771095276,0.10030287504196167,0.4544101059436798,0.925706148147583,0.12279175221920013,0.4372876286506653,0.8983429074287415,0.07380157709121704,0.41189026832580566,0.9142981171607971,0.11126042902469635,0.41062045097351074,0.9295878410339355,0.13290287554264069,0.41551458835601807,0.939699649810791,0.14531677961349487,0.42868372797966003,0.9291414022445679,0.06201698258519173,0.40422508120536804,0.949955940246582,0.1032203733921051,0.41414013504981995,0.9639712572097778,0.12178985029459,0.42423051595687866,0.9696447253227234,0.1304602473974228,0.4258931279182434,0.9637234210968018,0.05355039983987808,0.4045078158378601,0.9793374538421631,0.09030275046825409,0.4158723056316376,0.9902976155281067,0.10633397102355957,0.4276726245880127,0.99447101354599,0.11077456921339035,0.42905059456825256,0.9975190758705139,0.04827147349715233,0.4101267158985138,1.0095593929290771,0.08005082607269287,0.4211917519569397,1.0151498317718506,0.09739508479833603,0.4314132630825043,1.017770528793335,0.10632728785276413,none
0.5349799394607544,0.9789745807647705,-1.7819907327520923e-07,0.5226427316665649,0.932441771030426,0.05170867592096329,0.49509894847869873,0.9016745090484619,0.08319392055273056,0.4705095589160919,0.9068788290023804,0.10692847520112991,0.4563346207141876,0.9276972413063049,0.13012675940990448,0.43858158588409424,0.8993862867355347,0.08110924810171127,0.41308170557022095,0.9138150215148926,0.11977669596672058,0.41122615337371826,0.9286549687385559,0.1417715698480606,0.4159170985221863,0.9387215971946716,0.15457022190093994,0.4291485548019409,0.9296319484710693,0.06792345643043518,0.4050644636154175,0.9495483636856079,0.11085253208875656,0.415433794260025,0.9630004167556763,0.12999041378498077,0.42563700675964355,0.9683790802955627,0.13917680084705353,0.42560163140296936,0.963592529296875,0.05795315280556679,0.404855877161026,0.9788035154342651,0.0961400717496872,0.4168306589126587,0.9894534349441528,0.11247943341732025,0.4289396107196808,0.9935219287872314,0.11717753112316132,0.4276219606399536,0.9968878030776978,0.05139832943677902,0.40855175256729126,1.0086091756820679,0.08416485786437988,0.42004120349884033,1.0140362977981567,0.10184203088283539,0.4310539960861206,1.016960620880127,0.1110527291893959,none
0.5348442792892456,0.9803347587585449,-1.8948283297959279e-07,0.5224456787109375,0.9332136511802673,0.059961672872304916,0.49603649973869324,0.9046112298965454,0.09592603147029877,0.47301217913627625,0.9082066416740417,0.1227993294596672,0.4578944146633148,0.9264894723892212,0.14904357492923737,0.4388990104198456,0.9003357887268066,0.0914371907711029,0.4127618074417114,0.9161457419395447,0.13451524078845978,0.40998104214668274,0.931730329990387,0.16024021804332733,0.4127225875854492,0.9428763389587402,0.1756744235754013,0.42933911085128784,0.9297184348106384,0.07597457617521286,0.4043118953704834,0.9516372084617615,0.12327238917350769,0.41436946392059326,0.966428279876709,0.14674554765224457,0.4232977330684662,0.9725601673126221,0.1591692417860031,0.4254383444786072,0.9630916118621826,0.06412258744239807,0.4039357900619507,0.9806678295135498,0.10655390471220016,0.415687620639801,0.9925109148025513,0.12694594264030457,0.42712414264678955,0.9959324598312378,0.13425381481647491,0.4273632764816284,0.995853066444397,0.056171294301748276,0.40803399682044983,1.0081685781478882,0.09191621840000153,0.419023334980011,1.0147593021392822,0.11195044964551926,0.4298171103000641,1.017606496810913,0.12291660904884338,none
0.5308710336685181,0.9770641326904297,-1.6572251126945048e-07,0.5161423683166504,0.9315898418426514,0.05828571319580078,0.49133917689323425,0.9040243625640869,0.09129736572504044,0.470117449760437,0.908578097820282,0.11668846011161804,0.4537781774997711,0.9245008826255798,0.14139024913311005,0.4363866448402405,0.9002326726913452,0.0765015259385109,0.41162019968032837,0.9170359373092651,0.12195099890232086,0.41008710861206055,0.9304325580596924,0.15277200937271118,0.4131115674972534,0.940153956413269,0.1714331954717636,0.42906710505485535,0.9301400184631348,0.06263105571269989,0.40493571758270264,0.951833963394165,0.11099323630332947,0.4148719310760498,0.9649619460105896,0.13856786489486694,0.4237869679927826,0.9709964990615845,0.15342414379119873,0.4265173375606537,0.9641908407211304,0.053645238280296326,0.4051917791366577,0.9801791310310364,0.09827474504709244,0.4174172878265381,0.9895420074462891,0.12068464607000351,0.42827191948890686,0.9928666353225708,0.12834370136260986,0.42797616124153137,0.9967007637023926,0.04879293218255043,0.41020917892456055,1.0064668655395508,0.0852341502904892,0.42065122723579407,1.011525273323059,0.10527241975069046,0.4302503168582916,1.0138193368911743,0.11573629826307297,none
0.5309520363807678,0.9780030846595764,-1.7398348006736342e-07,0.5175716876983643,0.9328399300575256,0.061385687440633774,0.49270370602607727,0.9059532284736633,0.09616939723491669,0.4721164107322693,0.9110527038574219,0.12262076884508133,0.45668917894363403,0.9283751249313354,0.14822933077812195,0.43733495473861694,0.900536060333252,0.08205672353506088,0.4132838249206543,0.9156227111816406,0.12790651619434357,0.41182127594947815,0.9285369515419006,0.15853673219680786,0.4150867462158203,0.9382437467575073,0.1772485375404358,0.4289688467979431,0.9301984310150146,0.06721144914627075,0.4057248830795288,0.9499143362045288,0.11681240797042847,0.4159575402736664,0.9631032943725586,0.14471185207366943,0.4251483976840973,0.9695559144020081,0.15982209146022797,0.42579612135887146,0.964359700679779,0.05720868334174156,0.40543511509895325,0.9794089198112488,0.10280897468328476,0.4182429909706116,0.9891786575317383,0.12513552606105804,0.4296448230743408,0.9926263093948364,0.1327279508113861,0.4269033670425415,0.997351348400116,0.05157235637307167,0.40958359837532043,1.007312536239624,0.08892836421728134,0.4210338592529297,1.0127511024475098,0.10925488919019699,0.43155306577682495,1.015419363975525,0.11991004645824432,none
0.5288528203964233,0.973402202129364,-1.9400211215270247e-07,0.5159410238265991,0.9281274080276489,0.050890710204839706,0.49165767431259155,0.9003118872642517,0.08068739622831345,0.4681174159049988,0.905990719795227,0.10393355041742325,0.4536376893520355,0.925518810749054,0.12668253481388092,0.4350064694881439,0.8994752764701843,0.06878148019313812,0.410053014755249,0.9182935357093811,0.10693185031414032,0.4112911522388458,0.9337056279182434,0.13116489350795746,0.41767293214797974,0.9441922307014465,0.14540895819664001,0.42697852849960327,0.9297119379043579,0.05682201683521271,0.40231120586395264,0.9516271948814392,0.09664306789636612,0.41524285078048706,0.9656795859336853,0.11747143417596817,0.42708587646484375,0.9720342755317688,0.12795238196849823,0.42450541257858276,0.9639394283294678,0.049199216067790985,0.4035640358924866,0.9814544320106506,0.08556125313043594,0.41755783557891846,0.9911926984786987,0.10309385508298874,0.43085578083992004,0.994409441947937,0.10848211497068405,0.4269977807998657,0.997083306312561,0.04537319764494896,0.4087883234024048,1.0093632936477661,0.07593937963247299,0.42157649993896484,1.0149120092391968,0.09316278994083405,0.4332980811595917,1.0168265104293823,0.1020483747124672,none
0.5295417308807373,0.9749582409858704,-1.942394050047369e-07,0.519830048084259,0.9281302094459534,0.04499557986855507,0.49332118034362793,0.8972063064575195,0.07511992007493973,0.4686613380908966,0.9040499925613403,0.09939083456993103,0.4551440179347992,0.9245167970657349,0.12380482256412506,0.43583089113235474,0.8990607261657715,0.0724182277917862,0.409945547580719,0.916020929813385,0.10688161849975586,0.41170626878738403,0.9317677021026611,0.12621952593326569,0.4203207492828369,0.9416108131408691,0.13754203915596008,0.4273257255554199,0.9293408393859863,0.06263551861047745,0.40192073583602905,0.9490906596183777,0.09905670583248138,0.4132547676563263,0.9618653655052185,0.1150277704000473,0.4255262315273285,0.9677689671516418,0.12277678400278091,0.42462339997291565,0.963812530040741,0.055735886096954346,0.4030638337135315,0.9783830046653748,0.08722732216119766,0.41491565108299255,0.9885967969894409,0.10096991062164307,0.4278038442134857,0.9924067258834839,0.10535914450883865,0.42741623520851135,0.9968901872634888,0.05213092267513275,0.40713921189308167,1.0084583759307861,0.07992453873157501,0.4185280203819275,1.0142204761505127,0.0953599065542221,0.4293605387210846,1.0168763399124146,0.10366441309452057,none
0.5314081907272339,0.9773337841033936,-1.7943483499038848e-07,0.521277666091919,0.92906254529953,0.04167266562581062,0.4936158359050751,0.8960634469985962,0.07033291459083557,0.4675314724445343,0.903613805770874,0.093268483877182,0.4542295038700104,0.9260393381118774,0.11590716987848282,0.4367508292198181,0.8996390700340271,0.0728074461221695,0.41111430525779724,0.9167928695678711,0.10651762783527374,0.411610871553421,0.9337907433509827,0.12342693656682968,0.4187138080596924,0.9440714120864868,0.1326618790626526,0.427914023399353,0.9302887916564941,0.06366630643606186,0.40338724851608276,0.9508910775184631,0.09985380619764328,0.4147647023200989,0.9650154709815979,0.1123092770576477,0.42733463644981384,0.9708023071289062,0.11704510450363159,0.4252398610115051,0.9649962186813354,0.05700167268514633,0.4040513336658478,0.980423092842102,0.08788501471281052,0.4161173403263092,0.9916741251945496,0.09799158573150635,0.42956462502479553,0.9950916171073914,0.09949719160795212,0.42808783054351807,0.9984772801399231,0.0533461719751358,0.40812891721725464,1.0107847452163696,0.08096080273389816,0.41973522305488586,1.0165066719055176,0.09468025714159012,0.43055230379104614,1.01848566532135,0.10126711428165436,none
0.5314636826515198,0.9778687357902527,-1.841032428728795e-07,0.5213013887405396,0.9309412837028503,0.04154316708445549,0.49302661418914795,0.8983815908432007,0.06974976509809494,0.467117041349411,0.9051190614700317,0.09231466799974442,0.45357590913772583,0.9268657565116882,0.11462684720754623,0.4360857307910919,0.9003704190254211,0.06923970580101013,0.4099327325820923,0.916483998298645,0.1021626740694046,0.4099970757961273,0.9329436421394348,0.11946636438369751,0.41673800349235535,0.9436165690422058,0.12912911176681519,0.4270097017288208,0.9308198690414429,0.05970633774995804,0.4022902846336365,0.9506193995475769,0.09550470858812332,0.41319066286087036,0.9642013311386108,0.10912203788757324,0.4254547953605652,0.9706231355667114,0.11474864929914474,0.42413413524627686,0.9652300477027893,0.05278690159320831,0.4025201201438904,0.9803892374038696,0.08350802212953568,0.414626806974411,0.9907636046409607,0.09498900920152664,0.42750903964042664,0.9949916005134583,0.09742947667837143,0.4265950918197632,0.9990992546081543,0.04881899803876877,0.40591931343078613,1.0109944343566895,0.07546267658472061,0.4173054099082947,1.0167937278747559,0.08956024795770645,0.4278867244720459,1.0196871757507324,0.09671840071678162,none
0.5315566658973694,0.9766753315925598,-1.9568213360798836e-07,0.5186304450035095,0.9302220344543457,0.05079438164830208,0.492838978767395,0.8993806838989258,0.0814024806022644,0.4685201346874237,0.9052214622497559,0.10496246069669724,0.4543284475803375,0.9260384440422058,0.12789355218410492,0.4367183446884155,0.899592399597168,0.07518106698989868,0.41135793924331665,0.9175419807434082,0.11329150199890137,0.4103586673736572,0.9330042600631714,0.13556841015815735,0.41489192843437195,0.9433913826942444,0.1483798772096634,0.42851123213768005,0.9293522834777832,0.06269530951976776,0.4043886661529541,0.9512130618095398,0.10377831012010574,0.414898157119751,0.9646291136741638,0.12250062078237534,0.4251193702220917,0.9700148105621338,0.13110557198524475,0.4256804883480072,0.9627901911735535,0.05392276123166084,0.40451645851135254,0.9790312051773071,0.09059137105941772,0.4163379371166229,0.9890707731246948,0.10661295056343079,0.42864900827407837,0.992264449596405,0.1109292134642601,0.42755362391471863,0.9951939582824707,0.04876049607992172,0.408241331577301,1.0064826011657715,0.08007437735795975,0.41943278908729553,1.012082815170288,0.09715493768453598,0.43032047152519226,1.0144226551055908,0.10579841583967209,none
0.5310009121894836,0.9793651103973389,-1.9904467762899003e-07,0.5203121304512024,0.9316007494926453,0.04851173609495163,0.4935486614704132,0.9006860852241516,0.07906559109687805,0.46823087334632874,0.9066927433013916,0.10307569056749344,0.45436543226242065,0.9277510643005371,0.1267928183078766,0.4365559220314026,0.9000508189201355,0.07414647936820984,0.4111991226673126,0.917304277420044,0.11100469529628754,0.4126444160938263,0.9333596229553223,0.13239574432373047,0.4209110736846924,0.943142294883728,0.14491301774978638,0.4273125231266022,0.9312205910682678,0.06308098137378693,0.40248435735702515,0.9512524008750916,0.10285509377717972,0.4152158498764038,0.9656456112861633,0.12103398144245148,0.42766332626342773,0.9715540409088135,0.1297331154346466,0.42391327023506165,0.9665194749832153,0.055431757122278214,0.40296655893325806,0.9817017316818237,0.09047036617994308,0.41595783829689026,0.9926379919052124,0.10555651038885117,0.4294123947620392,0.9964098930358887,0.10982103645801544,0.42593809962272644,1.0011298656463623,0.051312822848558426,0.4058942198753357,1.0130246877670288,0.08175855875015259,0.41791921854019165,1.0189003944396973,0.09828474372625351,0.4293925166130066,1.0212913751602173,0.10680457949638367,none
0.5305436253547668,0.9781007170677185,-1.589083780118017e-07,0.5195585489273071,0.9296259880065918,0.04508169740438461,0.4931993782520294,0.8989359140396118,0.07282234728336334,0.46770980954170227,0.9035332798957825,0.09452197700738907,0.45320531725883484,0.9237923622131348,0.11600106209516525,0.43478620052337646,0.9010768532752991,0.06864120066165924,0.4109158515930176,0.9166325330734253,0.1050456240773201,0.4123225212097168,0.9302764534950256,0.12654460966587067,0.4190736711025238,0.9390616416931152,0.13893906772136688,0.4264387786388397,0.9317092895507812,0.058638960123062134,0.40309587121009827,0.9505285024642944,0.09768810868263245,0.4143809378147125,0.9626612067222595,0.11589422821998596,0.4254702925682068,0.9677085280418396,0.12447824329137802,0.4240008592605591,0.9663453698158264,0.052105166018009186,0.40362685918807983,0.9798817038536072,0.08719421178102493,0.41619211435317993,0.9884806275367737,0.10246745496988297,0.42900070548057556,0.9914557933807373,0.10662328451871872,0.427022784948349,0.9999957084655762,0.04877334460616112,0.4085902273654938,1.0094588994979858,0.07964670658111572,0.42050138115882874,1.013864278793335,0.0964147225022316,0.4317474663257599,1.0158274173736572,0.10490169376134872,none
0.5285885334014893,0.9757731556892395,-1.691163333816803e-07,0.5169895887374878,0.9292012453079224,0.04366891458630562,0.4910896420478821,0.8987112641334534,0.06991878151893616,0.46570685505867004,0.904930830001831,0.09009601175785065,0.4520028531551361,0.9257891774177551,0.109732985496521,0.4338911473751068,0.902259886264801,0.06602438539266586,0.40966591238975525,0.9183592200279236,0.10050607472658157,0.4120599627494812,0.9322981238365173,0.12044837325811386,0.42055749893188477,0.9406743049621582,0.1317301094532013,0.4252670407295227,0.9332539439201355,0.05568790063261986,0.40219372510910034,0.9527177810668945,0.09287888556718826,0.41486066579818726,0.9655108451843262,0.1089857816696167,0.42737090587615967,0.9702101349830627,0.1158822700381279,0.42257022857666016,0.9676260948181152,0.048710938543081284,0.4021015763282776,0.9819523096084595,0.08187687397003174,0.41517505049705505,0.9912377595901489,0.09521695226430893,0.428850382566452,0.9946866035461426,0.0979246199131012,0.4250042736530304,1.001170039176941,0.04492035508155823,0.4058695137500763,1.0124881267547607,0.0736861303448677,0.4174906611442566,1.017572283744812,0.08887676894664764,0.42865604162216187,1.0199413299560547,0.0961797833442688,none
0.5295829176902771,0.9753859639167786,-1.620182956685312e-07,0.5181924104690552,0.9281776547431946,0.04219501093029976,0.49098342657089233,0.896220862865448,0.06851796060800552,0.4658365845680237,0.9036107659339905,0.0889625996351242,0.45267391204833984,0.9247555136680603,0.10892591625452042,0.43250972032546997,0.9040790796279907,0.06647363305091858,0.4061838388442993,0.9202762246131897,0.09939990937709808,0.4067852795124054,0.9345318078994751,0.11701492220163345,0.4132610857486725,0.9429605603218079,0.12660427391529083,0.42565637826919556,0.9349059462547302,0.05622043088078499,0.4015004336833954,0.9555346369743347,0.0921519473195076,0.4119607210159302,0.9674636125564575,0.10566087067127228,0.4235127866268158,0.9711449146270752,0.11060775816440582,0.4246411621570587,0.9687439799308777,0.049000050872564316,0.40253570675849915,0.9830231666564941,0.08042111992835999,0.4138607680797577,0.9921705722808838,0.09186162054538727,0.426792711019516,0.9946160912513733,0.0936066061258316,0.42882299423217773,1.000817060470581,0.04483158513903618,0.4083147943019867,1.0117002725601196,0.07215435057878494,0.41904693841934204,1.0161131620407104,0.08622630685567856,0.4300844669342041,1.0176613330841064,0.09288990497589111,none
0.5315842628479004,0.9810985922813416,-1.4841184281522146e-07,0.5202181339263916,0.9304328560829163,0.028626028448343277,0.4900493323802948,0.8965747356414795,0.048977434635162354,0.4618212580680847,0.9055594801902771,0.06498148292303085,0.44922560453414917,0.9283170700073242,0.08055902272462845,0.43314018845558167,0.9062380194664001,0.05508939549326897,0.4061417877674103,0.9223326444625854,0.0805283784866333,0.40769845247268677,0.9362509250640869,0.09086452424526215,0.4150329530239105,0.9432573318481445,0.09548860043287277,0.4245799779891968,0.9387991428375244,0.04852474480867386,0.402050256729126,0.9592660665512085,0.0775284469127655,0.4114154279232025,0.9706485867500305,0.08259619772434235,0.42392128705978394,0.9736282229423523,0.08154008537530899,0.4231763184070587,0.9733313918113708,0.04382824897766113,0.4021606743335724,0.9881111979484558,0.06887884438037872,0.41259732842445374,0.9966565370559692,0.07287200540304184,0.426141619682312,0.9994783401489258,0.06998937577009201,0.42675402760505676,1.006404161453247,0.04112033173441887,0.4070495665073395,1.0168219804763794,0.0633017048239708,0.41670188307762146,1.0211306810379028,0.07276134192943573,0.42721760272979736,1.0228646993637085,0.07635501772165298,none
0.530794620513916,0.9802996516227722,-1.4163066452965722e-07,0.5192080736160278,0.9295333623886108,0.030921220779418945,0.49016839265823364,0.896299421787262,0.0521680973470211,0.4620196521282196,0.9032931327819824,0.06853250414133072,0.4490871727466583,0.9246184825897217,0.08435580879449844,0.4339071214199066,0.9051254391670227,0.058837685734033585,0.40737539529800415,0.9184433817863464,0.0853222981095314,0.4070096015930176,0.9312627911567688,0.0961194783449173,0.4123486876487732,0.9394165873527527,0.10096903890371323,0.4250059127807617,0.9368526935577393,0.05139697343111038,0.402963250875473,0.9551115036010742,0.08138111978769302,0.41190043091773987,0.965461790561676,0.08671785891056061,0.42393606901168823,0.9688842296600342,0.08584698289632797,0.4233034551143646,0.970809280872345,0.045930538326501846,0.4028412103652954,0.9838401675224304,0.07190973311662674,0.4128095805644989,0.991637110710144,0.07644201815128326,0.4263349771499634,0.994882345199585,0.07387248426675797,0.426791250705719,1.0030150413513184,0.042591642588377,0.40746796131134033,1.0128300189971924,0.0658501461148262,0.4169130027294159,1.0166864395141602,0.07594785839319229,0.42749547958374023,1.0187889337539673,0.07990235835313797,none
0.5311934351921082,0.9831786155700684,-1.5583063373014738e-07,0.5206419825553894,0.9321039319038391,0.032982926815748215,0.49101051688194275,0.8978010416030884,0.05599093809723854,0.46252796053886414,0.9056301116943359,0.07416409999132156,0.44901397824287415,0.9273655414581299,0.09188079088926315,0.4341045916080475,0.905559778213501,0.06128270551562309,0.4074401259422302,0.9218423366546631,0.09002944082021713,0.40911218523979187,0.9364333152770996,0.10256440192461014,0.4169818162918091,0.9439289569854736,0.10850529372692108,0.4250333309173584,0.9381833672523499,0.05385194346308708,0.40211161971092224,0.9589847922325134,0.08644495904445648,0.4126289486885071,0.9712647795677185,0.09390504658222198,0.4255138039588928,0.9742698073387146,0.09423967450857162,0.42274951934814453,0.9733937382698059,0.04850052669644356,0.4013955295085907,0.9882636070251465,0.076485276222229,0.41257762908935547,0.9978620409965515,0.08250025659799576,0.42635124921798706,1.0006295442581177,0.08056515455245972,0.42601460218429565,1.0067346096038818,0.045430928468704224,0.4060572683811188,1.0178734064102173,0.07042281329631805,0.41645777225494385,1.0226467847824097,0.08156611025333405,0.4269207715988159,1.0244133472442627,0.08596447110176086,none
0.5311919450759888,0.9820621013641357,-1.6473353525725543e-07,0.5198604464530945,0.9310443997383118,0.03261997178196907,0.49060192704200745,0.8965568542480469,0.05593564361333847,0.4625953733921051,0.9035104513168335,0.07493999600410461,0.44906413555145264,0.9248371720314026,0.09373220056295395,0.43281593918800354,0.9054051041603088,0.05984014272689819,0.40655818581581116,0.9214735627174377,0.08906979858875275,0.40964025259017944,0.9351834654808044,0.10199030488729477,0.418442040681839,0.9421502947807312,0.10826898366212845,0.4249558746814728,0.9380064606666565,0.05324172601103783,0.40210026502609253,0.9582125544548035,0.08582009375095367,0.4127426743507385,0.9692834615707397,0.09324321150779724,0.42605069279670715,0.9728959798812866,0.09362869709730148,0.42348209023475647,0.9734179377555847,0.04894587770104408,0.40197888016700745,0.9870047569274902,0.07691336423158646,0.4133524000644684,0.9952333569526672,0.08269762992858887,0.4273948073387146,0.9980258345603943,0.080738864839077,0.4267740249633789,1.006675124168396,0.04705489054322243,0.4065602719783783,1.016748070716858,0.07159539312124252,0.41751396656036377,1.0209912061691284,0.08246292918920517,0.4281850755214691,1.022567868232727,0.08684227615594864,none
0.5295305848121643,0.9786006808280945,-1.4133146919448336e-07,0.5185886025428772,0.9275159239768982,0.02277502417564392,0.4905119836330414,0.8938695192337036,0.03897368162870407,0.46156126260757446,0.9017808437347412,0.051406946033239365,0.4494525194168091,0.925371527671814,0.06342991441488266,0.43301138281822205,0.905301034450531,0.04655551165342331,0.40586942434310913,0.9214605093002319,0.06571419537067413,0.4094524681568146,0.935337245464325,0.07211048901081085,0.41879796981811523,0.9417566061019897,0.07467803359031677,0.42427900433540344,0.9376624226570129,0.041016511619091034,0.40238916873931885,0.9576809406280518,0.06343519687652588,0.4126369059085846,0.9685776233673096,0.06570222228765488,0.4258970320224762,0.9710322618484497,0.0636330097913742,0.4234451353549957,0.9720299243927002,0.0368506945669651,0.40306520462036133,0.9863967299461365,0.05570387467741966,0.4138542413711548,0.9940932393074036,0.057854216545820236,0.4280370771884918,0.9966662526130676,0.055078160017728806,0.42752060294151306,1.0049386024475098,0.03434406965970993,0.4082205891609192,1.0147104263305664,0.05180585756897926,0.41868776082992554,1.0184136629104614,0.0598471574485302,0.4300768971443176,1.0194153785705566,0.06331136077642441,none
0.5297343730926514,0.9796672463417053,-1.614408660088884e-07,0.5196828842163086,0.9291128516197205,0.023291507735848427,0.49085360765457153,0.8948150277137756,0.040738124400377274,0.4621228873729706,0.9032166004180908,0.05464864894747734,0.45036837458610535,0.9274970293045044,0.06826573610305786,0.43374103307724,0.9051432609558105,0.04764480143785477,0.40627315640449524,0.9218941330909729,0.06686017662286758,0.40814855694770813,0.9373918771743774,0.07337132841348648,0.4167523682117462,0.9453058838844299,0.07614251971244812,0.4245454967021942,0.9379010796546936,0.04246543347835541,0.40200862288475037,0.9595168232917786,0.06499176472425461,0.4127483367919922,0.9716327786445618,0.06767749786376953,0.4261404573917389,0.9746460914611816,0.06612222641706467,0.423369824886322,0.9729059934616089,0.038566991686820984,0.4020158648490906,0.9891873002052307,0.05715949088335037,0.41300344467163086,0.9979888796806335,0.05963310971856117,0.4274759292602539,1.0005357265472412,0.05737302452325821,0.4273085296154022,1.0062081813812256,0.03639969229698181,0.4071657657623291,1.018231987953186,0.05362239107489586,0.41741618514060974,1.0224933624267578,0.061692383140325546,0.428453266620636,1.0231820344924927,0.0653892308473587,none
0.5299801826477051,0.9789080023765564,-1.4278796811595384e-07,0.5197043418884277,0.9289725422859192,0.025928499177098274,0.49068504571914673,0.8941906690597534,0.04506324976682663,0.4623311758041382,0.9023188352584839,0.060350026935338974,0.4499465823173523,0.9257766604423523,0.07526491582393646,0.433757483959198,0.9052475690841675,0.05200949311256409,0.40633878111839294,0.9194090366363525,0.0748436450958252,0.4064503014087677,0.9337859749794006,0.08356105536222458,0.4130620062351227,0.9424346089363098,0.08742380887269974,0.42472705245018005,0.9372237324714661,0.04625897482037544,0.4022729694843292,0.9563886523246765,0.07232753932476044,0.411519318819046,0.9675889611244202,0.07619946449995041,0.4239104986190796,0.9717587828636169,0.07493136078119278,0.4234883189201355,0.9714567065238953,0.04208291694521904,0.4024393558502197,0.985339879989624,0.06388446688652039,0.41277366876602173,0.9933881759643555,0.06707841157913208,0.42635586857795715,0.9968648552894592,0.06457801908254623,0.4273291230201721,1.0038237571716309,0.03980649262666702,0.4070088863372803,1.014577031135559,0.05938899144530296,0.41687142848968506,1.0184284448623657,0.06816883385181427,0.42736947536468506,1.0201396942138672,0.07187014818191528,none
0.5307226777076721,0.9823281168937683,-1.581697119945602e-07,0.5201717615127563,0.9302378296852112,0.02861487679183483,0.491107702255249,0.8952351212501526,0.049273766577243805,0.46247777342796326,0.9033807516098022,0.0657658651471138,0.44974857568740845,0.9262771606445312,0.08184758573770523,0.43409889936447144,0.9057157039642334,0.05524863302707672,0.40646296739578247,0.9215293526649475,0.07978325337171555,0.4080542325973511,0.9354315400123596,0.08930426836013794,0.41597020626068115,0.9426166415214539,0.0935564786195755,0.4251123070716858,0.938849925994873,0.048995960503816605,0.40255188941955566,0.9586778283119202,0.07721740752458572,0.4130493402481079,0.9698064923286438,0.08158770203590393,0.42648574709892273,0.9726786613464355,0.08019684255123138,0.4234914183616638,0.9742099046707153,0.044563356786966324,0.4026786983013153,0.9878751039505005,0.06870156526565552,0.4137868583202362,0.9962029457092285,0.07225242257118225,0.42813727259635925,0.9988736510276794,0.06931424140930176,0.42698854207992554,1.0075558423995972,0.042199280112981796,0.40734732151031494,1.0168561935424805,0.06392887234687805,0.4180070757865906,1.0206780433654785,0.07325440645217896,0.4289785921573639,1.0219765901565552,0.07685570418834686,none
0.529646635055542,0.981239378452301,-1.6114071854644862e-07,0.519661009311676,0.9303315877914429,0.029306838288903236,0.4916127026081085,0.8957124352455139,0.04935292527079582,0.46327048540115356,0.9034656286239624,0.06481509655714035,0.4505572021007538,0.9258551001548767,0.07975763082504272,0.43375319242477417,0.9044405221939087,0.05505000799894333,0.4058772921562195,0.9213927388191223,0.07879973948001862,0.4088357985019684,0.9357332587242126,0.08786990493535995,0.417717307806015,0.9423924088478088,0.0918455645442009,0.4245792031288147,0.9365381002426147,0.04793541878461838,0.4010206460952759,0.9572542309761047,0.0751051977276802,0.41164132952690125,0.9692219495773315,0.07931957393884659,0.4248928725719452,0.9722996950149536,0.07793276011943817,0.42271310091018677,0.971321702003479,0.042711012065410614,0.4008254408836365,0.9865162968635559,0.06609443575143814,0.4119161069393158,0.9952641129493713,0.06996236741542816,0.4261086583137512,0.9979742169380188,0.06738202273845673,0.42598071694374084,1.0047831535339355,0.039622992277145386,0.40524744987487793,1.0164172649383545,0.06097782403230667,0.4154680669307709,1.020626187324524,0.07066269218921661,0.426466166973114,1.0220344066619873,0.0746258869767189,none
0.5299214720726013,0.9795708060264587,-1.5846394774143846e-07,0.5185620188713074,0.9300463199615479,0.03688201680779457,0.49093934893608093,0.8961502313613892,0.062034014612436295,0.46449607610702515,0.9033500552177429,0.08185150474309921,0.45160701870918274,0.9255765080451965,0.10116492956876755,0.43310287594795227,0.9039987921714783,0.06662284582853317,0.40755319595336914,0.9189192652702332,0.09733369946479797,0.407079815864563,0.932949960231781,0.11107814311981201,0.4125312864780426,0.942000687122345,0.11788808554410934,0.4250434339046478,0.9360370635986328,0.058269254863262177,0.40267810225486755,0.9558004140853882,0.09300857782363892,0.411914199590683,0.9675540328025818,0.10181611031293869,0.42342409491539,0.9719738364219666,0.10310126841068268,0.42324525117874146,0.9702387452125549,0.05222222954034805,0.40247365832328796,0.9849261045455933,0.08224212378263474,0.41286247968673706,0.9939380884170532,0.0898682102560997,0.4257581830024719,0.9970602989196777,0.08905687928199768,0.42659109830856323,1.0025993585586548,0.048712898045778275,0.4069811701774597,1.013551115989685,0.07492846250534058,0.41697582602500916,1.0181694030761719,0.08721504360437393,0.42703181505203247,1.0202971696853638,0.09260547906160355,none
0.5280562043190002,0.9777247309684753,-1.5969959576978e-07,0.5170525312423706,0.9282815456390381,0.03224605694413185,0.490094929933548,0.8956158757209778,0.053536556661129,0.4633162021636963,0.9028899669647217,0.07010038942098618,0.4506320655345917,0.9243773221969604,0.0861201211810112,0.4321664571762085,0.9048518538475037,0.05615703761577606,0.4061640501022339,0.9216513633728027,0.08282718807458878,0.40862178802490234,0.9349446892738342,0.09516040235757828,0.4168626368045807,0.9418904781341553,0.10131420195102692,0.4241809844970703,0.9362639784812927,0.04868405684828758,0.4013233482837677,0.9571207165718079,0.07861069589853287,0.41201308369636536,0.9689327478408813,0.08640176802873611,0.4245368540287018,0.9722831845283508,0.08746892958879471,0.42296257615089417,0.9698896408081055,0.043506186455488205,0.40118297934532166,0.9853925704956055,0.06926243752241135,0.4121112525463104,0.9941193461418152,0.07577463239431381,0.4257500171661377,0.996737539768219,0.07480432838201523,0.42694976925849915,1.0020427703857422,0.04070761799812317,0.40615302324295044,1.014227032661438,0.06327959150075912,0.41596826910972595,1.0186114311218262,0.07420653849840164,0.42674821615219116,1.0201133489608765,0.0790800005197525,none
0.5281845331192017,0.9767381548881531,-1.6020095472413232e-07,0.5184891819953918,0.9275287389755249,0.027287954464554787,0.4911386966705322,0.8936510682106018,0.04629793018102646,0.46366575360298157,0.9008995294570923,0.061305221170186996,0.4521786570549011,0.9243480563163757,0.07592355459928513,0.4333113133907318,0.9039834141731262,0.05091886594891548,0.4063764214515686,0.919739305973053,0.07340749353170395,0.40763580799102783,0.9342931509017944,0.08241204172372818,0.414840430021286,0.9421026110649109,0.0864543616771698,0.424442321062088,0.9351083040237427,0.04466387256979942,0.4018484055995941,0.9559468626976013,0.07029218971729279,0.41172894835472107,0.9681066870689392,0.07504328340291977,0.424121230840683,0.9715315103530884,0.07438818365335464,0.42343223094940186,0.9686283469200134,0.04021785780787468,0.40194380283355713,0.9847552180290222,0.06176511570811272,0.4123564064502716,0.9939157962799072,0.0660594180226326,0.4259839951992035,0.9967630505561829,0.06439582258462906,0.42803847789764404,1.000111699104309,0.03781386837363243,0.40732336044311523,1.013183355331421,0.057610124349594116,0.41702428460121155,1.0174856185913086,0.06718626618385315,0.4278605878353119,1.01860773563385,0.071485236287117,none
0.5279237627983093,0.9775606393814087,-1.685477712953798e-07,0.5170519351959229,0.9272667765617371,0.03397196903824806,0.489773690700531,0.8948408365249634,0.056904297322034836,0.46333205699920654,0.9029154181480408,0.07526639848947525,0.45123836398124695,0.9251379370689392,0.0932030901312828,0.4320053160190582,0.9048603773117065,0.05836503207683563,0.40607163310050964,0.9220575094223022,0.0869102030992508,0.4083144962787628,0.9354198575019836,0.10028187185525894,0.4162989556789398,0.9425641894340515,0.10692458599805832,0.4247073233127594,0.9371218681335449,0.051079653203487396,0.40229901671409607,0.9585692882537842,0.08314484357833862,0.4131937026977539,0.9697037935256958,0.09159713238477707,0.4257875680923462,0.9724766612052917,0.0926281288266182,0.42393046617507935,0.97160404920578,0.04628036171197891,0.40284332633018494,0.987051784992218,0.07390256971120834,0.41394513845443726,0.9953908324241638,0.08075181394815445,0.4276920557022095,0.9976422786712646,0.07951861619949341,0.42831146717071533,1.003597378730774,0.0440107136964798,0.408481627702713,1.01549232006073,0.0682431012392044,0.41906091570854187,1.0191736221313477,0.07954925298690796,0.42983299493789673,1.0202596187591553,0.08428868651390076,none
0.5263000130653381,0.9764044880867004,-1.312353816729228e-07,0.5165595412254333,0.9264891147613525,0.028716880828142166,0.48946142196655273,0.8936991095542908,0.04917892813682556,0.4627656936645508,0.9016504883766174,0.0657007247209549,0.4507025182247162,0.9241783022880554,0.08195749670267105,0.43221431970596313,0.9049028754234314,0.05404077097773552,0.4064446687698364,0.9193744659423828,0.07990412414073944,0.40599244832992554,0.9330703616142273,0.09171777963638306,0.4119657576084137,0.941962718963623,0.09764169156551361,0.4241412580013275,0.9364680647850037,0.048439960926771164,0.4014423191547394,0.9557399749755859,0.07739280164241791,0.4103976786136627,0.966947615146637,0.08485902845859528,0.4218097925186157,0.971095621585846,0.08609247207641602,0.42294934391975403,0.970366895198822,0.04474017024040222,0.40122708678245544,0.9843747615814209,0.06936584413051605,0.4108324348926544,0.9926002621650696,0.0757475271821022,0.4235195219516754,0.9959973692893982,0.07525623589754105,0.4271279573440552,1.0017642974853516,0.04313845559954643,0.40650245547294617,1.0131981372833252,0.06532943993806839,0.4154704213142395,1.016858458518982,0.076172836124897,0.42527905106544495,1.018601417541504,0.08121759444475174,none
0.5271235704421997,0.975308895111084,-1.4839152129297872e-07,0.5172370076179504,0.9262886643409729,0.02955646626651287,0.4898415505886078,0.8937923312187195,0.04986964166164398,0.46309196949005127,0.9016932845115662,0.06588993221521378,0.451669305562973,0.9244754314422607,0.08140100538730621,0.43325284123420715,0.9045949578285217,0.05415522679686546,0.4071120023727417,0.9193333983421326,0.07866234332323074,0.4070190191268921,0.9331402778625488,0.08911120891571045,0.41330862045288086,0.9414803385734558,0.0940779596567154,0.42487385869026184,0.9355876445770264,0.04755224287509918,0.4028353691101074,0.9555920958518982,0.07526829093694687,0.4123235046863556,0.9668171405792236,0.08124958723783493,0.42411282658576965,0.9701243042945862,0.08131353557109833,0.4238634705543518,0.9688489437103271,0.04290241003036499,0.40291666984558105,0.983835756778717,0.06648102402687073,0.41273313760757446,0.9922011494636536,0.07173009216785431,0.42575013637542725,0.9950264096260071,0.07040871679782867,0.42834728956222534,0.9997921586036682,0.04044804349541664,0.40776923298835754,1.0119881629943848,0.061962954699993134,0.4167182445526123,1.0158363580703735,0.07225143909454346,0.42682594060897827,1.017276406288147,0.07683148235082626,none
0.5263872146606445,0.9741154313087463,-1.4836824391295522e-07,0.5167720913887024,0.9246185421943665,0.026302378624677658,0.4894173741340637,0.8930625915527344,0.04469357430934906,0.4623829126358032,0.9014458060264587,0.059330012649297714,0.4510301649570465,0.924180805683136,0.07357862591743469,0.4325711727142334,0.9051554203033447,0.04902799800038338,0.40607750415802,0.9206197261810303,0.0708959624171257,0.4099767804145813,0.9331737756729126,0.07952579855918884,0.4198109209537506,0.9391911029815674,0.08349157124757767,0.4245741069316864,0.9370308518409729,0.0435316376388073,0.402253121137619,0.9565173387527466,0.0684356614947319,0.4135461449623108,0.966631293296814,0.07259286195039749,0.42695704102516174,0.9688159227371216,0.07158932834863663,0.42430582642555237,0.9709965586662292,0.039869390428066254,0.4031747281551361,0.985225260257721,0.0609586164355278,0.41443514823913574,0.9925552606582642,0.0643887147307396,0.42857593297958374,0.9946886897087097,0.06213529407978058,0.4292471706867218,1.0026452541351318,0.038309499621391296,0.40918397903442383,1.0138823986053467,0.05805917829275131,0.4196053445339203,1.0167676210403442,0.06709954887628555,0.43069952726364136,1.0174369812011719,0.0708802342414856,none
0.5295107960700989,0.9788526892662048,-1.4832170336376294e-07,0.5201574563980103,0.9277327060699463,0.022729404270648956,0.4901250898838043,0.893082857131958,0.04037522152066231,0.4621822237968445,0.9015443325042725,0.05497302860021591,0.45051106810569763,0.9257506132125854,0.06948360800743103,0.43272659182548523,0.9050880670547485,0.046923719346523285,0.4061990976333618,0.9208553433418274,0.06772097200155258,0.4095672070980072,0.9345653653144836,0.07566756755113602,0.4193349778652191,0.9411101341247559,0.07924243807792664,0.42425814270973206,0.9379155039787292,0.042498525232076645,0.40176957845687866,0.9572358727455139,0.06624264270067215,0.41313329339027405,0.9676106572151184,0.06998016685247421,0.42693600058555603,0.9704192280769348,0.0691085234284401,0.42378339171409607,0.9730362296104431,0.039416953921318054,0.4024965763092041,0.9867830872535706,0.05883026495575905,0.41420412063598633,0.9944034218788147,0.061648424714803696,0.4285053610801697,0.9970626831054688,0.05948733165860176,0.4286031424999237,1.0059194564819336,0.03808591514825821,0.40866023302078247,1.0161926746368408,0.05607929453253746,0.4197404086589813,1.0189838409423828,0.06422839313745499,0.4307509660720825,1.0195868015289307,0.06774422526359558,none
0.529188334941864,0.977810263633728,-1.575471202386325e-07,0.5186082124710083,0.9278862476348877,0.031552501022815704,0.49075183272361755,0.8948326706886292,0.05315424129366875,0.46363943815231323,0.9027439951896667,0.07028350979089737,0.45075729489326477,0.9246036410331726,0.08693496137857437,0.4332093298435211,0.9034405946731567,0.05689399316906929,0.4072365462779999,0.9184351563453674,0.08371426910161972,0.40816110372543335,0.9320825338363647,0.09558264911174774,0.4153238832950592,0.940439760684967,0.10137206315994263,0.4246017634868622,0.9359558820724487,0.05008001625537872,0.40283989906311035,0.9554157257080078,0.0803949385881424,0.4135088622570038,0.9662829637527466,0.08749489486217499,0.42628899216651917,0.9696528911590576,0.08801909536123276,0.4231973886489868,0.9707614779472351,0.045475445687770844,0.4027368426322937,0.9845504760742188,0.0715891569852829,0.4139549136161804,0.9924221634864807,0.07737918943166733,0.4278051555156708,0.9951199293136597,0.07582555711269379,0.42701005935668945,1.0032881498336792,0.04321204125881195,0.40743473172187805,1.014351487159729,0.06663165241479874,0.4181126058101654,1.0179774761199951,0.07754259556531906,0.4292735159397125,1.019188404083252,0.08221140503883362,none
0.5290606021881104,0.978873610496521,-1.5632420513611578e-07,0.519123375415802,0.9287357926368713,0.02891816757619381,0.4911957383155823,0.8947389125823975,0.04927912354469299,0.46348148584365845,0.9025629758834839,0.0653928816318512,0.45110023021698,0.925199031829834,0.0811128169298172,0.4346601366996765,0.9035056829452515,0.054465435445308685,0.4077191948890686,0.9182544350624084,0.07853136211633682,0.4096441864967346,0.9327890872955322,0.0885000079870224,0.4180593490600586,0.940488338470459,0.09321153908967972,0.42488542199134827,0.9354602694511414,0.047962676733732224,0.40172645449638367,0.9549654126167297,0.07468733191490173,0.41245633363723755,0.9672184586524963,0.0799182653427124,0.4258086681365967,0.9711454510688782,0.07979270815849304,0.4228268563747406,0.9702048897743225,0.04329163581132889,0.40169742703437805,0.9850705862045288,0.06593986600637436,0.4128711521625519,0.9941930174827576,0.07041571289300919,0.42699113488197327,0.9974584579467773,0.06881707906723022,0.42660242319107056,1.0030194520950317,0.04080313816666603,0.4065778851509094,1.0154149532318115,0.06192796304821968,0.4170752465724945,1.0196915864944458,0.07190937548875809,0.4283043444156647,1.0212030410766602,0.07635807245969772,none
0.5277983546257019,0.976097047328949,-1.3671970577888715e-07,0.5176445245742798,0.9261390566825867,0.031222805380821228,0.4906255602836609,0.8935627937316895,0.052898332476615906,0.46353879570961,0.900325357913971,0.06998956948518753,0.4507335424423218,0.9218195080757141,0.08678385615348816,0.43398821353912354,0.902439534664154,0.058237090706825256,0.4085336923599243,0.9173300862312317,0.08500424772500992,0.41041964292526245,0.9305636882781982,0.09685810655355453,0.41789552569389343,0.9380188584327698,0.1027054637670517,0.42528218030929565,0.9337323904037476,0.05149852856993675,0.40213918685913086,0.9519234895706177,0.08069071173667908,0.41209936141967773,0.9629894495010376,0.08790792524814606,0.4243931770324707,0.9671290516853333,0.08910830318927765,0.4236500561237335,0.9678783416748047,0.04678406938910484,0.40204310417175293,0.9810076355934143,0.07179826498031616,0.41260719299316406,0.9893088340759277,0.07825791090726852,0.42588159441947937,0.9926527142524719,0.07785369455814362,0.4276961088180542,1.0000615119934082,0.04434582591056824,0.40740513801574707,1.0102505683898926,0.06754562258720398,0.4174535274505615,1.0142123699188232,0.0790264829993248,0.4282211661338806,1.0161664485931396,0.0844193696975708,none
0.5286157131195068,0.977426290512085,-1.3258647868497064e-07,0.5188588500022888,0.9263533353805542,0.02438175678253174,0.49028751254081726,0.8936122059822083,0.04260062053799629,0.46223127841949463,0.9018262028694153,0.05721253156661987,0.4500538110733032,0.9244116544723511,0.071754589676857,0.4336034655570984,0.9056113362312317,0.050391726195812225,0.40612897276878357,0.9233406782150269,0.07223004102706909,0.41056182980537415,0.9366689920425415,0.0802944079041481,0.4210655093193054,0.9418437480926514,0.08376806974411011,0.42570415139198303,0.9383382201194763,0.04545897617936134,0.40209633111953735,0.9591333270072937,0.07016568630933762,0.41327980160713196,0.9697441458702087,0.07387339323759079,0.4268345236778259,0.9718623757362366,0.07269057631492615,0.4251166582107544,0.973366379737854,0.041921839118003845,0.40294501185417175,0.9878503084182739,0.06258238106966019,0.41401398181915283,0.9959993362426758,0.06608882546424866,0.4283197522163391,0.9981743097305298,0.06411717087030411,0.4303444027900696,1.0057860612869263,0.04013518989086151,0.4101010859012604,1.0166118144989014,0.05945112928748131,0.4205434322357178,1.020101547241211,0.06844322383403778,0.43131718039512634,1.0209249258041382,0.07237223535776138,none
0.5288583040237427,0.9777059555053711,-1.3902560169753997e-07,0.519402265548706,0.9271406531333923,0.025422733277082443,0.4905059337615967,0.8933713436126709,0.044478364288806915,0.46290096640586853,0.901777982711792,0.05986099690198898,0.45121222734451294,0.9250324964523315,0.07506339997053146,0.4333134889602661,0.9054911136627197,0.05130074918270111,0.4049248993396759,0.920171320438385,0.07318949699401855,0.4067082405090332,0.9342923760414124,0.08151643723249435,0.4151633381843567,0.9416628479957581,0.0853140726685524,0.4247927963733673,0.938027024269104,0.04602786526083946,0.400687575340271,0.956900417804718,0.07063771039247513,0.41097933053970337,0.9678345322608948,0.07447631657123566,0.4242377281188965,0.9709492325782776,0.07365657389163971,0.42406728863716125,0.9729664921760559,0.04219900071620941,0.40135443210601807,0.9860705733299255,0.06253296881914139,0.41198301315307617,0.9943428635597229,0.06588604301214218,0.42597654461860657,0.9972183704376221,0.06409326940774918,0.42885762453079224,1.0051310062408447,0.04032040759921074,0.4074818789958954,1.0157102346420288,0.05953826382756233,0.41746199131011963,1.0191822052001953,0.06851334869861603,0.4284323751926422,1.0201752185821533,0.07255373895168304,none
0.5313512086868286,0.9781585931777954,-1.4936232162199303e-07,0.5206146240234375,0.9278664588928223,0.024543028324842453,0.49100038409233093,0.8940302133560181,0.042763855308294296,0.46274998784065247,0.9028341770172119,0.057196807116270065,0.45076310634613037,0.9270182847976685,0.07138064503669739,0.4351408779621124,0.9028427600860596,0.05010608583688736,0.4073430001735687,0.9179286360740662,0.07055811583995819,0.4071587324142456,0.9335798621177673,0.07793604582548141,0.4137544333934784,0.9425808191299438,0.08112680912017822,0.4257858991622925,0.9355830550193787,0.04444334656000137,0.40158650279045105,0.9555376768112183,0.06762219965457916,0.411086767911911,0.9679304361343384,0.0710301473736763,0.4236648976802826,0.9721757769584656,0.0700986385345459,0.4246448278427124,0.9709200859069824,0.04007484018802643,0.4021484851837158,0.9866571426391602,0.05942641571164131,0.41242507100105286,0.9959933757781982,0.06273198127746582,0.4263634979724884,0.9990777373313904,0.06102653592824936,0.42926594614982605,1.0041418075561523,0.037459250539541245,0.40862327814102173,1.0163495540618896,0.05591849237680435,0.41833364963531494,1.0206140279769897,0.06473532319068909,0.42935433983802795,1.0215232372283936,0.06879324465990067,none
0.5301753282546997,0.9781428575515747,-1.2903622348403587e-07,0.5181581377983093,0.9266501665115356,0.026608122512698174,0.4890674352645874,0.8935476541519165,0.04601255804300308,0.4614133834838867,0.9017105102539062,0.06132722273468971,0.449082612991333,0.9247174263000488,0.0761708915233612,0.43303751945495605,0.9048544764518738,0.054319094866514206,0.4064176678657532,0.9197553396224976,0.07805941998958588,0.4067119061946869,0.9333526492118835,0.08656797558069229,0.4129105508327484,0.9416647553443909,0.09007322043180466,0.4250792860984802,0.9378578662872314,0.048419706523418427,0.40294894576072693,0.9571921229362488,0.07564644515514374,0.41204899549484253,0.9674866199493408,0.07902421057224274,0.42461249232292175,0.9711631536483765,0.0770891010761261,0.4244615137577057,0.9729232788085938,0.04411836341023445,0.4036826193332672,0.9867393374443054,0.06738132238388062,0.41401416063308716,0.9940258264541626,0.07041972130537033,0.42782169580459595,0.9967163801193237,0.06740832328796387,0.4290110766887665,1.005276083946228,0.04168383404612541,0.4091242253780365,1.0157588720321655,0.06263430416584015,0.41902318596839905,1.0191905498504639,0.07176797837018967,0.429667592048645,1.0204585790634155,0.07542627304792404,none
0.530351996421814,0.9781665205955505,-1.3654594965828437e-07,0.5189431309700012,0.9272758960723877,0.025698551908135414,0.48973512649536133,0.894109308719635,0.045085158199071884,0.4622211456298828,0.9029768705368042,0.0606391504406929,0.45014241337776184,0.9260109663009644,0.07588636130094528,0.433245986700058,0.9052445292472839,0.053407296538352966,0.40703117847442627,0.9201388955116272,0.0765390396118164,0.40657177567481995,0.9342309832572937,0.0848735123872757,0.41213226318359375,0.9430962204933167,0.08830349147319794,0.4248206913471222,0.9380288124084473,0.047807980328798294,0.4027514159679413,0.9583700895309448,0.07397535443305969,0.4114702045917511,0.969205379486084,0.07720425724983215,0.4235387146472931,0.9734506011009216,0.07550735771656036,0.42376697063446045,0.9727628827095032,0.0436696857213974,0.4029914140701294,0.9883149862289429,0.06584756076335907,0.4128126800060272,0.9962309002876282,0.06878969073295593,0.4260631203651428,0.9991875290870667,0.06613259762525558,0.42819759249687195,1.0044097900390625,0.04132622852921486,0.40830475091934204,1.016707420349121,0.061362408101558685,0.4174638092517853,1.0205336809158325,0.07011345028877258,0.42754441499710083,1.0219486951828003,0.0737878605723381,none
0.5300778150558472,0.9781583547592163,-1.2584958142269898e-07,0.5190919637680054,0.9274215698242188,0.029389671981334686,0.49008017778396606,0.894159197807312,0.05039827898144722,0.4630236029624939,0.9028233289718628,0.06723041832447052,0.4510839581489563,0.9254371523857117,0.08361706882715225,0.432783305644989,0.905773937702179,0.05635128542780876,0.40662071108818054,0.9191086292266846,0.08360396325588226,0.4063836634159088,0.931422233581543,0.09527735412120819,0.4121329188346863,0.9394586682319641,0.10074520856142044,0.4248083531856537,0.9382288455963135,0.0501750223338604,0.403659462928772,0.9559652805328369,0.08096688985824585,0.4125964641571045,0.9649606347084045,0.08699487149715424,0.4246063530445099,0.9683570265769958,0.08661849051713943,0.42417722940444946,0.9723537564277649,0.046047452837228775,0.4047521948814392,0.984737753868103,0.07261444628238678,0.41469094157218933,0.9908448457717896,0.07711788266897202,0.42772918939590454,0.9934844374656677,0.07456444203853607,0.4286867678165436,1.0039288997650146,0.04400332272052765,0.4098227322101593,1.0135340690612793,0.06760981678962708,0.4195641875267029,1.0161181688308716,0.07774288952350616,0.43013453483581543,1.0176681280136108,0.08173707127571106,none
0.5311143398284912,0.9799191951751709,-1.5201372605133656e-07,0.5197089314460754,0.9315453171730042,0.03761591762304306,0.49165940284729004,0.8993837237358093,0.061993516981601715,0.46462541818618774,0.9075635671615601,0.08067422360181808,0.4513672888278961,0.9285209774971008,0.0985526517033577,0.4346218407154083,0.9070664048194885,0.06529103219509125,0.4084851145744324,0.9234998226165771,0.09581894427537918,0.4099436104297638,0.9373795986175537,0.10942859947681427,0.4169146418571472,0.9450741410255432,0.11603077501058578,0.42641764879226685,0.9390978217124939,0.056057579815387726,0.4046328067779541,0.9592300057411194,0.09039153903722763,0.4151739478111267,0.9703718423843384,0.0986766368150711,0.42788994312286377,0.9734377861022949,0.09932072460651398,0.42461565136909485,0.9735662341117859,0.04939283803105354,0.4051647186279297,0.9873467087745667,0.0794786736369133,0.41661977767944336,0.9960067272186279,0.08616285026073456,0.43032389879226685,0.9986336827278137,0.0842166393995285,0.4276385009288788,1.0065168142318726,0.04538414627313614,0.4090612828731537,1.0166298151016235,0.07210569083690643,0.420118510723114,1.021195888519287,0.08410787582397461,0.43091002106666565,1.0231176614761353,0.08881306648254395,none
0.5300609469413757,0.9812315702438354,-1.365043686973877e-07,0.5191162824630737,0.9322152137756348,0.03740054741501808,0.49162888526916504,0.899491548538208,0.06205055117607117,0.4651302397251129,0.9070534110069275,0.08120110630989075,0.4517264664173126,0.9274104237556458,0.09957186132669449,0.434199720621109,0.9074727892875671,0.06548096984624863,0.4083385169506073,0.9218881130218506,0.09732385724782944,0.40726181864738464,0.9352898001670837,0.11216095834970474,0.4114168882369995,0.9442147016525269,0.1195152997970581,0.4259774088859558,0.9394838213920593,0.05669260770082474,0.40442419052124023,0.9586002230644226,0.09240294992923737,0.4133589267730713,0.9695255160331726,0.1016327440738678,0.42449286580085754,0.9735444784164429,0.10296209156513214,0.4240891635417938,0.9735703468322754,0.05052313208580017,0.4044591784477234,0.9867016077041626,0.08186805993318558,0.41506534814834595,0.9947347044944763,0.08930967003107071,0.4277302324771881,0.9976852536201477,0.08784983307123184,0.4268721342086792,1.006155252456665,0.046965472400188446,0.4084099233150482,1.0157524347305298,0.07437029480934143,0.4182853400707245,1.0199483633041382,0.08668332546949387,0.4281487762928009,1.022169589996338,0.09171232581138611,none
